stations_id,stations_name,Lat,Long,stations_time,stations_offset,stations_params_id,stations_params_key,stations_params_name,stations_params_localName,stations_params_unit,stations_params_localUnit,stations_params_value,stations_params_cr,stations_params_time,stations_params_offset,stations_params_level
767,Соборна 36,49.232859,28.470453,2023-02-21 06:45:00,0,33,SDS_P2,PM2.5,Пил 2.5 мкм,ug/m3,мкг/м³,0.20,1.0000000000,2023-02-21 06:45:00,0,1
767,Соборна 36,49.232859,28.470453,2023-02-21 06:45:00,0,34,SDS_P1,PM10,Пил 10 мкм,ug/m3,мкг/м³,0.46,1.0000000000,2023-02-21 06:45:00,0,1
767,Соборна 36,49.232859,28.470453,2023-02-21 06:45:00,0,23,BME280_temperature,Temperature,Температура,°C,°C,10.78,1.0000000000,2023-02-21 06:45:00,0,0
767,Соборна 36,49.232859,28.470453,2023-02-21 06:45:00,0,24,BME280_humidity,Humidity,Вологість,%,%,82.93,1.0000000000,2023-02-21 06:45:00,0,0
767,Соборна 36,49.232859,28.470453,2023-02-21 06:45:00,0,25,BME280_pressure,Pressure,Атмосферний тиск,Pa,мм.рт.ст.,96794.30,0.0075006168,2023-02-21 06:45:00,0,0
767,Соборна 36,49.232859,28.470453,2023-02-21 06:45:00,0,7,CO2,CO₂,CO₂,ppm,ppm,400.00,1.0000000000,2023-02-21 06:45:00,0,0
774,Станція замостя,49.245473,28.493727,2023-02-21 06:44:45,0,33,SDS_P2,PM2.5,Пил 2.5 мкм,ug/m3,мкг/м³,4.43,1.0000000000,2023-02-21 06:44:45,0,1
774,Станція замостя,49.245473,28.493727,2023-02-21 06:44:45,0,34,SDS_P1,PM10,Пил 10 мкм,ug/m3,мкг/м³,5.97,1.0000000000,2023-02-21 06:44:45,0,1
774,Станція замостя,49.245473,28.493727,2023-02-21 06:44:45,0,23,BME280_temperature,Temperature,Температура,°C,°C,5.02,1.0000000000,2023-02-21 06:44:45,0,0
774,Станція замостя,49.245473,28.493727,2023-02-21 06:44:45,0,24,BME280_humidity,Humidity,Вологість,%,%,100.00,1.0000000000,2023-02-21 06:44:45,0,0
774,Станція замостя,49.245473,28.493727,2023-02-21 06:44:45,0,25,BME280_pressure,Pressure,Атмосферний тиск,Pa,мм.рт.ст.,96791.11,0.0075006168,2023-02-21 06:44:45,0,0
774,Станція замостя,49.245473,28.493727,2023-02-21 06:44:45,0,7,CO2,CO₂,CO₂,ppm,ppm,400.00,1.0000000000,2023-02-21 06:44:45,0,0
790,станція Вишенька,49.227009,28.418998,2023-02-20 15:56:43,15,33,SDS_P2,PM2.5,Пил 2.5 мкм,ug/m3,мкг/м³,2.76,1.0000000000,2023-02-20 15:56:43,15,1
790,станція Вишенька,49.227009,28.418998,2023-02-20 15:56:43,15,34,SDS_P1,PM10,Пил 10 мкм,ug/m3,мкг/м³,8.58,1.0000000000,2023-02-20 15:56:43,15,1
790,станція Вишенька,49.227009,28.418998,2023-02-20 15:56:43,15,23,BME280_temperature,Temperature,Температура,°C,°C,4.19,1.0000000000,2023-02-20 15:56:43,15,0
790,станція Вишенька,49.227009,28.418998,2023-02-20 15:56:43,15,24,BME280_humidity,Humidity,Вологість,%,%,51.45,1.0000000000,2023-02-20 15:56:43,15,0
790,станція Вишенька,49.227009,28.418998,2023-02-20 15:56:43,15,25,BME280_pressure,Pressure,Атмосферний тиск,Pa,мм.рт.ст.,97976.64,0.0075006168,2023-02-20 15:56:43,15,0
790,станція Вишенька,49.227009,28.418998,2023-02-20 15:56:43,15,7,CO2,CO₂,CO₂,ppm,ppm,400.00,1.0000000000,2023-02-20 15:56:43,15,0
1434,Lun-129,49.230306,28.392620,2023-02-21 06:44:02,0,38,pm0,PM1.0,Пил 1.0 мкм,ug/m3,мкг/м³,1.73,1.0000000000,2023-02-21 06:44:01,0,1
1434,Lun-129,49.230306,28.392620,2023-02-21 06:44:02,0,5,pm25,PM2.5,Пил 2.5 мкм,ug/m3,мкг/м³,1.99,1.0000000000,2023-02-21 06:44:01,0,1
1434,Lun-129,49.230306,28.392620,2023-02-21 06:44:02,0,6,pm10,PM10,Пил 10 мкм,ug/m3,мкг/м³,1.99,1.0000000000,2023-02-21 06:44:01,0,1
1434,Lun-129,49.230306,28.392620,2023-02-21 06:44:02,0,1,temperature,Temperature,Температура,°C,°C,4.58,1.0000000000,2023-02-21 06:44:01,0,0
1434,Lun-129,49.230306,28.392620,2023-02-21 06:44:02,0,2,humidity,Humidity,Вологість,%,%,100,1.0000000000,2023-02-21 06:44:01,0,0
1434,Lun-129,49.230306,28.392620,2023-02-21 06:44:02,0,3,pressure,Pressure,Атмосферний тиск,hPa,мм.рт.ст.,969.67,0.7500615758,2023-02-21 06:44:01,0,0
1769,Lun-315,49.243687,28.496432,2023-02-21 06:44:02,0,38,pm0,PM1.0,Пил 1.0 мкм,ug/m3,мкг/м³,1.76,1.0000000000,2023-02-21 06:44:01,0,1
1769,Lun-315,49.243687,28.496432,2023-02-21 06:44:02,0,5,pm25,PM2.5,Пил 2.5 мкм,ug/m3,мкг/м³,3.16,1.0000000000,2023-02-21 06:44:01,0,1
1769,Lun-315,49.243687,28.496432,2023-02-21 06:44:02,0,6,pm10,PM10,Пил 10 мкм,ug/m3,мкг/м³,4.88,1.0000000000,2023-02-21 06:44:01,0,1
1769,Lun-315,49.243687,28.496432,2023-02-21 06:44:02,0,1,temperature,Temperature,Температура,°C,°C,6.37,1.0000000000,2023-02-21 06:44:01,0,0
1769,Lun-315,49.243687,28.496432,2023-02-21 06:44:02,0,2,humidity,Humidity,Вологість,%,%,85.97,1.0000000000,2023-02-21 06:44:01,0,0
767,Соборна 36,49.232859,28.470453,2023-02-21 06:59:22,1,33,SDS_P2,PM2.5,Пил 2.5 мкм,ug/m3,мкг/м³,0.21,1.0000000000,2023-02-21 06:59:22,1,1
767,Соборна 36,49.232859,28.470453,2023-02-21 06:59:22,1,34,SDS_P1,PM10,Пил 10 мкм,ug/m3,мкг/м³,0.67,1.0000000000,2023-02-21 06:59:22,1,1
767,Соборна 36,49.232859,28.470453,2023-02-21 06:59:22,1,23,BME280_temperature,Temperature,Температура,°C,°C,10.28,1.0000000000,2023-02-21 06:59:22,1,0
767,Соборна 36,49.232859,28.470453,2023-02-21 06:59:22,1,24,BME280_humidity,Humidity,Вологість,%,%,85.70,1.0000000000,2023-02-21 06:59:22,1,0
767,Соборна 36,49.232859,28.470453,2023-02-21 06:59:22,1,25,BME280_pressure,Pressure,Атмосферний тиск,Pa,мм.рт.ст.,96820.00,0.0075006168,2023-02-21 06:59:22,1,0
767,Соборна 36,49.232859,28.470453,2023-02-21 06:59:22,1,7,CO2,CO₂,CO₂,ppm,ppm,400.00,1.0000000000,2023-02-21 06:59:22,1,0
774,Станція замостя,49.245473,28.493727,2023-02-21 06:59:07,1,33,SDS_P2,PM2.5,Пил 2.5 мкм,ug/m3,мкг/м³,2.83,1.0000000000,2023-02-21 06:59:07,1,1
774,Станція замостя,49.245473,28.493727,2023-02-21 06:59:07,1,34,SDS_P1,PM10,Пил 10 мкм,ug/m3,мкг/м³,5.59,1.0000000000,2023-02-21 06:59:07,1,1
774,Станція замостя,49.245473,28.493727,2023-02-21 06:59:07,1,23,BME280_temperature,Temperature,Температура,°C,°C,4.55,1.0000000000,2023-02-21 06:59:07,1,0
774,Станція замостя,49.245473,28.493727,2023-02-21 06:59:07,1,24,BME280_humidity,Humidity,Вологість,%,%,100.00,1.0000000000,2023-02-21 06:59:07,1,0
774,Станція замостя,49.245473,28.493727,2023-02-21 06:59:07,1,25,BME280_pressure,Pressure,Атмосферний тиск,Pa,мм.рт.ст.,96825.89,0.0075006168,2023-02-21 06:59:07,1,0
774,Станція замостя,49.245473,28.493727,2023-02-21 06:59:07,1,7,CO2,CO₂,CO₂,ppm,ppm,400.00,1.0000000000,2023-02-21 06:59:07,1,0
790,станція Вишенька,49.227009,28.418998,2023-02-20 15:56:43,16,33,SDS_P2,PM2.5,Пил 2.5 мкм,ug/m3,мкг/м³,2.76,1.0000000000,2023-02-20 15:56:43,16,1
790,станція Вишенька,49.227009,28.418998,2023-02-20 15:56:43,16,34,SDS_P1,PM10,Пил 10 мкм,ug/m3,мкг/м³,8.58,1.0000000000,2023-02-20 15:56:43,16,1
790,станція Вишенька,49.227009,28.418998,2023-02-20 15:56:43,16,23,BME280_temperature,Temperature,Температура,°C,°C,4.19,1.0000000000,2023-02-20 15:56:43,16,0
790,станція Вишенька,49.227009,28.418998,2023-02-20 15:56:43,16,24,BME280_humidity,Humidity,Вологість,%,%,51.45,1.0000000000,2023-02-20 15:56:43,16,0
790,станція Вишенька,49.227009,28.418998,2023-02-20 15:56:43,16,25,BME280_pressure,Pressure,Атмосферний тиск,Pa,мм.рт.ст.,97976.64,0.0075006168,2023-02-20 15:56:43,16,0
790,станція Вишенька,49.227009,28.418998,2023-02-20 15:56:43,16,7,CO2,CO₂,CO₂,ppm,ppm,400.00,1.0000000000,2023-02-20 15:56:43,16,0
1434,Lun-129,49.230306,28.392620,2023-02-21 07:00:02,0,38,pm0,PM1.0,Пил 1.0 мкм,ug/m3,мкг/м³,2.1,1.0000000000,2023-02-21 07:00:02,0,1
1434,Lun-129,49.230306,28.392620,2023-02-21 07:00:02,0,5,pm25,PM2.5,Пил 2.5 мкм,ug/m3,мкг/м³,2.66,1.0000000000,2023-02-21 07:00:02,0,1
1434,Lun-129,49.230306,28.392620,2023-02-21 07:00:02,0,6,pm10,PM10,Пил 10 мкм,ug/m3,мкг/м³,2.66,1.0000000000,2023-02-21 07:00:02,0,1
1434,Lun-129,49.230306,28.392620,2023-02-21 07:00:02,0,1,temperature,Temperature,Температура,°C,°C,4.64,1.0000000000,2023-02-21 07:00:02,0,0
1434,Lun-129,49.230306,28.392620,2023-02-21 07:00:02,0,2,humidity,Humidity,Вологість,%,%,100,1.0000000000,2023-02-21 07:00:02,0,0
1434,Lun-129,49.230306,28.392620,2023-02-21 07:00:02,0,3,pressure,Pressure,Атмосферний тиск,hPa,мм.рт.ст.,970.37,0.7500615758,2023-02-21 07:00:02,0,0
1769,Lun-315,49.243687,28.496432,2023-02-21 07:00:02,0,38,pm0,PM1.0,Пил 1.0 мкм,ug/m3,мкг/м³,2.17,1.0000000000,2023-02-21 07:00:02,0,1
1769,Lun-315,49.243687,28.496432,2023-02-21 07:00:02,0,5,pm25,PM2.5,Пил 2.5 мкм,ug/m3,мкг/м³,3.57,1.0000000000,2023-02-21 07:00:02,0,1
1769,Lun-315,49.243687,28.496432,2023-02-21 07:00:02,0,6,pm10,PM10,Пил 10 мкм,ug/m3,мкг/м³,5.45,1.0000000000,2023-02-21 07:00:02,0,1
1769,Lun-315,49.243687,28.496432,2023-02-21 07:00:02,0,1,temperature,Temperature,Температура,°C,°C,6.02,1.0000000000,2023-02-21 07:00:02,0,0
1769,Lun-315,49.243687,28.496432,2023-02-21 07:00:02,0,2,humidity,Humidity,Вологість,%,%,85.26,1.0000000000,2023-02-21 07:00:02,0,0
767,Соборна 36,49.232859,28.470453,2023-02-21 07:14:45,0,33,SDS_P2,PM2.5,Пил 2.5 мкм,ug/m3,мкг/м³,0.20,1.0000000000,2023-02-21 07:14:45,0,1
767,Соборна 36,49.232859,28.470453,2023-02-21 07:14:45,0,34,SDS_P1,PM10,Пил 10 мкм,ug/m3,мкг/м³,0.64,1.0000000000,2023-02-21 07:14:45,0,1
767,Соборна 36,49.232859,28.470453,2023-02-21 07:14:45,0,23,BME280_temperature,Temperature,Температура,°C,°C,10.07,1.0000000000,2023-02-21 07:14:45,0,0
767,Соборна 36,49.232859,28.470453,2023-02-21 07:14:45,0,24,BME280_humidity,Humidity,Вологість,%,%,89.48,1.0000000000,2023-02-21 07:14:45,0,0
767,Соборна 36,49.232859,28.470453,2023-02-21 07:14:45,0,25,BME280_pressure,Pressure,Атмосферний тиск,Pa,мм.рт.ст.,96822.33,0.0075006168,2023-02-21 07:14:45,0,0
767,Соборна 36,49.232859,28.470453,2023-02-21 07:14:45,0,7,CO2,CO₂,CO₂,ppm,ppm,400.00,1.0000000000,2023-02-21 07:14:45,0,0
774,Станція замостя,49.245473,28.493727,2023-02-21 07:14:30,0,33,SDS_P2,PM2.5,Пил 2.5 мкм,ug/m3,мкг/м³,1.69,1.0000000000,2023-02-21 07:14:30,0,1
774,Станція замостя,49.245473,28.493727,2023-02-21 07:14:30,0,34,SDS_P1,PM10,Пил 10 мкм,ug/m3,мкг/м³,2.94,1.0000000000,2023-02-21 07:14:30,0,1
774,Станція замостя,49.245473,28.493727,2023-02-21 07:14:30,0,23,BME280_temperature,Temperature,Температура,°C,°C,4.12,1.0000000000,2023-02-21 07:14:30,0,0
774,Станція замостя,49.245473,28.493727,2023-02-21 07:14:30,0,24,BME280_humidity,Humidity,Вологість,%,%,100.00,1.0000000000,2023-02-21 07:14:30,0,0
774,Станція замостя,49.245473,28.493727,2023-02-21 07:14:30,0,25,BME280_pressure,Pressure,Атмосферний тиск,Pa,мм.рт.ст.,96829.75,0.0075006168,2023-02-21 07:14:30,0,0
774,Станція замостя,49.245473,28.493727,2023-02-21 07:14:30,0,7,CO2,CO₂,CO₂,ppm,ppm,400.00,1.0000000000,2023-02-21 07:14:30,0,0
790,станція Вишенька,49.227009,28.418998,2023-02-20 15:56:43,16,33,SDS_P2,PM2.5,Пил 2.5 мкм,ug/m3,мкг/м³,2.76,1.0000000000,2023-02-20 15:56:43,16,1
790,станція Вишенька,49.227009,28.418998,2023-02-20 15:56:43,16,34,SDS_P1,PM10,Пил 10 мкм,ug/m3,мкг/м³,8.58,1.0000000000,2023-02-20 15:56:43,16,1
790,станція Вишенька,49.227009,28.418998,2023-02-20 15:56:43,16,23,BME280_temperature,Temperature,Температура,°C,°C,4.19,1.0000000000,2023-02-20 15:56:43,16,0
790,станція Вишенька,49.227009,28.418998,2023-02-20 15:56:43,16,24,BME280_humidity,Humidity,Вологість,%,%,51.45,1.0000000000,2023-02-20 15:56:43,16,0
790,станція Вишенька,49.227009,28.418998,2023-02-20 15:56:43,16,25,BME280_pressure,Pressure,Атмосферний тиск,Pa,мм.рт.ст.,97976.64,0.0075006168,2023-02-20 15:56:43,16,0
790,станція Вишенька,49.227009,28.418998,2023-02-20 15:56:43,16,7,CO2,CO₂,CO₂,ppm,ppm,400.00,1.0000000000,2023-02-20 15:56:43,16,0
1434,Lun-129,49.230306,28.392620,2023-02-21 07:14:01,0,38,pm0,PM1.0,Пил 1.0 мкм,ug/m3,мкг/м³,2.56,1.0000000000,2023-02-21 07:14:01,0,1
1434,Lun-129,49.230306,28.392620,2023-02-21 07:14:01,0,5,pm25,PM2.5,Пил 2.5 мкм,ug/m3,мкг/м³,2.98,1.0000000000,2023-02-21 07:14:01,0,1
1434,Lun-129,49.230306,28.392620,2023-02-21 07:14:01,0,6,pm10,PM10,Пил 10 мкм,ug/m3,мкг/м³,2.98,1.0000000000,2023-02-21 07:14:01,0,1
1434,Lun-129,49.230306,28.392620,2023-02-21 07:14:01,0,1,temperature,Temperature,Температура,°C,°C,4.61,1.0000000000,2023-02-21 07:14:01,0,0
1434,Lun-129,49.230306,28.392620,2023-02-21 07:14:01,0,2,humidity,Humidity,Вологість,%,%,100,1.0000000000,2023-02-21 07:14:01,0,0
1434,Lun-129,49.230306,28.392620,2023-02-21 07:14:01,0,3,pressure,Pressure,Атмосферний тиск,hPa,мм.рт.ст.,970.62,0.7500615758,2023-02-21 07:14:01,0,0
1769,Lun-315,49.243687,28.496432,2023-02-21 07:14:01,0,38,pm0,PM1.0,Пил 1.0 мкм,ug/m3,мкг/м³,1.67,1.0000000000,2023-02-21 07:14:01,0,1
1769,Lun-315,49.243687,28.496432,2023-02-21 07:14:01,0,5,pm25,PM2.5,Пил 2.5 мкм,ug/m3,мкг/м³,3.12,1.0000000000,2023-02-21 07:14:01,0,1
1769,Lun-315,49.243687,28.496432,2023-02-21 07:14:01,0,6,pm10,PM10,Пил 10 мкм,ug/m3,мкг/м³,5.3,1.0000000000,2023-02-21 07:14:01,0,1
1769,Lun-315,49.243687,28.496432,2023-02-21 07:14:01,0,1,temperature,Temperature,Температура,°C,°C,5.72,1.0000000000,2023-02-21 07:14:01,0,0
1769,Lun-315,49.243687,28.496432,2023-02-21 07:14:01,0,2,humidity,Humidity,Вологість,%,%,85.12,1.0000000000,2023-02-21 07:14:01,0,0
767,Соборна 36,49.232859,28.470453,2023-02-21 07:29:06,0,33,SDS_P2,PM2.5,Пил 2.5 мкм,ug/m3,мкг/м³,0.10,1.0000000000,2023-02-21 07:29:06,0,1
767,Соборна 36,49.232859,28.470453,2023-02-21 07:29:06,0,34,SDS_P1,PM10,Пил 10 мкм,ug/m3,мкг/м³,0.20,1.0000000000,2023-02-21 07:29:06,0,1
767,Соборна 36,49.232859,28.470453,2023-02-21 07:29:06,0,23,BME280_temperature,Temperature,Температура,°C,°C,10.02,1.0000000000,2023-02-21 07:29:06,0,0
767,Соборна 36,49.232859,28.470453,2023-02-21 07:29:06,0,24,BME280_humidity,Humidity,Вологість,%,%,90.57,1.0000000000,2023-02-21 07:29:06,0,0
767,Соборна 36,49.232859,28.470453,2023-02-21 07:29:06,0,25,BME280_pressure,Pressure,Атмосферний тиск,Pa,мм.рт.ст.,96846.66,0.0075006168,2023-02-21 07:29:06,0,0
767,Соборна 36,49.232859,28.470453,2023-02-21 07:29:06,0,7,CO2,CO₂,CO₂,ppm,ppm,400.00,1.0000000000,2023-02-21 07:29:06,0,0
774,Станція замостя,49.245473,28.493727,2023-02-21 07:29:53,0,33,SDS_P2,PM2.5,Пил 2.5 мкм,ug/m3,мкг/м³,1.29,1.0000000000,2023-02-21 07:29:53,0,1
774,Станція замостя,49.245473,28.493727,2023-02-21 07:29:53,0,34,SDS_P1,PM10,Пил 10 мкм,ug/m3,мкг/м³,3.07,1.0000000000,2023-02-21 07:29:53,0,1
774,Станція замостя,49.245473,28.493727,2023-02-21 07:29:53,0,23,BME280_temperature,Temperature,Температура,°C,°C,4.01,1.0000000000,2023-02-21 07:29:53,0,0
774,Станція замостя,49.245473,28.493727,2023-02-21 07:29:53,0,24,BME280_humidity,Humidity,Вологість,%,%,100.00,1.0000000000,2023-02-21 07:29:53,0,0
774,Станція замостя,49.245473,28.493727,2023-02-21 07:29:53,0,25,BME280_pressure,Pressure,Атмосферний тиск,Pa,мм.рт.ст.,96859.56,0.0075006168,2023-02-21 07:29:53,0,0
774,Станція замостя,49.245473,28.493727,2023-02-21 07:29:53,0,7,CO2,CO₂,CO₂,ppm,ppm,400.00,1.0000000000,2023-02-21 07:29:53,0,0
790,станція Вишенька,49.227009,28.418998,2023-02-20 15:56:43,16,33,SDS_P2,PM2.5,Пил 2.5 мкм,ug/m3,мкг/м³,2.76,1.0000000000,2023-02-20 15:56:43,16,1
790,станція Вишенька,49.227009,28.418998,2023-02-20 15:56:43,16,34,SDS_P1,PM10,Пил 10 мкм,ug/m3,мкг/м³,8.58,1.0000000000,2023-02-20 15:56:43,16,1
790,станція Вишенька,49.227009,28.418998,2023-02-20 15:56:43,16,23,BME280_temperature,Temperature,Температура,°C,°C,4.19,1.0000000000,2023-02-20 15:56:43,16,0
790,станція Вишенька,49.227009,28.418998,2023-02-20 15:56:43,16,24,BME280_humidity,Humidity,Вологість,%,%,51.45,1.0000000000,2023-02-20 15:56:43,16,0
790,станція Вишенька,49.227009,28.418998,2023-02-20 15:56:43,16,25,BME280_pressure,Pressure,Атмосферний тиск,Pa,мм.рт.ст.,97976.64,0.0075006168,2023-02-20 15:56:43,16,0
790,станція Вишенька,49.227009,28.418998,2023-02-20 15:56:43,16,7,CO2,CO₂,CO₂,ppm,ppm,400.00,1.0000000000,2023-02-20 15:56:43,16,0
1434,Lun-129,49.230306,28.392620,2023-02-21 07:30:01,0,38,pm0,PM1.0,Пил 1.0 мкм,ug/m3,мкг/м³,0.87,1.0000000000,2023-02-21 07:30:01,0,1
1434,Lun-129,49.230306,28.392620,2023-02-21 07:30:01,0,5,pm25,PM2.5,Пил 2.5 мкм,ug/m3,мкг/м³,1.25,1.0000000000,2023-02-21 07:30:01,0,1
1434,Lun-129,49.230306,28.392620,2023-02-21 07:30:01,0,6,pm10,PM10,Пил 10 мкм,ug/m3,мкг/м³,2.81,1.0000000000,2023-02-21 07:30:01,0,1
1434,Lun-129,49.230306,28.392620,2023-02-21 07:30:01,0,1,temperature,Temperature,Температура,°C,°C,4.49,1.0000000000,2023-02-21 07:30:01,0,0
1434,Lun-129,49.230306,28.392620,2023-02-21 07:30:01,0,2,humidity,Humidity,Вологість,%,%,100,1.0000000000,2023-02-21 07:30:01,0,0
1434,Lun-129,49.230306,28.392620,2023-02-21 07:30:01,0,3,pressure,Pressure,Атмосферний тиск,hPa,мм.рт.ст.,967.81,0.7500615758,2023-02-21 07:30:01,0,0
1769,Lun-315,49.243687,28.496432,2023-02-21 07:30:02,0,38,pm0,PM1.0,Пил 1.0 мкм,ug/m3,мкг/м³,2.11,1.0000000000,2023-02-21 07:30:01,0,1
1769,Lun-315,49.243687,28.496432,2023-02-21 07:30:02,0,5,pm25,PM2.5,Пил 2.5 мкм,ug/m3,мкг/м³,3.6,1.0000000000,2023-02-21 07:30:01,0,1
1769,Lun-315,49.243687,28.496432,2023-02-21 07:30:02,0,6,pm10,PM10,Пил 10 мкм,ug/m3,мкг/м³,5.36,1.0000000000,2023-02-21 07:30:01,0,1
1769,Lun-315,49.243687,28.496432,2023-02-21 07:30:02,0,1,temperature,Temperature,Температура,°C,°C,5.74,1.0000000000,2023-02-21 07:30:01,0,0
1769,Lun-315,49.243687,28.496432,2023-02-21 07:30:02,0,2,humidity,Humidity,Вологість,%,%,86.34,1.0000000000,2023-02-21 07:30:01,0,0
767,Соборна 36,49.232859,28.470453,2023-02-21 07:44:29,0,33,SDS_P2,PM2.5,Пил 2.5 мкм,ug/m3,мкг/м³,0.10,1.0000000000,2023-02-21 07:44:29,0,1
767,Соборна 36,49.232859,28.470453,2023-02-21 07:44:29,0,34,SDS_P1,PM10,Пил 10 мкм,ug/m3,мкг/м³,0.31,1.0000000000,2023-02-21 07:44:29,0,1
767,Соборна 36,49.232859,28.470453,2023-02-21 07:44:29,0,23,BME280_temperature,Temperature,Температура,°C,°C,10.17,1.0000000000,2023-02-21 07:44:29,0,0
767,Соборна 36,49.232859,28.470453,2023-02-21 07:44:29,0,24,BME280_humidity,Humidity,Вологість,%,%,92.10,1.0000000000,2023-02-21 07:44:29,0,0
767,Соборна 36,49.232859,28.470453,2023-02-21 07:44:29,0,25,BME280_pressure,Pressure,Атмосферний тиск,Pa,мм.рт.ст.,96852.95,0.0075006168,2023-02-21 07:44:29,0,0
767,Соборна 36,49.232859,28.470453,2023-02-21 07:44:29,0,7,CO2,CO₂,CO₂,ppm,ppm,400.00,1.0000000000,2023-02-21 07:44:29,0,0
774,Станція замостя,49.245473,28.493727,2023-02-21 07:44:17,0,33,SDS_P2,PM2.5,Пил 2.5 мкм,ug/m3,мкг/м³,3.00,1.0000000000,2023-02-21 07:44:17,0,1
774,Станція замостя,49.245473,28.493727,2023-02-21 07:44:17,0,34,SDS_P1,PM10,Пил 10 мкм,ug/m3,мкг/м³,5.94,1.0000000000,2023-02-21 07:44:17,0,1
774,Станція замостя,49.245473,28.493727,2023-02-21 07:44:17,0,23,BME280_temperature,Temperature,Температура,°C,°C,4.05,1.0000000000,2023-02-21 07:44:17,0,0
774,Станція замостя,49.245473,28.493727,2023-02-21 07:44:17,0,24,BME280_humidity,Humidity,Вологість,%,%,100.00,1.0000000000,2023-02-21 07:44:17,0,0
774,Станція замостя,49.245473,28.493727,2023-02-21 07:44:17,0,25,BME280_pressure,Pressure,Атмосферний тиск,Pa,мм.рт.ст.,96867.03,0.0075006168,2023-02-21 07:44:17,0,0
774,Станція замостя,49.245473,28.493727,2023-02-21 07:44:17,0,7,CO2,CO₂,CO₂,ppm,ppm,400.00,1.0000000000,2023-02-21 07:44:17,0,0
790,станція Вишенька,49.227009,28.418998,2023-02-20 15:56:43,16,33,SDS_P2,PM2.5,Пил 2.5 мкм,ug/m3,мкг/м³,2.76,1.0000000000,2023-02-20 15:56:43,16,1
790,станція Вишенька,49.227009,28.418998,2023-02-20 15:56:43,16,34,SDS_P1,PM10,Пил 10 мкм,ug/m3,мкг/м³,8.58,1.0000000000,2023-02-20 15:56:43,16,1
790,станція Вишенька,49.227009,28.418998,2023-02-20 15:56:43,16,23,BME280_temperature,Temperature,Температура,°C,°C,4.19,1.0000000000,2023-02-20 15:56:43,16,0
790,станція Вишенька,49.227009,28.418998,2023-02-20 15:56:43,16,24,BME280_humidity,Humidity,Вологість,%,%,51.45,1.0000000000,2023-02-20 15:56:43,16,0
790,станція Вишенька,49.227009,28.418998,2023-02-20 15:56:43,16,25,BME280_pressure,Pressure,Атмосферний тиск,Pa,мм.рт.ст.,97976.64,0.0075006168,2023-02-20 15:56:43,16,0
790,станція Вишенька,49.227009,28.418998,2023-02-20 15:56:43,16,7,CO2,CO₂,CO₂,ppm,ppm,400.00,1.0000000000,2023-02-20 15:56:43,16,0
1434,Lun-129,49.230306,28.392620,2023-02-21 07:44:02,0,38,pm0,PM1.0,Пил 1.0 мкм,ug/m3,мкг/м³,1,1.0000000000,2023-02-21 07:44:01,0,1
1434,Lun-129,49.230306,28.392620,2023-02-21 07:44:02,0,5,pm25,PM2.5,Пил 2.5 мкм,ug/m3,мкг/м³,1.53,1.0000000000,2023-02-21 07:44:01,0,1
1434,Lun-129,49.230306,28.392620,2023-02-21 07:44:02,0,6,pm10,PM10,Пил 10 мкм,ug/m3,мкг/м³,1.53,1.0000000000,2023-02-21 07:44:01,0,1
1434,Lun-129,49.230306,28.392620,2023-02-21 07:44:02,0,1,temperature,Temperature,Температура,°C,°C,4.17,1.0000000000,2023-02-21 07:44:01,0,0
1434,Lun-129,49.230306,28.392620,2023-02-21 07:44:02,0,2,humidity,Humidity,Вологість,%,%,100,1.0000000000,2023-02-21 07:44:01,0,0
1434,Lun-129,49.230306,28.392620,2023-02-21 07:44:02,0,3,pressure,Pressure,Атмосферний тиск,hPa,мм.рт.ст.,967.93,0.7500615758,2023-02-21 07:44:01,0,0
1769,Lun-315,49.243687,28.496432,2023-02-21 07:44:02,0,38,pm0,PM1.0,Пил 1.0 мкм,ug/m3,мкг/м³,2.04,1.0000000000,2023-02-21 07:44:01,0,1
1769,Lun-315,49.243687,28.496432,2023-02-21 07:44:02,0,5,pm25,PM2.5,Пил 2.5 мкм,ug/m3,мкг/м³,3.44,1.0000000000,2023-02-21 07:44:01,0,1
1769,Lun-315,49.243687,28.496432,2023-02-21 07:44:02,0,6,pm10,PM10,Пил 10 мкм,ug/m3,мкг/м³,5.35,1.0000000000,2023-02-21 07:44:01,0,1
1769,Lun-315,49.243687,28.496432,2023-02-21 07:44:02,0,1,temperature,Temperature,Температура,°C,°C,5.73,1.0000000000,2023-02-21 07:44:01,0,0
1769,Lun-315,49.243687,28.496432,2023-02-21 07:44:02,0,2,humidity,Humidity,Вологість,%,%,87.1,1.0000000000,2023-02-21 07:44:01,0,0
767,Соборна 36,49.232859,28.470453,2023-02-21 07:59:51,1,33,SDS_P2,PM2.5,Пил 2.5 мкм,ug/m3,мкг/м³,0.14,1.0000000000,2023-02-21 07:59:51,1,1
767,Соборна 36,49.232859,28.470453,2023-02-21 07:59:51,1,34,SDS_P1,PM10,Пил 10 мкм,ug/m3,мкг/м³,0.29,1.0000000000,2023-02-21 07:59:51,1,1
767,Соборна 36,49.232859,28.470453,2023-02-21 07:59:51,1,23,BME280_temperature,Temperature,Температура,°C,°C,10.41,1.0000000000,2023-02-21 07:59:51,1,0
767,Соборна 36,49.232859,28.470453,2023-02-21 07:59:51,1,24,BME280_humidity,Humidity,Вологість,%,%,94.03,1.0000000000,2023-02-21 07:59:51,1,0
767,Соборна 36,49.232859,28.470453,2023-02-21 07:59:51,1,25,BME280_pressure,Pressure,Атмосферний тиск,Pa,мм.рт.ст.,96843.41,0.0075006168,2023-02-21 07:59:51,1,0
767,Соборна 36,49.232859,28.470453,2023-02-21 07:59:51,1,7,CO2,CO₂,CO₂,ppm,ppm,400.00,1.0000000000,2023-02-21 07:59:51,1,0
774,Станція замостя,49.245473,28.493727,2023-02-21 07:59:42,1,33,SDS_P2,PM2.5,Пил 2.5 мкм,ug/m3,мкг/м³,3.92,1.0000000000,2023-02-21 07:59:42,1,1
774,Станція замостя,49.245473,28.493727,2023-02-21 07:59:42,1,34,SDS_P1,PM10,Пил 10 мкм,ug/m3,мкг/м³,6.40,1.0000000000,2023-02-21 07:59:42,1,1
774,Станція замостя,49.245473,28.493727,2023-02-21 07:59:42,1,23,BME280_temperature,Temperature,Температура,°C,°C,4.00,1.0000000000,2023-02-21 07:59:42,1,0
774,Станція замостя,49.245473,28.493727,2023-02-21 07:59:42,1,24,BME280_humidity,Humidity,Вологість,%,%,100.00,1.0000000000,2023-02-21 07:59:42,1,0
774,Станція замостя,49.245473,28.493727,2023-02-21 07:59:42,1,25,BME280_pressure,Pressure,Атмосферний тиск,Pa,мм.рт.ст.,96841.50,0.0075006168,2023-02-21 07:59:42,1,0
774,Станція замостя,49.245473,28.493727,2023-02-21 07:59:42,1,7,CO2,CO₂,CO₂,ppm,ppm,400.00,1.0000000000,2023-02-21 07:59:42,1,0
790,станція Вишенька,49.227009,28.418998,2023-02-20 15:56:43,17,33,SDS_P2,PM2.5,Пил 2.5 мкм,ug/m3,мкг/м³,2.76,1.0000000000,2023-02-20 15:56:43,17,1
790,станція Вишенька,49.227009,28.418998,2023-02-20 15:56:43,17,34,SDS_P1,PM10,Пил 10 мкм,ug/m3,мкг/м³,8.58,1.0000000000,2023-02-20 15:56:43,17,1
790,станція Вишенька,49.227009,28.418998,2023-02-20 15:56:43,17,23,BME280_temperature,Temperature,Температура,°C,°C,4.19,1.0000000000,2023-02-20 15:56:43,17,0
790,станція Вишенька,49.227009,28.418998,2023-02-20 15:56:43,17,24,BME280_humidity,Humidity,Вологість,%,%,51.45,1.0000000000,2023-02-20 15:56:43,17,0
790,станція Вишенька,49.227009,28.418998,2023-02-20 15:56:43,17,25,BME280_pressure,Pressure,Атмосферний тиск,Pa,мм.рт.ст.,97976.64,0.0075006168,2023-02-20 15:56:43,17,0
790,станція Вишенька,49.227009,28.418998,2023-02-20 15:56:43,17,7,CO2,CO₂,CO₂,ppm,ppm,400.00,1.0000000000,2023-02-20 15:56:43,17,0
1434,Lun-129,49.230306,28.392620,2023-02-21 08:00:01,0,38,pm0,PM1.0,Пил 1.0 мкм,ug/m3,мкг/м³,0.81,1.0000000000,2023-02-21 08:00:01,0,1
1434,Lun-129,49.230306,28.392620,2023-02-21 08:00:01,0,5,pm25,PM2.5,Пил 2.5 мкм,ug/m3,мкг/м³,1.12,1.0000000000,2023-02-21 08:00:01,0,1
1434,Lun-129,49.230306,28.392620,2023-02-21 08:00:01,0,6,pm10,PM10,Пил 10 мкм,ug/m3,мкг/м³,2.5,1.0000000000,2023-02-21 08:00:01,0,1
1434,Lun-129,49.230306,28.392620,2023-02-21 08:00:01,0,1,temperature,Temperature,Температура,°C,°C,4.02,1.0000000000,2023-02-21 08:00:01,0,0
1434,Lun-129,49.230306,28.392620,2023-02-21 08:00:01,0,2,humidity,Humidity,Вологість,%,%,100,1.0000000000,2023-02-21 08:00:01,0,0
1434,Lun-129,49.230306,28.392620,2023-02-21 08:00:01,0,3,pressure,Pressure,Атмосферний тиск,hPa,мм.рт.ст.,967.91,0.7500615758,2023-02-21 08:00:01,0,0
1769,Lun-315,49.243687,28.496432,2023-02-21 08:00:02,0,38,pm0,PM1.0,Пил 1.0 мкм,ug/m3,мкг/м³,1.93,1.0000000000,2023-02-21 08:00:01,0,1
1769,Lun-315,49.243687,28.496432,2023-02-21 08:00:02,0,5,pm25,PM2.5,Пил 2.5 мкм,ug/m3,мкг/м³,3.38,1.0000000000,2023-02-21 08:00:01,0,1
1769,Lun-315,49.243687,28.496432,2023-02-21 08:00:02,0,6,pm10,PM10,Пил 10 мкм,ug/m3,мкг/м³,5.38,1.0000000000,2023-02-21 08:00:01,0,1
1769,Lun-315,49.243687,28.496432,2023-02-21 08:00:02,0,1,temperature,Temperature,Температура,°C,°C,5.66,1.0000000000,2023-02-21 08:00:01,0,0
1769,Lun-315,49.243687,28.496432,2023-02-21 08:00:02,0,2,humidity,Humidity,Вологість,%,%,86.49,1.0000000000,2023-02-21 08:00:01,0,0
767,Соборна 36,49.232859,28.470453,2023-02-21 08:14:13,0,33,SDS_P2,PM2.5,Пил 2.5 мкм,ug/m3,мкг/м³,0.25,1.0000000000,2023-02-21 08:14:13,0,1
767,Соборна 36,49.232859,28.470453,2023-02-21 08:14:13,0,34,SDS_P1,PM10,Пил 10 мкм,ug/m3,мкг/м³,1.65,1.0000000000,2023-02-21 08:14:13,0,1
767,Соборна 36,49.232859,28.470453,2023-02-21 08:14:13,0,23,BME280_temperature,Temperature,Температура,°C,°C,10.81,1.0000000000,2023-02-21 08:14:13,0,0
767,Соборна 36,49.232859,28.470453,2023-02-21 08:14:13,0,24,BME280_humidity,Humidity,Вологість,%,%,94.53,1.0000000000,2023-02-21 08:14:13,0,0
767,Соборна 36,49.232859,28.470453,2023-02-21 08:14:13,0,25,BME280_pressure,Pressure,Атмосферний тиск,Pa,мм.рт.ст.,96837.24,0.0075006168,2023-02-21 08:14:13,0,0
767,Соборна 36,49.232859,28.470453,2023-02-21 08:14:13,0,7,CO2,CO₂,CO₂,ppm,ppm,400.00,1.0000000000,2023-02-21 08:14:13,0,0
774,Станція замостя,49.245473,28.493727,2023-02-21 08:14:14,0,33,SDS_P2,PM2.5,Пил 2.5 мкм,ug/m3,мкг/м³,4.10,1.0000000000,2023-02-21 08:14:14,0,1
774,Станція замостя,49.245473,28.493727,2023-02-21 08:14:14,0,34,SDS_P1,PM10,Пил 10 мкм,ug/m3,мкг/м³,6.99,1.0000000000,2023-02-21 08:14:14,0,1
774,Станція замостя,49.245473,28.493727,2023-02-21 08:14:14,0,23,BME280_temperature,Temperature,Температура,°C,°C,4.31,1.0000000000,2023-02-21 08:14:14,0,0
774,Станція замостя,49.245473,28.493727,2023-02-21 08:14:14,0,24,BME280_humidity,Humidity,Вологість,%,%,100.00,1.0000000000,2023-02-21 08:14:14,0,0
774,Станція замостя,49.245473,28.493727,2023-02-21 08:14:14,0,25,BME280_pressure,Pressure,Атмосферний тиск,Pa,мм.рт.ст.,96845.01,0.0075006168,2023-02-21 08:14:14,0,0
774,Станція замостя,49.245473,28.493727,2023-02-21 08:14:14,0,7,CO2,CO₂,CO₂,ppm,ppm,400.00,1.0000000000,2023-02-21 08:14:14,0,0
790,станція Вишенька,49.227009,28.418998,2023-02-20 15:56:43,17,33,SDS_P2,PM2.5,Пил 2.5 мкм,ug/m3,мкг/м³,2.76,1.0000000000,2023-02-20 15:56:43,17,1
790,станція Вишенька,49.227009,28.418998,2023-02-20 15:56:43,17,34,SDS_P1,PM10,Пил 10 мкм,ug/m3,мкг/м³,8.58,1.0000000000,2023-02-20 15:56:43,17,1
790,станція Вишенька,49.227009,28.418998,2023-02-20 15:56:43,17,23,BME280_temperature,Temperature,Температура,°C,°C,4.19,1.0000000000,2023-02-20 15:56:43,17,0
790,станція Вишенька,49.227009,28.418998,2023-02-20 15:56:43,17,24,BME280_humidity,Humidity,Вологість,%,%,51.45,1.0000000000,2023-02-20 15:56:43,17,0
790,станція Вишенька,49.227009,28.418998,2023-02-20 15:56:43,17,25,BME280_pressure,Pressure,Атмосферний тиск,Pa,мм.рт.ст.,97976.64,0.0075006168,2023-02-20 15:56:43,17,0
790,станція Вишенька,49.227009,28.418998,2023-02-20 15:56:43,17,7,CO2,CO₂,CO₂,ppm,ppm,400.00,1.0000000000,2023-02-20 15:56:43,17,0
1434,Lun-129,49.230306,28.392620,2023-02-21 08:14:01,0,38,pm0,PM1.0,Пил 1.0 мкм,ug/m3,мкг/м³,0.69,1.0000000000,2023-02-21 08:14:01,0,1
1434,Lun-129,49.230306,28.392620,2023-02-21 08:14:01,0,5,pm25,PM2.5,Пил 2.5 мкм,ug/m3,мкг/м³,1.03,1.0000000000,2023-02-21 08:14:01,0,1
1434,Lun-129,49.230306,28.392620,2023-02-21 08:14:01,0,6,pm10,PM10,Пил 10 мкм,ug/m3,мкг/м³,2.14,1.0000000000,2023-02-21 08:14:01,0,1
1434,Lun-129,49.230306,28.392620,2023-02-21 08:14:01,0,1,temperature,Temperature,Температура,°C,°C,4.22,1.0000000000,2023-02-21 08:14:01,0,0
1434,Lun-129,49.230306,28.392620,2023-02-21 08:14:01,0,2,humidity,Humidity,Вологість,%,%,100,1.0000000000,2023-02-21 08:14:01,0,0
1434,Lun-129,49.230306,28.392620,2023-02-21 08:14:01,0,3,pressure,Pressure,Атмосферний тиск,hPa,мм.рт.ст.,967.93,0.7500615758,2023-02-21 08:14:01,0,0
1769,Lun-315,49.243687,28.496432,2023-02-21 08:14:01,0,38,pm0,PM1.0,Пил 1.0 мкм,ug/m3,мкг/м³,2.01,1.0000000000,2023-02-21 08:14:01,0,1
1769,Lun-315,49.243687,28.496432,2023-02-21 08:14:01,0,5,pm25,PM2.5,Пил 2.5 мкм,ug/m3,мкг/м³,3.44,1.0000000000,2023-02-21 08:14:01,0,1
1769,Lun-315,49.243687,28.496432,2023-02-21 08:14:01,0,6,pm10,PM10,Пил 10 мкм,ug/m3,мкг/м³,5.35,1.0000000000,2023-02-21 08:14:01,0,1
1769,Lun-315,49.243687,28.496432,2023-02-21 08:14:01,0,1,temperature,Temperature,Температура,°C,°C,6.1,1.0000000000,2023-02-21 08:14:01,0,0
1769,Lun-315,49.243687,28.496432,2023-02-21 08:14:01,0,2,humidity,Humidity,Вологість,%,%,84.86,1.0000000000,2023-02-21 08:14:01,0,0
767,Соборна 36,49.232859,28.470453,2023-02-21 08:29:35,0,33,SDS_P2,PM2.5,Пил 2.5 мкм,ug/m3,мкг/м³,0.21,1.0000000000,2023-02-21 08:29:35,0,1
767,Соборна 36,49.232859,28.470453,2023-02-21 08:29:35,0,34,SDS_P1,PM10,Пил 10 мкм,ug/m3,мкг/м³,1.02,1.0000000000,2023-02-21 08:29:35,0,1
767,Соборна 36,49.232859,28.470453,2023-02-21 08:29:35,0,23,BME280_temperature,Temperature,Температура,°C,°C,11.24,1.0000000000,2023-02-21 08:29:35,0,0
767,Соборна 36,49.232859,28.470453,2023-02-21 08:29:35,0,24,BME280_humidity,Humidity,Вологість,%,%,93.22,1.0000000000,2023-02-21 08:29:35,0,0
767,Соборна 36,49.232859,28.470453,2023-02-21 08:29:35,0,25,BME280_pressure,Pressure,Атмосферний тиск,Pa,мм.рт.ст.,96831.67,0.0075006168,2023-02-21 08:29:35,0,0
767,Соборна 36,49.232859,28.470453,2023-02-21 08:29:35,0,7,CO2,CO₂,CO₂,ppm,ppm,400.00,1.0000000000,2023-02-21 08:29:35,0,0
774,Станція замостя,49.245473,28.493727,2023-02-21 08:29:39,0,33,SDS_P2,PM2.5,Пил 2.5 мкм,ug/m3,мкг/м³,5.70,1.0000000000,2023-02-21 08:29:39,0,1
774,Станція замостя,49.245473,28.493727,2023-02-21 08:29:39,0,34,SDS_P1,PM10,Пил 10 мкм,ug/m3,мкг/м³,6.94,1.0000000000,2023-02-21 08:29:39,0,1
774,Станція замостя,49.245473,28.493727,2023-02-21 08:29:39,0,23,BME280_temperature,Temperature,Температура,°C,°C,4.63,1.0000000000,2023-02-21 08:29:39,0,0
774,Станція замостя,49.245473,28.493727,2023-02-21 08:29:39,0,24,BME280_humidity,Humidity,Вологість,%,%,100.00,1.0000000000,2023-02-21 08:29:39,0,0
774,Станція замостя,49.245473,28.493727,2023-02-21 08:29:39,0,25,BME280_pressure,Pressure,Атмосферний тиск,Pa,мм.рт.ст.,96839.85,0.0075006168,2023-02-21 08:29:39,0,0
774,Станція замостя,49.245473,28.493727,2023-02-21 08:29:39,0,7,CO2,CO₂,CO₂,ppm,ppm,400.00,1.0000000000,2023-02-21 08:29:39,0,0
790,станція Вишенька,49.227009,28.418998,2023-02-20 15:56:43,17,33,SDS_P2,PM2.5,Пил 2.5 мкм,ug/m3,мкг/м³,2.76,1.0000000000,2023-02-20 15:56:43,17,1
790,станція Вишенька,49.227009,28.418998,2023-02-20 15:56:43,17,34,SDS_P1,PM10,Пил 10 мкм,ug/m3,мкг/м³,8.58,1.0000000000,2023-02-20 15:56:43,17,1
790,станція Вишенька,49.227009,28.418998,2023-02-20 15:56:43,17,23,BME280_temperature,Temperature,Температура,°C,°C,4.19,1.0000000000,2023-02-20 15:56:43,17,0
790,станція Вишенька,49.227009,28.418998,2023-02-20 15:56:43,17,24,BME280_humidity,Humidity,Вологість,%,%,51.45,1.0000000000,2023-02-20 15:56:43,17,0
790,станція Вишенька,49.227009,28.418998,2023-02-20 15:56:43,17,25,BME280_pressure,Pressure,Атмосферний тиск,Pa,мм.рт.ст.,97976.64,0.0075006168,2023-02-20 15:56:43,17,0
790,станція Вишенька,49.227009,28.418998,2023-02-20 15:56:43,17,7,CO2,CO₂,CO₂,ppm,ppm,400.00,1.0000000000,2023-02-20 15:56:43,17,0
1434,Lun-129,49.230306,28.392620,2023-02-21 08:30:02,0,38,pm0,PM1.0,Пил 1.0 мкм,ug/m3,мкг/м³,0.9,1.0000000000,2023-02-21 08:30:01,0,1
1434,Lun-129,49.230306,28.392620,2023-02-21 08:30:02,0,5,pm25,PM2.5,Пил 2.5 мкм,ug/m3,мкг/м³,1.21,1.0000000000,2023-02-21 08:30:01,0,1
1434,Lun-129,49.230306,28.392620,2023-02-21 08:30:02,0,6,pm10,PM10,Пил 10 мкм,ug/m3,мкг/м³,4.08,1.0000000000,2023-02-21 08:30:01,0,1
1434,Lun-129,49.230306,28.392620,2023-02-21 08:30:02,0,1,temperature,Temperature,Температура,°C,°C,4.61,1.0000000000,2023-02-21 08:30:01,0,0
1434,Lun-129,49.230306,28.392620,2023-02-21 08:30:02,0,2,humidity,Humidity,Вологість,%,%,100,1.0000000000,2023-02-21 08:30:01,0,0
1434,Lun-129,49.230306,28.392620,2023-02-21 08:30:02,0,3,pressure,Pressure,Атмосферний тиск,hPa,мм.рт.ст.,967.94,0.7500615758,2023-02-21 08:30:01,0,0
1769,Lun-315,49.243687,28.496432,2023-02-21 08:30:02,0,38,pm0,PM1.0,Пил 1.0 мкм,ug/m3,мкг/м³,2.36,1.0000000000,2023-02-21 08:30:01,0,1
1769,Lun-315,49.243687,28.496432,2023-02-21 08:30:02,0,5,pm25,PM2.5,Пил 2.5 мкм,ug/m3,мкг/м³,3.73,1.0000000000,2023-02-21 08:30:01,0,1
1769,Lun-315,49.243687,28.496432,2023-02-21 08:30:02,0,6,pm10,PM10,Пил 10 мкм,ug/m3,мкг/м³,5.69,1.0000000000,2023-02-21 08:30:01,0,1
1769,Lun-315,49.243687,28.496432,2023-02-21 08:30:02,0,1,temperature,Temperature,Температура,°C,°C,6.45,1.0000000000,2023-02-21 08:30:01,0,0
1769,Lun-315,49.243687,28.496432,2023-02-21 08:30:02,0,2,humidity,Humidity,Вологість,%,%,83.52,1.0000000000,2023-02-21 08:30:01,0,0
767,Соборна 36,49.232859,28.470453,2023-02-21 08:44:58,0,33,SDS_P2,PM2.5,Пил 2.5 мкм,ug/m3,мкг/м³,0.40,1.0000000000,2023-02-21 08:44:58,0,1
767,Соборна 36,49.232859,28.470453,2023-02-21 08:44:58,0,34,SDS_P1,PM10,Пил 10 мкм,ug/m3,мкг/м³,1.05,1.0000000000,2023-02-21 08:44:58,0,1
767,Соборна 36,49.232859,28.470453,2023-02-21 08:44:58,0,23,BME280_temperature,Temperature,Температура,°C,°C,11.96,1.0000000000,2023-02-21 08:44:58,0,0
767,Соборна 36,49.232859,28.470453,2023-02-21 08:44:58,0,24,BME280_humidity,Humidity,Вологість,%,%,93.45,1.0000000000,2023-02-21 08:44:58,0,0
767,Соборна 36,49.232859,28.470453,2023-02-21 08:44:58,0,25,BME280_pressure,Pressure,Атмосферний тиск,Pa,мм.рт.ст.,96849.27,0.0075006168,2023-02-21 08:44:58,0,0
767,Соборна 36,49.232859,28.470453,2023-02-21 08:44:58,0,7,CO2,CO₂,CO₂,ppm,ppm,400.00,1.0000000000,2023-02-21 08:44:58,0,0
774,Станція замостя,49.245473,28.493727,2023-02-21 08:45:02,0,33,SDS_P2,PM2.5,Пил 2.5 мкм,ug/m3,мкг/м³,3.39,1.0000000000,2023-02-21 08:45:02,0,1
774,Станція замостя,49.245473,28.493727,2023-02-21 08:45:02,0,34,SDS_P1,PM10,Пил 10 мкм,ug/m3,мкг/м³,4.62,1.0000000000,2023-02-21 08:45:02,0,1
774,Станція замостя,49.245473,28.493727,2023-02-21 08:45:02,0,23,BME280_temperature,Temperature,Температура,°C,°C,4.85,1.0000000000,2023-02-21 08:45:02,0,0
774,Станція замостя,49.245473,28.493727,2023-02-21 08:45:02,0,24,BME280_humidity,Humidity,Вологість,%,%,100.00,1.0000000000,2023-02-21 08:45:02,0,0
774,Станція замостя,49.245473,28.493727,2023-02-21 08:45:02,0,25,BME280_pressure,Pressure,Атмосферний тиск,Pa,мм.рт.ст.,96844.34,0.0075006168,2023-02-21 08:45:02,0,0
774,Станція замостя,49.245473,28.493727,2023-02-21 08:45:02,0,7,CO2,CO₂,CO₂,ppm,ppm,400.00,1.0000000000,2023-02-21 08:45:02,0,0
790,станція Вишенька,49.227009,28.418998,2023-02-20 15:56:43,17,33,SDS_P2,PM2.5,Пил 2.5 мкм,ug/m3,мкг/м³,2.76,1.0000000000,2023-02-20 15:56:43,17,1
790,станція Вишенька,49.227009,28.418998,2023-02-20 15:56:43,17,34,SDS_P1,PM10,Пил 10 мкм,ug/m3,мкг/м³,8.58,1.0000000000,2023-02-20 15:56:43,17,1
790,станція Вишенька,49.227009,28.418998,2023-02-20 15:56:43,17,23,BME280_temperature,Temperature,Температура,°C,°C,4.19,1.0000000000,2023-02-20 15:56:43,17,0
790,станція Вишенька,49.227009,28.418998,2023-02-20 15:56:43,17,24,BME280_humidity,Humidity,Вологість,%,%,51.45,1.0000000000,2023-02-20 15:56:43,17,0
790,станція Вишенька,49.227009,28.418998,2023-02-20 15:56:43,17,25,BME280_pressure,Pressure,Атмосферний тиск,Pa,мм.рт.ст.,97976.64,0.0075006168,2023-02-20 15:56:43,17,0
790,станція Вишенька,49.227009,28.418998,2023-02-20 15:56:43,17,7,CO2,CO₂,CO₂,ppm,ppm,400.00,1.0000000000,2023-02-20 15:56:43,17,0
1434,Lun-129,49.230306,28.392620,2023-02-21 08:44:01,0,38,pm0,PM1.0,Пил 1.0 мкм,ug/m3,мкг/м³,2.79,1.0000000000,2023-02-21 08:44:01,0,1
1434,Lun-129,49.230306,28.392620,2023-02-21 08:44:01,0,5,pm25,PM2.5,Пил 2.5 мкм,ug/m3,мкг/м³,3.09,1.0000000000,2023-02-21 08:44:01,0,1
1434,Lun-129,49.230306,28.392620,2023-02-21 08:44:01,0,6,pm10,PM10,Пил 10 мкм,ug/m3,мкг/м³,3.09,1.0000000000,2023-02-21 08:44:01,0,1
1434,Lun-129,49.230306,28.392620,2023-02-21 08:44:01,0,1,temperature,Temperature,Температура,°C,°C,5.33,1.0000000000,2023-02-21 08:44:01,0,0
1434,Lun-129,49.230306,28.392620,2023-02-21 08:44:01,0,2,humidity,Humidity,Вологість,%,%,100,1.0000000000,2023-02-21 08:44:01,0,0
1434,Lun-129,49.230306,28.392620,2023-02-21 08:44:01,0,3,pressure,Pressure,Атмосферний тиск,hPa,мм.рт.ст.,967.94,0.7500615758,2023-02-21 08:44:01,0,0
1769,Lun-315,49.243687,28.496432,2023-02-21 08:44:02,0,38,pm0,PM1.0,Пил 1.0 мкм,ug/m3,мкг/м³,1.9,1.0000000000,2023-02-21 08:44:01,0,1
1769,Lun-315,49.243687,28.496432,2023-02-21 08:44:02,0,5,pm25,PM2.5,Пил 2.5 мкм,ug/m3,мкг/м³,3.29,1.0000000000,2023-02-21 08:44:01,0,1
1769,Lun-315,49.243687,28.496432,2023-02-21 08:44:02,0,6,pm10,PM10,Пил 10 мкм,ug/m3,мкг/м³,5.43,1.0000000000,2023-02-21 08:44:01,0,1
1769,Lun-315,49.243687,28.496432,2023-02-21 08:44:02,0,1,temperature,Temperature,Температура,°C,°C,6.69,1.0000000000,2023-02-21 08:44:01,0,0
1769,Lun-315,49.243687,28.496432,2023-02-21 08:44:02,0,2,humidity,Humidity,Вологість,%,%,83.22,1.0000000000,2023-02-21 08:44:01,0,0
767,Соборна 36,49.232859,28.470453,2023-02-21 08:59:21,1,33,SDS_P2,PM2.5,Пил 2.5 мкм,ug/m3,мкг/м³,0.50,1.0000000000,2023-02-21 08:59:20,1,1
767,Соборна 36,49.232859,28.470453,2023-02-21 08:59:21,1,34,SDS_P1,PM10,Пил 10 мкм,ug/m3,мкг/м³,1.44,1.0000000000,2023-02-21 08:59:20,1,1
767,Соборна 36,49.232859,28.470453,2023-02-21 08:59:21,1,23,BME280_temperature,Temperature,Температура,°C,°C,12.34,1.0000000000,2023-02-21 08:59:20,1,0
767,Соборна 36,49.232859,28.470453,2023-02-21 08:59:21,1,24,BME280_humidity,Humidity,Вологість,%,%,87.42,1.0000000000,2023-02-21 08:59:20,1,0
767,Соборна 36,49.232859,28.470453,2023-02-21 08:59:21,1,25,BME280_pressure,Pressure,Атмосферний тиск,Pa,мм.рт.ст.,96833.40,0.0075006168,2023-02-21 08:59:20,1,0
767,Соборна 36,49.232859,28.470453,2023-02-21 08:59:21,1,7,CO2,CO₂,CO₂,ppm,ppm,400.00,1.0000000000,2023-02-21 08:59:20,1,0
774,Станція замостя,49.245473,28.493727,2023-02-21 08:59:28,1,33,SDS_P2,PM2.5,Пил 2.5 мкм,ug/m3,мкг/м³,3.10,1.0000000000,2023-02-21 08:59:28,1,1
774,Станція замостя,49.245473,28.493727,2023-02-21 08:59:28,1,34,SDS_P1,PM10,Пил 10 мкм,ug/m3,мкг/м³,3.97,1.0000000000,2023-02-21 08:59:28,1,1
774,Станція замостя,49.245473,28.493727,2023-02-21 08:59:28,1,23,BME280_temperature,Temperature,Температура,°C,°C,5.12,1.0000000000,2023-02-21 08:59:28,1,0
774,Станція замостя,49.245473,28.493727,2023-02-21 08:59:28,1,24,BME280_humidity,Humidity,Вологість,%,%,100.00,1.0000000000,2023-02-21 08:59:28,1,0
774,Станція замостя,49.245473,28.493727,2023-02-21 08:59:28,1,25,BME280_pressure,Pressure,Атмосферний тиск,Pa,мм.рт.ст.,96838.66,0.0075006168,2023-02-21 08:59:28,1,0
774,Станція замостя,49.245473,28.493727,2023-02-21 08:59:28,1,7,CO2,CO₂,CO₂,ppm,ppm,400.00,1.0000000000,2023-02-21 08:59:28,1,0
790,станція Вишенька,49.227009,28.418998,2023-02-20 15:56:43,18,33,SDS_P2,PM2.5,Пил 2.5 мкм,ug/m3,мкг/м³,2.76,1.0000000000,2023-02-20 15:56:43,18,1
790,станція Вишенька,49.227009,28.418998,2023-02-20 15:56:43,18,34,SDS_P1,PM10,Пил 10 мкм,ug/m3,мкг/м³,8.58,1.0000000000,2023-02-20 15:56:43,18,1
790,станція Вишенька,49.227009,28.418998,2023-02-20 15:56:43,18,23,BME280_temperature,Temperature,Температура,°C,°C,4.19,1.0000000000,2023-02-20 15:56:43,18,0
790,станція Вишенька,49.227009,28.418998,2023-02-20 15:56:43,18,24,BME280_humidity,Humidity,Вологість,%,%,51.45,1.0000000000,2023-02-20 15:56:43,18,0
790,станція Вишенька,49.227009,28.418998,2023-02-20 15:56:43,18,25,BME280_pressure,Pressure,Атмосферний тиск,Pa,мм.рт.ст.,97976.64,0.0075006168,2023-02-20 15:56:43,18,0
790,станція Вишенька,49.227009,28.418998,2023-02-20 15:56:43,18,7,CO2,CO₂,CO₂,ppm,ppm,400.00,1.0000000000,2023-02-20 15:56:43,18,0
1434,Lun-129,49.230306,28.392620,2023-02-21 09:00:01,0,38,pm0,PM1.0,Пил 1.0 мкм,ug/m3,мкг/м³,2.34,1.0000000000,2023-02-21 09:00:01,0,1
1434,Lun-129,49.230306,28.392620,2023-02-21 09:00:01,0,5,pm25,PM2.5,Пил 2.5 мкм,ug/m3,мкг/м³,2.51,1.0000000000,2023-02-21 09:00:01,0,1
1434,Lun-129,49.230306,28.392620,2023-02-21 09:00:01,0,6,pm10,PM10,Пил 10 мкм,ug/m3,мкг/м³,2.79,1.0000000000,2023-02-21 09:00:01,0,1
1434,Lun-129,49.230306,28.392620,2023-02-21 09:00:01,0,1,temperature,Temperature,Температура,°C,°C,6,1.0000000000,2023-02-21 09:00:01,0,0
1434,Lun-129,49.230306,28.392620,2023-02-21 09:00:01,0,2,humidity,Humidity,Вологість,%,%,100,1.0000000000,2023-02-21 09:00:01,0,0
1434,Lun-129,49.230306,28.392620,2023-02-21 09:00:01,0,3,pressure,Pressure,Атмосферний тиск,hPa,мм.рт.ст.,967.79,0.7500615758,2023-02-21 09:00:01,0,0
1769,Lun-315,49.243687,28.496432,2023-02-21 09:00:02,0,38,pm0,PM1.0,Пил 1.0 мкм,ug/m3,мкг/м³,1.82,1.0000000000,2023-02-21 09:00:01,0,1
1769,Lun-315,49.243687,28.496432,2023-02-21 09:00:02,0,5,pm25,PM2.5,Пил 2.5 мкм,ug/m3,мкг/м³,3.13,1.0000000000,2023-02-21 09:00:01,0,1
1769,Lun-315,49.243687,28.496432,2023-02-21 09:00:02,0,6,pm10,PM10,Пил 10 мкм,ug/m3,мкг/м³,5.19,1.0000000000,2023-02-21 09:00:01,0,1
1769,Lun-315,49.243687,28.496432,2023-02-21 09:00:02,0,1,temperature,Temperature,Температура,°C,°C,6.91,1.0000000000,2023-02-21 09:00:01,0,0
1769,Lun-315,49.243687,28.496432,2023-02-21 09:00:02,0,2,humidity,Humidity,Вологість,%,%,81.51,1.0000000000,2023-02-21 09:00:01,0,0
767,Соборна 36,49.232859,28.470453,2023-02-21 09:29:08,0,33,SDS_P2,PM2.5,Пил 2.5 мкм,ug/m3,мкг/м³,0.40,1.0000000000,2023-02-21 09:29:07,0,1
767,Соборна 36,49.232859,28.470453,2023-02-21 09:29:08,0,34,SDS_P1,PM10,Пил 10 мкм,ug/m3,мкг/м³,1.39,1.0000000000,2023-02-21 09:29:07,0,1
767,Соборна 36,49.232859,28.470453,2023-02-21 09:29:08,0,23,BME280_temperature,Temperature,Температура,°C,°C,13.09,1.0000000000,2023-02-21 09:29:07,0,0
767,Соборна 36,49.232859,28.470453,2023-02-21 09:29:08,0,24,BME280_humidity,Humidity,Вологість,%,%,84.70,1.0000000000,2023-02-21 09:29:07,0,0
767,Соборна 36,49.232859,28.470453,2023-02-21 09:29:08,0,25,BME280_pressure,Pressure,Атмосферний тиск,Pa,мм.рт.ст.,96828.06,0.0075006168,2023-02-21 09:29:07,0,0
767,Соборна 36,49.232859,28.470453,2023-02-21 09:29:08,0,7,CO2,CO₂,CO₂,ppm,ppm,400.00,1.0000000000,2023-02-21 09:29:07,0,0
774,Станція замостя,49.245473,28.493727,2023-02-21 09:29:21,0,33,SDS_P2,PM2.5,Пил 2.5 мкм,ug/m3,мкг/м³,2.58,1.0000000000,2023-02-21 09:29:21,0,1
774,Станція замостя,49.245473,28.493727,2023-02-21 09:29:21,0,34,SDS_P1,PM10,Пил 10 мкм,ug/m3,мкг/м³,5.03,1.0000000000,2023-02-21 09:29:21,0,1
774,Станція замостя,49.245473,28.493727,2023-02-21 09:29:21,0,23,BME280_temperature,Temperature,Температура,°C,°C,5.74,1.0000000000,2023-02-21 09:29:21,0,0
774,Станція замостя,49.245473,28.493727,2023-02-21 09:29:21,0,24,BME280_humidity,Humidity,Вологість,%,%,100.00,1.0000000000,2023-02-21 09:29:21,0,0
774,Станція замостя,49.245473,28.493727,2023-02-21 09:29:21,0,25,BME280_pressure,Pressure,Атмосферний тиск,Pa,мм.рт.ст.,96832.49,0.0075006168,2023-02-21 09:29:21,0,0
774,Станція замостя,49.245473,28.493727,2023-02-21 09:29:21,0,7,CO2,CO₂,CO₂,ppm,ppm,400.00,1.0000000000,2023-02-21 09:29:21,0,0
790,станція Вишенька,49.227009,28.418998,2023-02-20 15:56:43,18,33,SDS_P2,PM2.5,Пил 2.5 мкм,ug/m3,мкг/м³,2.76,1.0000000000,2023-02-20 15:56:43,18,1
790,станція Вишенька,49.227009,28.418998,2023-02-20 15:56:43,18,34,SDS_P1,PM10,Пил 10 мкм,ug/m3,мкг/м³,8.58,1.0000000000,2023-02-20 15:56:43,18,1
790,станція Вишенька,49.227009,28.418998,2023-02-20 15:56:43,18,23,BME280_temperature,Temperature,Температура,°C,°C,4.19,1.0000000000,2023-02-20 15:56:43,18,0
790,станція Вишенька,49.227009,28.418998,2023-02-20 15:56:43,18,24,BME280_humidity,Humidity,Вологість,%,%,51.45,1.0000000000,2023-02-20 15:56:43,18,0
790,станція Вишенька,49.227009,28.418998,2023-02-20 15:56:43,18,25,BME280_pressure,Pressure,Атмосферний тиск,Pa,мм.рт.ст.,97976.64,0.0075006168,2023-02-20 15:56:43,18,0
790,станція Вишенька,49.227009,28.418998,2023-02-20 15:56:43,18,7,CO2,CO₂,CO₂,ppm,ppm,400.00,1.0000000000,2023-02-20 15:56:43,18,0
1434,Lun-129,49.230306,28.392620,2023-02-21 09:29:02,0,38,pm0,PM1.0,Пил 1.0 мкм,ug/m3,мкг/м³,2.33,1.0000000000,2023-02-21 09:29:01,0,1
1434,Lun-129,49.230306,28.392620,2023-02-21 09:29:02,0,5,pm25,PM2.5,Пил 2.5 мкм,ug/m3,мкг/м³,2.57,1.0000000000,2023-02-21 09:29:01,0,1
1434,Lun-129,49.230306,28.392620,2023-02-21 09:29:02,0,6,pm10,PM10,Пил 10 мкм,ug/m3,мкг/м³,2.57,1.0000000000,2023-02-21 09:29:01,0,1
1434,Lun-129,49.230306,28.392620,2023-02-21 09:29:02,0,1,temperature,Temperature,Температура,°C,°C,6.83,1.0000000000,2023-02-21 09:29:01,0,0
1434,Lun-129,49.230306,28.392620,2023-02-21 09:29:02,0,2,humidity,Humidity,Вологість,%,%,100,1.0000000000,2023-02-21 09:29:01,0,0
1434,Lun-129,49.230306,28.392620,2023-02-21 09:29:02,0,3,pressure,Pressure,Атмосферний тиск,hPa,мм.рт.ст.,967.88,0.7500615758,2023-02-21 09:29:01,0,0
1769,Lun-315,49.243687,28.496432,2023-02-21 09:29:14,0,38,pm0,PM1.0,Пил 1.0 мкм,ug/m3,мкг/м³,1.54,1.0000000000,2023-02-21 09:29:01,0,1
1769,Lun-315,49.243687,28.496432,2023-02-21 09:29:14,0,5,pm25,PM2.5,Пил 2.5 мкм,ug/m3,мкг/м³,2.68,1.0000000000,2023-02-21 09:29:01,0,1
1769,Lun-315,49.243687,28.496432,2023-02-21 09:29:14,0,6,pm10,PM10,Пил 10 мкм,ug/m3,мкг/м³,5.08,1.0000000000,2023-02-21 09:29:01,0,1
1769,Lun-315,49.243687,28.496432,2023-02-21 09:29:14,0,1,temperature,Temperature,Температура,°C,°C,7.55,1.0000000000,2023-02-21 09:29:01,0,0
1769,Lun-315,49.243687,28.496432,2023-02-21 09:29:14,0,2,humidity,Humidity,Вологість,%,%,78.31,1.0000000000,2023-02-21 09:29:01,0,0
767,Соборна 36,49.232859,28.470453,2023-02-21 09:44:32,0,33,SDS_P2,PM2.5,Пил 2.5 мкм,ug/m3,мкг/м³,0.56,1.0000000000,2023-02-21 09:44:32,0,1
767,Соборна 36,49.232859,28.470453,2023-02-21 09:44:32,0,34,SDS_P1,PM10,Пил 10 мкм,ug/m3,мкг/м³,1.86,1.0000000000,2023-02-21 09:44:32,0,1
767,Соборна 36,49.232859,28.470453,2023-02-21 09:44:32,0,23,BME280_temperature,Temperature,Температура,°C,°C,13.17,1.0000000000,2023-02-21 09:44:32,0,0
767,Соборна 36,49.232859,28.470453,2023-02-21 09:44:32,0,24,BME280_humidity,Humidity,Вологість,%,%,78.39,1.0000000000,2023-02-21 09:44:32,0,0
767,Соборна 36,49.232859,28.470453,2023-02-21 09:44:32,0,25,BME280_pressure,Pressure,Атмосферний тиск,Pa,мм.рт.ст.,96823.65,0.0075006168,2023-02-21 09:44:32,0,0
767,Соборна 36,49.232859,28.470453,2023-02-21 09:44:32,0,7,CO2,CO₂,CO₂,ppm,ppm,400.00,1.0000000000,2023-02-21 09:44:32,0,0
774,Станція замостя,49.245473,28.493727,2023-02-21 09:44:47,0,33,SDS_P2,PM2.5,Пил 2.5 мкм,ug/m3,мкг/м³,5.37,1.0000000000,2023-02-21 09:44:47,0,1
774,Станція замостя,49.245473,28.493727,2023-02-21 09:44:47,0,34,SDS_P1,PM10,Пил 10 мкм,ug/m3,мкг/м³,6.87,1.0000000000,2023-02-21 09:44:47,0,1
774,Станція замостя,49.245473,28.493727,2023-02-21 09:44:47,0,23,BME280_temperature,Temperature,Температура,°C,°C,5.92,1.0000000000,2023-02-21 09:44:47,0,0
774,Станція замостя,49.245473,28.493727,2023-02-21 09:44:47,0,24,BME280_humidity,Humidity,Вологість,%,%,100.00,1.0000000000,2023-02-21 09:44:47,0,0
774,Станція замостя,49.245473,28.493727,2023-02-21 09:44:47,0,25,BME280_pressure,Pressure,Атмосферний тиск,Pa,мм.рт.ст.,96835.63,0.0075006168,2023-02-21 09:44:47,0,0
774,Станція замостя,49.245473,28.493727,2023-02-21 09:44:47,0,7,CO2,CO₂,CO₂,ppm,ppm,400.00,1.0000000000,2023-02-21 09:44:47,0,0
790,станція Вишенька,49.227009,28.418998,2023-02-20 15:56:43,18,33,SDS_P2,PM2.5,Пил 2.5 мкм,ug/m3,мкг/м³,2.76,1.0000000000,2023-02-20 15:56:43,18,1
790,станція Вишенька,49.227009,28.418998,2023-02-20 15:56:43,18,34,SDS_P1,PM10,Пил 10 мкм,ug/m3,мкг/м³,8.58,1.0000000000,2023-02-20 15:56:43,18,1
790,станція Вишенька,49.227009,28.418998,2023-02-20 15:56:43,18,23,BME280_temperature,Temperature,Температура,°C,°C,4.19,1.0000000000,2023-02-20 15:56:43,18,0
790,станція Вишенька,49.227009,28.418998,2023-02-20 15:56:43,18,24,BME280_humidity,Humidity,Вологість,%,%,51.45,1.0000000000,2023-02-20 15:56:43,18,0
790,станція Вишенька,49.227009,28.418998,2023-02-20 15:56:43,18,25,BME280_pressure,Pressure,Атмосферний тиск,Pa,мм.рт.ст.,97976.64,0.0075006168,2023-02-20 15:56:43,18,0
790,станція Вишенька,49.227009,28.418998,2023-02-20 15:56:43,18,7,CO2,CO₂,CO₂,ppm,ppm,400.00,1.0000000000,2023-02-20 15:56:43,18,0
1434,Lun-129,49.230306,28.392620,2023-02-21 09:44:02,0,38,pm0,PM1.0,Пил 1.0 мкм,ug/m3,мкг/м³,1.44,1.0000000000,2023-02-21 09:44:01,0,1
1434,Lun-129,49.230306,28.392620,2023-02-21 09:44:02,0,5,pm25,PM2.5,Пил 2.5 мкм,ug/m3,мкг/м³,1.55,1.0000000000,2023-02-21 09:44:01,0,1
1434,Lun-129,49.230306,28.392620,2023-02-21 09:44:02,0,6,pm10,PM10,Пил 10 мкм,ug/m3,мкг/м³,1.55,1.0000000000,2023-02-21 09:44:01,0,1
1434,Lun-129,49.230306,28.392620,2023-02-21 09:44:02,0,1,temperature,Temperature,Температура,°C,°C,6.62,1.0000000000,2023-02-21 09:44:01,0,0
1434,Lun-129,49.230306,28.392620,2023-02-21 09:44:02,0,2,humidity,Humidity,Вологість,%,%,100,1.0000000000,2023-02-21 09:44:01,0,0
1434,Lun-129,49.230306,28.392620,2023-02-21 09:44:02,0,3,pressure,Pressure,Атмосферний тиск,hPa,мм.рт.ст.,967.82,0.7500615758,2023-02-21 09:44:01,0,0
1769,Lun-315,49.243687,28.496432,2023-02-21 09:44:02,0,38,pm0,PM1.0,Пил 1.0 мкм,ug/m3,мкг/м³,1.73,1.0000000000,2023-02-21 09:44:01,0,1
1769,Lun-315,49.243687,28.496432,2023-02-21 09:44:02,0,5,pm25,PM2.5,Пил 2.5 мкм,ug/m3,мкг/м³,2.77,1.0000000000,2023-02-21 09:44:01,0,1
1769,Lun-315,49.243687,28.496432,2023-02-21 09:44:02,0,6,pm10,PM10,Пил 10 мкм,ug/m3,мкг/м³,5,1.0000000000,2023-02-21 09:44:01,0,1
1769,Lun-315,49.243687,28.496432,2023-02-21 09:44:02,0,1,temperature,Temperature,Температура,°C,°C,7.68,1.0000000000,2023-02-21 09:44:01,0,0
1769,Lun-315,49.243687,28.496432,2023-02-21 09:44:02,0,2,humidity,Humidity,Вологість,%,%,76.83,1.0000000000,2023-02-21 09:44:01,0,0
767,Соборна 36,49.232859,28.470453,2023-02-21 09:59:55,1,33,SDS_P2,PM2.5,Пил 2.5 мкм,ug/m3,мкг/м³,0.20,1.0000000000,2023-02-21 09:59:55,1,1
767,Соборна 36,49.232859,28.470453,2023-02-21 09:59:55,1,34,SDS_P1,PM10,Пил 10 мкм,ug/m3,мкг/м³,0.54,1.0000000000,2023-02-21 09:59:55,1,1
767,Соборна 36,49.232859,28.470453,2023-02-21 09:59:55,1,23,BME280_temperature,Temperature,Температура,°C,°C,13.35,1.0000000000,2023-02-21 09:59:55,1,0
767,Соборна 36,49.232859,28.470453,2023-02-21 09:59:55,1,24,BME280_humidity,Humidity,Вологість,%,%,77.74,1.0000000000,2023-02-21 09:59:55,1,0
767,Соборна 36,49.232859,28.470453,2023-02-21 09:59:55,1,25,BME280_pressure,Pressure,Атмосферний тиск,Pa,мм.рт.ст.,96800.16,0.0075006168,2023-02-21 09:59:55,1,0
767,Соборна 36,49.232859,28.470453,2023-02-21 09:59:55,1,7,CO2,CO₂,CO₂,ppm,ppm,400.00,1.0000000000,2023-02-21 09:59:55,1,0
774,Станція замостя,49.245473,28.493727,2023-02-21 09:59:18,1,33,SDS_P2,PM2.5,Пил 2.5 мкм,ug/m3,мкг/м³,2.25,1.0000000000,2023-02-21 09:59:17,1,1
774,Станція замостя,49.245473,28.493727,2023-02-21 09:59:18,1,34,SDS_P1,PM10,Пил 10 мкм,ug/m3,мкг/м³,3.77,1.0000000000,2023-02-21 09:59:17,1,1
774,Станція замостя,49.245473,28.493727,2023-02-21 09:59:18,1,23,BME280_temperature,Temperature,Температура,°C,°C,6.17,1.0000000000,2023-02-21 09:59:17,1,0
774,Станція замостя,49.245473,28.493727,2023-02-21 09:59:18,1,24,BME280_humidity,Humidity,Вологість,%,%,92.07,1.0000000000,2023-02-21 09:59:17,1,0
774,Станція замостя,49.245473,28.493727,2023-02-21 09:59:18,1,25,BME280_pressure,Pressure,Атмосферний тиск,Pa,мм.рт.ст.,96838.00,0.0075006168,2023-02-21 09:59:17,1,0
774,Станція замостя,49.245473,28.493727,2023-02-21 09:59:18,1,7,CO2,CO₂,CO₂,ppm,ppm,400.00,1.0000000000,2023-02-21 09:59:17,1,0
790,станція Вишенька,49.227009,28.418998,2023-02-20 15:56:43,19,33,SDS_P2,PM2.5,Пил 2.5 мкм,ug/m3,мкг/м³,2.76,1.0000000000,2023-02-20 15:56:43,19,1
790,станція Вишенька,49.227009,28.418998,2023-02-20 15:56:43,19,34,SDS_P1,PM10,Пил 10 мкм,ug/m3,мкг/м³,8.58,1.0000000000,2023-02-20 15:56:43,19,1
790,станція Вишенька,49.227009,28.418998,2023-02-20 15:56:43,19,23,BME280_temperature,Temperature,Температура,°C,°C,4.19,1.0000000000,2023-02-20 15:56:43,19,0
790,станція Вишенька,49.227009,28.418998,2023-02-20 15:56:43,19,24,BME280_humidity,Humidity,Вологість,%,%,51.45,1.0000000000,2023-02-20 15:56:43,19,0
790,станція Вишенька,49.227009,28.418998,2023-02-20 15:56:43,19,25,BME280_pressure,Pressure,Атмосферний тиск,Pa,мм.рт.ст.,97976.64,0.0075006168,2023-02-20 15:56:43,19,0
790,станція Вишенька,49.227009,28.418998,2023-02-20 15:56:43,19,7,CO2,CO₂,CO₂,ppm,ppm,400.00,1.0000000000,2023-02-20 15:56:43,19,0
1434,Lun-129,49.230306,28.392620,2023-02-21 10:00:01,0,38,pm0,PM1.0,Пил 1.0 мкм,ug/m3,мкг/м³,0.93,1.0000000000,2023-02-21 10:00:01,0,1
1434,Lun-129,49.230306,28.392620,2023-02-21 10:00:01,0,5,pm25,PM2.5,Пил 2.5 мкм,ug/m3,мкг/м³,1.05,1.0000000000,2023-02-21 10:00:01,0,1
1434,Lun-129,49.230306,28.392620,2023-02-21 10:00:01,0,6,pm10,PM10,Пил 10 мкм,ug/m3,мкг/м³,4.47,1.0000000000,2023-02-21 10:00:01,0,1
1434,Lun-129,49.230306,28.392620,2023-02-21 10:00:01,0,1,temperature,Temperature,Температура,°C,°C,7.13,1.0000000000,2023-02-21 10:00:01,0,0
1434,Lun-129,49.230306,28.392620,2023-02-21 10:00:01,0,2,humidity,Humidity,Вологість,%,%,100,1.0000000000,2023-02-21 10:00:01,0,0
1434,Lun-129,49.230306,28.392620,2023-02-21 10:00:01,0,3,pressure,Pressure,Атмосферний тиск,hPa,мм.рт.ст.,967.85,0.7500615758,2023-02-21 10:00:01,0,0
1769,Lun-315,49.243687,28.496432,2023-02-21 10:00:01,0,38,pm0,PM1.0,Пил 1.0 мкм,ug/m3,мкг/м³,1.58,1.0000000000,2023-02-21 10:00:01,0,1
1769,Lun-315,49.243687,28.496432,2023-02-21 10:00:01,0,5,pm25,PM2.5,Пил 2.5 мкм,ug/m3,мкг/м³,2.43,1.0000000000,2023-02-21 10:00:01,0,1
1769,Lun-315,49.243687,28.496432,2023-02-21 10:00:01,0,6,pm10,PM10,Пил 10 мкм,ug/m3,мкг/м³,4.02,1.0000000000,2023-02-21 10:00:01,0,1
1769,Lun-315,49.243687,28.496432,2023-02-21 10:00:01,0,1,temperature,Temperature,Температура,°C,°C,8.02,1.0000000000,2023-02-21 10:00:01,0,0
1769,Lun-315,49.243687,28.496432,2023-02-21 10:00:01,0,2,humidity,Humidity,Вологість,%,%,72.63,1.0000000000,2023-02-21 10:00:01,0,0
767,Соборна 36,49.232859,28.470453,2023-02-21 10:14:17,0,33,SDS_P2,PM2.5,Пил 2.5 мкм,ug/m3,мкг/м³,0.40,1.0000000000,2023-02-21 10:14:17,0,1
767,Соборна 36,49.232859,28.470453,2023-02-21 10:14:17,0,34,SDS_P1,PM10,Пил 10 мкм,ug/m3,мкг/м³,1.19,1.0000000000,2023-02-21 10:14:17,0,1
767,Соборна 36,49.232859,28.470453,2023-02-21 10:14:17,0,23,BME280_temperature,Temperature,Температура,°C,°C,13.45,1.0000000000,2023-02-21 10:14:17,0,0
767,Соборна 36,49.232859,28.470453,2023-02-21 10:14:17,0,24,BME280_humidity,Humidity,Вологість,%,%,77.39,1.0000000000,2023-02-21 10:14:17,0,0
767,Соборна 36,49.232859,28.470453,2023-02-21 10:14:17,0,25,BME280_pressure,Pressure,Атмосферний тиск,Pa,мм.рт.ст.,96802.53,0.0075006168,2023-02-21 10:14:17,0,0
767,Соборна 36,49.232859,28.470453,2023-02-21 10:14:17,0,7,CO2,CO₂,CO₂,ppm,ppm,400.00,1.0000000000,2023-02-21 10:14:17,0,0
774,Станція замостя,49.245473,28.493727,2023-02-21 10:14:43,0,33,SDS_P2,PM2.5,Пил 2.5 мкм,ug/m3,мкг/м³,1.80,1.0000000000,2023-02-21 10:14:43,0,1
774,Станція замостя,49.245473,28.493727,2023-02-21 10:14:43,0,34,SDS_P1,PM10,Пил 10 мкм,ug/m3,мкг/м³,2.64,1.0000000000,2023-02-21 10:14:43,0,1
774,Станція замостя,49.245473,28.493727,2023-02-21 10:14:43,0,23,BME280_temperature,Temperature,Температура,°C,°C,6.23,1.0000000000,2023-02-21 10:14:43,0,0
774,Станція замостя,49.245473,28.493727,2023-02-21 10:14:43,0,24,BME280_humidity,Humidity,Вологість,%,%,94.46,1.0000000000,2023-02-21 10:14:43,0,0
774,Станція замостя,49.245473,28.493727,2023-02-21 10:14:43,0,25,BME280_pressure,Pressure,Атмосферний тиск,Pa,мм.рт.ст.,96808.55,0.0075006168,2023-02-21 10:14:43,0,0
774,Станція замостя,49.245473,28.493727,2023-02-21 10:14:43,0,7,CO2,CO₂,CO₂,ppm,ppm,400.00,1.0000000000,2023-02-21 10:14:43,0,0
790,станція Вишенька,49.227009,28.418998,2023-02-20 15:56:43,19,33,SDS_P2,PM2.5,Пил 2.5 мкм,ug/m3,мкг/м³,2.76,1.0000000000,2023-02-20 15:56:43,19,1
790,станція Вишенька,49.227009,28.418998,2023-02-20 15:56:43,19,34,SDS_P1,PM10,Пил 10 мкм,ug/m3,мкг/м³,8.58,1.0000000000,2023-02-20 15:56:43,19,1
790,станція Вишенька,49.227009,28.418998,2023-02-20 15:56:43,19,23,BME280_temperature,Temperature,Температура,°C,°C,4.19,1.0000000000,2023-02-20 15:56:43,19,0
790,станція Вишенька,49.227009,28.418998,2023-02-20 15:56:43,19,24,BME280_humidity,Humidity,Вологість,%,%,51.45,1.0000000000,2023-02-20 15:56:43,19,0
790,станція Вишенька,49.227009,28.418998,2023-02-20 15:56:43,19,25,BME280_pressure,Pressure,Атмосферний тиск,Pa,мм.рт.ст.,97976.64,0.0075006168,2023-02-20 15:56:43,19,0
790,станція Вишенька,49.227009,28.418998,2023-02-20 15:56:43,19,7,CO2,CO₂,CO₂,ppm,ppm,400.00,1.0000000000,2023-02-20 15:56:43,19,0
1434,Lun-129,49.230306,28.392620,2023-02-21 10:14:01,0,38,pm0,PM1.0,Пил 1.0 мкм,ug/m3,мкг/м³,3.05,1.0000000000,2023-02-21 10:14:01,0,1
1434,Lun-129,49.230306,28.392620,2023-02-21 10:14:01,0,5,pm25,PM2.5,Пил 2.5 мкм,ug/m3,мкг/м³,4.26,1.0000000000,2023-02-21 10:14:01,0,1
1434,Lun-129,49.230306,28.392620,2023-02-21 10:14:01,0,6,pm10,PM10,Пил 10 мкм,ug/m3,мкг/м³,5.68,1.0000000000,2023-02-21 10:14:01,0,1
1434,Lun-129,49.230306,28.392620,2023-02-21 10:14:01,0,1,temperature,Temperature,Температура,°C,°C,6.48,1.0000000000,2023-02-21 10:14:01,0,0
1434,Lun-129,49.230306,28.392620,2023-02-21 10:14:01,0,2,humidity,Humidity,Вологість,%,%,100,1.0000000000,2023-02-21 10:14:01,0,0
1434,Lun-129,49.230306,28.392620,2023-02-21 10:14:01,0,3,pressure,Pressure,Атмосферний тиск,hPa,мм.рт.ст.,967.85,0.7500615758,2023-02-21 10:14:01,0,0
1769,Lun-315,49.243687,28.496432,2023-02-21 10:14:01,0,38,pm0,PM1.0,Пил 1.0 мкм,ug/m3,мкг/м³,1.53,1.0000000000,2023-02-21 10:14:01,0,1
1769,Lun-315,49.243687,28.496432,2023-02-21 10:14:01,0,5,pm25,PM2.5,Пил 2.5 мкм,ug/m3,мкг/м³,2.41,1.0000000000,2023-02-21 10:14:01,0,1
1769,Lun-315,49.243687,28.496432,2023-02-21 10:14:01,0,6,pm10,PM10,Пил 10 мкм,ug/m3,мкг/м³,4.1,1.0000000000,2023-02-21 10:14:01,0,1
1769,Lun-315,49.243687,28.496432,2023-02-21 10:14:01,0,1,temperature,Temperature,Температура,°C,°C,8.16,1.0000000000,2023-02-21 10:14:01,0,0
1769,Lun-315,49.243687,28.496432,2023-02-21 10:14:01,0,2,humidity,Humidity,Вологість,%,%,73.03,1.0000000000,2023-02-21 10:14:01,0,0
767,Соборна 36,49.232859,28.470453,2023-02-21 10:29:40,0,33,SDS_P2,PM2.5,Пил 2.5 мкм,ug/m3,мкг/м³,0.40,1.0000000000,2023-02-21 10:29:40,0,1
767,Соборна 36,49.232859,28.470453,2023-02-21 10:29:40,0,34,SDS_P1,PM10,Пил 10 мкм,ug/m3,мкг/м³,2.14,1.0000000000,2023-02-21 10:29:40,0,1
767,Соборна 36,49.232859,28.470453,2023-02-21 10:29:40,0,23,BME280_temperature,Temperature,Температура,°C,°C,14.37,1.0000000000,2023-02-21 10:29:40,0,0
767,Соборна 36,49.232859,28.470453,2023-02-21 10:29:40,0,24,BME280_humidity,Humidity,Вологість,%,%,78.61,1.0000000000,2023-02-21 10:29:40,0,0
767,Соборна 36,49.232859,28.470453,2023-02-21 10:29:40,0,25,BME280_pressure,Pressure,Атмосферний тиск,Pa,мм.рт.ст.,96810.70,0.0075006168,2023-02-21 10:29:40,0,0
767,Соборна 36,49.232859,28.470453,2023-02-21 10:29:40,0,7,CO2,CO₂,CO₂,ppm,ppm,400.00,1.0000000000,2023-02-21 10:29:40,0,0
774,Станція замостя,49.245473,28.493727,2023-02-21 10:29:11,0,33,SDS_P2,PM2.5,Пил 2.5 мкм,ug/m3,мкг/м³,2.11,1.0000000000,2023-02-21 10:29:10,0,1
774,Станція замостя,49.245473,28.493727,2023-02-21 10:29:11,0,34,SDS_P1,PM10,Пил 10 мкм,ug/m3,мкг/м³,3.14,1.0000000000,2023-02-21 10:29:10,0,1
774,Станція замостя,49.245473,28.493727,2023-02-21 10:29:11,0,23,BME280_temperature,Temperature,Температура,°C,°C,6.53,1.0000000000,2023-02-21 10:29:10,0,0
774,Станція замостя,49.245473,28.493727,2023-02-21 10:29:11,0,24,BME280_humidity,Humidity,Вологість,%,%,90.35,1.0000000000,2023-02-21 10:29:10,0,0
774,Станція замостя,49.245473,28.493727,2023-02-21 10:29:11,0,25,BME280_pressure,Pressure,Атмосферний тиск,Pa,мм.рт.ст.,96812.77,0.0075006168,2023-02-21 10:29:10,0,0
774,Станція замостя,49.245473,28.493727,2023-02-21 10:29:11,0,7,CO2,CO₂,CO₂,ppm,ppm,400.00,1.0000000000,2023-02-21 10:29:10,0,0
790,станція Вишенька,49.227009,28.418998,2023-02-20 15:56:43,19,33,SDS_P2,PM2.5,Пил 2.5 мкм,ug/m3,мкг/м³,2.76,1.0000000000,2023-02-20 15:56:43,19,1
790,станція Вишенька,49.227009,28.418998,2023-02-20 15:56:43,19,34,SDS_P1,PM10,Пил 10 мкм,ug/m3,мкг/м³,8.58,1.0000000000,2023-02-20 15:56:43,19,1
790,станція Вишенька,49.227009,28.418998,2023-02-20 15:56:43,19,23,BME280_temperature,Temperature,Температура,°C,°C,4.19,1.0000000000,2023-02-20 15:56:43,19,0
790,станція Вишенька,49.227009,28.418998,2023-02-20 15:56:43,19,24,BME280_humidity,Humidity,Вологість,%,%,51.45,1.0000000000,2023-02-20 15:56:43,19,0
790,станція Вишенька,49.227009,28.418998,2023-02-20 15:56:43,19,25,BME280_pressure,Pressure,Атмосферний тиск,Pa,мм.рт.ст.,97976.64,0.0075006168,2023-02-20 15:56:43,19,0
790,станція Вишенька,49.227009,28.418998,2023-02-20 15:56:43,19,7,CO2,CO₂,CO₂,ppm,ppm,400.00,1.0000000000,2023-02-20 15:56:43,19,0
1434,Lun-129,49.230306,28.392620,2023-02-21 10:30:01,0,38,pm0,PM1.0,Пил 1.0 мкм,ug/m3,мкг/м³,1.24,1.0000000000,2023-02-21 10:30:01,0,1
1434,Lun-129,49.230306,28.392620,2023-02-21 10:30:01,0,5,pm25,PM2.5,Пил 2.5 мкм,ug/m3,мкг/м³,1.3,1.0000000000,2023-02-21 10:30:01,0,1
1434,Lun-129,49.230306,28.392620,2023-02-21 10:30:01,0,6,pm10,PM10,Пил 10 мкм,ug/m3,мкг/м³,5.56,1.0000000000,2023-02-21 10:30:01,0,1
1434,Lun-129,49.230306,28.392620,2023-02-21 10:30:01,0,1,temperature,Temperature,Температура,°C,°C,6.78,1.0000000000,2023-02-21 10:30:01,0,0
1434,Lun-129,49.230306,28.392620,2023-02-21 10:30:01,0,2,humidity,Humidity,Вологість,%,%,100,1.0000000000,2023-02-21 10:30:01,0,0
1434,Lun-129,49.230306,28.392620,2023-02-21 10:30:01,0,3,pressure,Pressure,Атмосферний тиск,hPa,мм.рт.ст.,967.85,0.7500615758,2023-02-21 10:30:01,0,0
1769,Lun-315,49.243687,28.496432,2023-02-21 10:30:01,0,38,pm0,PM1.0,Пил 1.0 мкм,ug/m3,мкг/м³,1.69,1.0000000000,2023-02-21 10:30:01,0,1
1769,Lun-315,49.243687,28.496432,2023-02-21 10:30:01,0,5,pm25,PM2.5,Пил 2.5 мкм,ug/m3,мкг/м³,2.64,1.0000000000,2023-02-21 10:30:01,0,1
1769,Lun-315,49.243687,28.496432,2023-02-21 10:30:01,0,6,pm10,PM10,Пил 10 мкм,ug/m3,мкг/м³,4.04,1.0000000000,2023-02-21 10:30:01,0,1
1769,Lun-315,49.243687,28.496432,2023-02-21 10:30:01,0,1,temperature,Temperature,Температура,°C,°C,8.64,1.0000000000,2023-02-21 10:30:01,0,0
1769,Lun-315,49.243687,28.496432,2023-02-21 10:30:01,0,2,humidity,Humidity,Вологість,%,%,71.39,1.0000000000,2023-02-21 10:30:01,0,0
767,Соборна 36,49.232859,28.470453,2023-02-21 10:44:01,0,33,SDS_P2,PM2.5,Пил 2.5 мкм,ug/m3,мкг/м³,0.30,1.0000000000,2023-02-21 10:44:01,0,1
767,Соборна 36,49.232859,28.470453,2023-02-21 10:44:01,0,34,SDS_P1,PM10,Пил 10 мкм,ug/m3,мкг/м³,0.76,1.0000000000,2023-02-21 10:44:01,0,1
767,Соборна 36,49.232859,28.470453,2023-02-21 10:44:01,0,23,BME280_temperature,Temperature,Температура,°C,°C,13.17,1.0000000000,2023-02-21 10:44:01,0,0
767,Соборна 36,49.232859,28.470453,2023-02-21 10:44:01,0,24,BME280_humidity,Humidity,Вологість,%,%,77.66,1.0000000000,2023-02-21 10:44:01,0,0
767,Соборна 36,49.232859,28.470453,2023-02-21 10:44:01,0,25,BME280_pressure,Pressure,Атмосферний тиск,Pa,мм.рт.ст.,96839.63,0.0075006168,2023-02-21 10:44:01,0,0
767,Соборна 36,49.232859,28.470453,2023-02-21 10:44:01,0,7,CO2,CO₂,CO₂,ppm,ppm,400.00,1.0000000000,2023-02-21 10:44:01,0,0
774,Станція замостя,49.245473,28.493727,2023-02-21 10:44:35,0,33,SDS_P2,PM2.5,Пил 2.5 мкм,ug/m3,мкг/м³,2.35,1.0000000000,2023-02-21 10:44:35,0,1
774,Станція замостя,49.245473,28.493727,2023-02-21 10:44:35,0,34,SDS_P1,PM10,Пил 10 мкм,ug/m3,мкг/м³,4.26,1.0000000000,2023-02-21 10:44:35,0,1
774,Станція замостя,49.245473,28.493727,2023-02-21 10:44:35,0,23,BME280_temperature,Temperature,Температура,°C,°C,6.28,1.0000000000,2023-02-21 10:44:35,0,0
774,Станція замостя,49.245473,28.493727,2023-02-21 10:44:35,0,24,BME280_humidity,Humidity,Вологість,%,%,90.95,1.0000000000,2023-02-21 10:44:35,0,0
774,Станція замостя,49.245473,28.493727,2023-02-21 10:44:35,0,25,BME280_pressure,Pressure,Атмосферний тиск,Pa,мм.рт.ст.,96841.01,0.0075006168,2023-02-21 10:44:35,0,0
774,Станція замостя,49.245473,28.493727,2023-02-21 10:44:35,0,7,CO2,CO₂,CO₂,ppm,ppm,400.00,1.0000000000,2023-02-21 10:44:35,0,0
790,станція Вишенька,49.227009,28.418998,2023-02-20 15:56:43,19,33,SDS_P2,PM2.5,Пил 2.5 мкм,ug/m3,мкг/м³,2.76,1.0000000000,2023-02-20 15:56:43,19,1
790,станція Вишенька,49.227009,28.418998,2023-02-20 15:56:43,19,34,SDS_P1,PM10,Пил 10 мкм,ug/m3,мкг/м³,8.58,1.0000000000,2023-02-20 15:56:43,19,1
790,станція Вишенька,49.227009,28.418998,2023-02-20 15:56:43,19,23,BME280_temperature,Temperature,Температура,°C,°C,4.19,1.0000000000,2023-02-20 15:56:43,19,0
790,станція Вишенька,49.227009,28.418998,2023-02-20 15:56:43,19,24,BME280_humidity,Humidity,Вологість,%,%,51.45,1.0000000000,2023-02-20 15:56:43,19,0
790,станція Вишенька,49.227009,28.418998,2023-02-20 15:56:43,19,25,BME280_pressure,Pressure,Атмосферний тиск,Pa,мм.рт.ст.,97976.64,0.0075006168,2023-02-20 15:56:43,19,0
790,станція Вишенька,49.227009,28.418998,2023-02-20 15:56:43,19,7,CO2,CO₂,CO₂,ppm,ppm,400.00,1.0000000000,2023-02-20 15:56:43,19,0
1434,Lun-129,49.230306,28.392620,2023-02-21 10:44:01,0,38,pm0,PM1.0,Пил 1.0 мкм,ug/m3,мкг/м³,0.66,1.0000000000,2023-02-21 10:44:01,0,1
1434,Lun-129,49.230306,28.392620,2023-02-21 10:44:01,0,5,pm25,PM2.5,Пил 2.5 мкм,ug/m3,мкг/м³,0.8,1.0000000000,2023-02-21 10:44:01,0,1
1434,Lun-129,49.230306,28.392620,2023-02-21 10:44:01,0,6,pm10,PM10,Пил 10 мкм,ug/m3,мкг/м³,2.89,1.0000000000,2023-02-21 10:44:01,0,1
1434,Lun-129,49.230306,28.392620,2023-02-21 10:44:01,0,1,temperature,Temperature,Температура,°C,°C,5.82,1.0000000000,2023-02-21 10:44:01,0,0
1434,Lun-129,49.230306,28.392620,2023-02-21 10:44:01,0,2,humidity,Humidity,Вологість,%,%,100,1.0000000000,2023-02-21 10:44:01,0,0
1434,Lun-129,49.230306,28.392620,2023-02-21 10:44:01,0,3,pressure,Pressure,Атмосферний тиск,hPa,мм.рт.ст.,968.1,0.7500615758,2023-02-21 10:44:01,0,0
1769,Lun-315,49.243687,28.496432,2023-02-21 10:44:01,0,38,pm0,PM1.0,Пил 1.0 мкм,ug/m3,мкг/м³,1.8,1.0000000000,2023-02-21 10:44:01,0,1
1769,Lun-315,49.243687,28.496432,2023-02-21 10:44:01,0,5,pm25,PM2.5,Пил 2.5 мкм,ug/m3,мкг/м³,2.71,1.0000000000,2023-02-21 10:44:01,0,1
1769,Lun-315,49.243687,28.496432,2023-02-21 10:44:01,0,6,pm10,PM10,Пил 10 мкм,ug/m3,мкг/м³,4.26,1.0000000000,2023-02-21 10:44:01,0,1
1769,Lun-315,49.243687,28.496432,2023-02-21 10:44:01,0,1,temperature,Temperature,Температура,°C,°C,8.11,1.0000000000,2023-02-21 10:44:01,0,0
1769,Lun-315,49.243687,28.496432,2023-02-21 10:44:01,0,2,humidity,Humidity,Вологість,%,%,73.11,1.0000000000,2023-02-21 10:44:01,0,0
767,Соборна 36,49.232859,28.470453,2023-02-21 10:59:25,1,33,SDS_P2,PM2.5,Пил 2.5 мкм,ug/m3,мкг/м³,0.27,1.0000000000,2023-02-21 10:59:25,1,1
767,Соборна 36,49.232859,28.470453,2023-02-21 10:59:25,1,34,SDS_P1,PM10,Пил 10 мкм,ug/m3,мкг/м³,1.81,1.0000000000,2023-02-21 10:59:25,1,1
767,Соборна 36,49.232859,28.470453,2023-02-21 10:59:25,1,23,BME280_temperature,Temperature,Температура,°C,°C,13.07,1.0000000000,2023-02-21 10:59:25,1,0
767,Соборна 36,49.232859,28.470453,2023-02-21 10:59:25,1,24,BME280_humidity,Humidity,Вологість,%,%,80.32,1.0000000000,2023-02-21 10:59:25,1,0
767,Соборна 36,49.232859,28.470453,2023-02-21 10:59:25,1,25,BME280_pressure,Pressure,Атмосферний тиск,Pa,мм.рт.ст.,96807.92,0.0075006168,2023-02-21 10:59:25,1,0
767,Соборна 36,49.232859,28.470453,2023-02-21 10:59:25,1,7,CO2,CO₂,CO₂,ppm,ppm,400.00,1.0000000000,2023-02-21 10:59:25,1,0
774,Станція замостя,49.245473,28.493727,2023-02-21 10:59:06,1,33,SDS_P2,PM2.5,Пил 2.5 мкм,ug/m3,мкг/м³,2.90,1.0000000000,2023-02-21 10:59:05,1,1
774,Станція замостя,49.245473,28.493727,2023-02-21 10:59:06,1,34,SDS_P1,PM10,Пил 10 мкм,ug/m3,мкг/м³,4.23,1.0000000000,2023-02-21 10:59:05,1,1
774,Станція замостя,49.245473,28.493727,2023-02-21 10:59:06,1,23,BME280_temperature,Temperature,Температура,°C,°C,5.98,1.0000000000,2023-02-21 10:59:05,1,0
774,Станція замостя,49.245473,28.493727,2023-02-21 10:59:06,1,24,BME280_humidity,Humidity,Вологість,%,%,95.12,1.0000000000,2023-02-21 10:59:05,1,0
774,Станція замостя,49.245473,28.493727,2023-02-21 10:59:06,1,25,BME280_pressure,Pressure,Атмосферний тиск,Pa,мм.рт.ст.,96813.19,0.0075006168,2023-02-21 10:59:05,1,0
774,Станція замостя,49.245473,28.493727,2023-02-21 10:59:06,1,7,CO2,CO₂,CO₂,ppm,ppm,400.00,1.0000000000,2023-02-21 10:59:05,1,0
790,станція Вишенька,49.227009,28.418998,2023-02-20 15:56:43,20,33,SDS_P2,PM2.5,Пил 2.5 мкм,ug/m3,мкг/м³,2.76,1.0000000000,2023-02-20 15:56:43,20,1
790,станція Вишенька,49.227009,28.418998,2023-02-20 15:56:43,20,34,SDS_P1,PM10,Пил 10 мкм,ug/m3,мкг/м³,8.58,1.0000000000,2023-02-20 15:56:43,20,1
790,станція Вишенька,49.227009,28.418998,2023-02-20 15:56:43,20,23,BME280_temperature,Temperature,Температура,°C,°C,4.19,1.0000000000,2023-02-20 15:56:43,20,0
790,станція Вишенька,49.227009,28.418998,2023-02-20 15:56:43,20,24,BME280_humidity,Humidity,Вологість,%,%,51.45,1.0000000000,2023-02-20 15:56:43,20,0
790,станція Вишенька,49.227009,28.418998,2023-02-20 15:56:43,20,25,BME280_pressure,Pressure,Атмосферний тиск,Pa,мм.рт.ст.,97976.64,0.0075006168,2023-02-20 15:56:43,20,0
790,станція Вишенька,49.227009,28.418998,2023-02-20 15:56:43,20,7,CO2,CO₂,CO₂,ppm,ppm,400.00,1.0000000000,2023-02-20 15:56:43,20,0
1434,Lun-129,49.230306,28.392620,2023-02-21 10:59:02,1,38,pm0,PM1.0,Пил 1.0 мкм,ug/m3,мкг/м³,2.12,1.0000000000,2023-02-21 10:59:01,1,1
1434,Lun-129,49.230306,28.392620,2023-02-21 10:59:02,1,5,pm25,PM2.5,Пил 2.5 мкм,ug/m3,мкг/м³,2.12,1.0000000000,2023-02-21 10:59:01,1,1
1434,Lun-129,49.230306,28.392620,2023-02-21 10:59:02,1,6,pm10,PM10,Пил 10 мкм,ug/m3,мкг/м³,2.12,1.0000000000,2023-02-21 10:59:01,1,1
1434,Lun-129,49.230306,28.392620,2023-02-21 10:59:02,1,1,temperature,Temperature,Температура,°C,°C,6.12,1.0000000000,2023-02-21 10:59:01,1,0
1434,Lun-129,49.230306,28.392620,2023-02-21 10:59:02,1,2,humidity,Humidity,Вологість,%,%,100,1.0000000000,2023-02-21 10:59:01,1,0
1434,Lun-129,49.230306,28.392620,2023-02-21 10:59:02,1,3,pressure,Pressure,Атмосферний тиск,hPa,мм.рт.ст.,967.86,0.7500615758,2023-02-21 10:59:01,1,0
1769,Lun-315,49.243687,28.496432,2023-02-21 10:59:14,1,38,pm0,PM1.0,Пил 1.0 мкм,ug/m3,мкг/м³,1.49,1.0000000000,2023-02-21 10:59:01,1,1
1769,Lun-315,49.243687,28.496432,2023-02-21 10:59:14,1,5,pm25,PM2.5,Пил 2.5 мкм,ug/m3,мкг/м³,2.53,1.0000000000,2023-02-21 10:59:01,1,1
1769,Lun-315,49.243687,28.496432,2023-02-21 10:59:14,1,6,pm10,PM10,Пил 10 мкм,ug/m3,мкг/м³,4.43,1.0000000000,2023-02-21 10:59:01,1,1
1769,Lun-315,49.243687,28.496432,2023-02-21 10:59:14,1,1,temperature,Temperature,Температура,°C,°C,7.54,1.0000000000,2023-02-21 10:59:01,1,0
1769,Lun-315,49.243687,28.496432,2023-02-21 10:59:14,1,2,humidity,Humidity,Вологість,%,%,76.79,1.0000000000,2023-02-21 10:59:01,1,0
767,Соборна 36,49.232859,28.470453,2023-02-21 11:14:48,0,33,SDS_P2,PM2.5,Пил 2.5 мкм,ug/m3,мкг/м³,0.27,1.0000000000,2023-02-21 11:14:48,0,1
767,Соборна 36,49.232859,28.470453,2023-02-21 11:14:48,0,34,SDS_P1,PM10,Пил 10 мкм,ug/m3,мкг/м³,1.16,1.0000000000,2023-02-21 11:14:48,0,1
767,Соборна 36,49.232859,28.470453,2023-02-21 11:14:48,0,23,BME280_temperature,Temperature,Температура,°C,°C,12.72,1.0000000000,2023-02-21 11:14:48,0,0
767,Соборна 36,49.232859,28.470453,2023-02-21 11:14:48,0,24,BME280_humidity,Humidity,Вологість,%,%,73.56,1.0000000000,2023-02-21 11:14:48,0,0
767,Соборна 36,49.232859,28.470453,2023-02-21 11:14:48,0,25,BME280_pressure,Pressure,Атмосферний тиск,Pa,мм.рт.ст.,96832.41,0.0075006168,2023-02-21 11:14:48,0,0
767,Соборна 36,49.232859,28.470453,2023-02-21 11:14:48,0,7,CO2,CO₂,CO₂,ppm,ppm,400.00,1.0000000000,2023-02-21 11:14:48,0,0
774,Станція замостя,49.245473,28.493727,2023-02-21 11:14:33,0,33,SDS_P2,PM2.5,Пил 2.5 мкм,ug/m3,мкг/м³,2.23,1.0000000000,2023-02-21 11:14:33,0,1
774,Станція замостя,49.245473,28.493727,2023-02-21 11:14:33,0,34,SDS_P1,PM10,Пил 10 мкм,ug/m3,мкг/м³,3.14,1.0000000000,2023-02-21 11:14:33,0,1
774,Станція замостя,49.245473,28.493727,2023-02-21 11:14:33,0,23,BME280_temperature,Temperature,Температура,°C,°C,5.95,1.0000000000,2023-02-21 11:14:33,0,0
774,Станція замостя,49.245473,28.493727,2023-02-21 11:14:33,0,24,BME280_humidity,Humidity,Вологість,%,%,97.01,1.0000000000,2023-02-21 11:14:33,0,0
774,Станція замостя,49.245473,28.493727,2023-02-21 11:14:33,0,25,BME280_pressure,Pressure,Атмосферний тиск,Pa,мм.рт.ст.,96839.69,0.0075006168,2023-02-21 11:14:33,0,0
774,Станція замостя,49.245473,28.493727,2023-02-21 11:14:33,0,7,CO2,CO₂,CO₂,ppm,ppm,400.00,1.0000000000,2023-02-21 11:14:33,0,0
790,станція Вишенька,49.227009,28.418998,2023-02-20 15:56:43,20,33,SDS_P2,PM2.5,Пил 2.5 мкм,ug/m3,мкг/м³,2.76,1.0000000000,2023-02-20 15:56:43,20,1
790,станція Вишенька,49.227009,28.418998,2023-02-20 15:56:43,20,34,SDS_P1,PM10,Пил 10 мкм,ug/m3,мкг/м³,8.58,1.0000000000,2023-02-20 15:56:43,20,1
790,станція Вишенька,49.227009,28.418998,2023-02-20 15:56:43,20,23,BME280_temperature,Temperature,Температура,°C,°C,4.19,1.0000000000,2023-02-20 15:56:43,20,0
790,станція Вишенька,49.227009,28.418998,2023-02-20 15:56:43,20,24,BME280_humidity,Humidity,Вологість,%,%,51.45,1.0000000000,2023-02-20 15:56:43,20,0
790,станція Вишенька,49.227009,28.418998,2023-02-20 15:56:43,20,25,BME280_pressure,Pressure,Атмосферний тиск,Pa,мм.рт.ст.,97976.64,0.0075006168,2023-02-20 15:56:43,20,0
790,станція Вишенька,49.227009,28.418998,2023-02-20 15:56:43,20,7,CO2,CO₂,CO₂,ppm,ppm,400.00,1.0000000000,2023-02-20 15:56:43,20,0
1434,Lun-129,49.230306,28.392620,2023-02-21 11:14:02,0,38,pm0,PM1.0,Пил 1.0 мкм,ug/m3,мкг/м³,2.12,1.0000000000,2023-02-21 11:14:01,0,1
1434,Lun-129,49.230306,28.392620,2023-02-21 11:14:02,0,5,pm25,PM2.5,Пил 2.5 мкм,ug/m3,мкг/м³,2.12,1.0000000000,2023-02-21 11:14:01,0,1
1434,Lun-129,49.230306,28.392620,2023-02-21 11:14:02,0,6,pm10,PM10,Пил 10 мкм,ug/m3,мкг/м³,2.12,1.0000000000,2023-02-21 11:14:01,0,1
1434,Lun-129,49.230306,28.392620,2023-02-21 11:14:02,0,1,temperature,Temperature,Температура,°C,°C,7.08,1.0000000000,2023-02-21 11:14:01,0,0
1434,Lun-129,49.230306,28.392620,2023-02-21 11:14:02,0,2,humidity,Humidity,Вологість,%,%,100,1.0000000000,2023-02-21 11:14:01,0,0
1434,Lun-129,49.230306,28.392620,2023-02-21 11:14:02,0,3,pressure,Pressure,Атмосферний тиск,hPa,мм.рт.ст.,967.96,0.7500615758,2023-02-21 11:14:01,0,0
1769,Lun-315,49.243687,28.496432,2023-02-21 11:14:02,0,38,pm0,PM1.0,Пил 1.0 мкм,ug/m3,мкг/м³,1.59,1.0000000000,2023-02-21 11:14:01,0,1
1769,Lun-315,49.243687,28.496432,2023-02-21 11:14:02,0,5,pm25,PM2.5,Пил 2.5 мкм,ug/m3,мкг/м³,2.68,1.0000000000,2023-02-21 11:14:01,0,1
1769,Lun-315,49.243687,28.496432,2023-02-21 11:14:02,0,6,pm10,PM10,Пил 10 мкм,ug/m3,мкг/м³,4.99,1.0000000000,2023-02-21 11:14:01,0,1
1769,Lun-315,49.243687,28.496432,2023-02-21 11:14:02,0,1,temperature,Temperature,Температура,°C,°C,7.63,1.0000000000,2023-02-21 11:14:01,0,0
1769,Lun-315,49.243687,28.496432,2023-02-21 11:14:02,0,2,humidity,Humidity,Вологість,%,%,77.84,1.0000000000,2023-02-21 11:14:01,0,0
767,Соборна 36,49.232859,28.470453,2023-02-21 11:29:09,0,33,SDS_P2,PM2.5,Пил 2.5 мкм,ug/m3,мкг/м³,0.20,1.0000000000,2023-02-21 11:29:09,0,1
767,Соборна 36,49.232859,28.470453,2023-02-21 11:29:09,0,34,SDS_P1,PM10,Пил 10 мкм,ug/m3,мкг/м³,0.55,1.0000000000,2023-02-21 11:29:09,0,1
767,Соборна 36,49.232859,28.470453,2023-02-21 11:29:09,0,23,BME280_temperature,Temperature,Температура,°C,°C,13.34,1.0000000000,2023-02-21 11:29:09,0,0
767,Соборна 36,49.232859,28.470453,2023-02-21 11:29:09,0,24,BME280_humidity,Humidity,Вологість,%,%,62.97,1.0000000000,2023-02-21 11:29:09,0,0
767,Соборна 36,49.232859,28.470453,2023-02-21 11:29:09,0,25,BME280_pressure,Pressure,Атмосферний тиск,Pa,мм.рт.ст.,96825.13,0.0075006168,2023-02-21 11:29:09,0,0
767,Соборна 36,49.232859,28.470453,2023-02-21 11:29:09,0,7,CO2,CO₂,CO₂,ppm,ppm,400.00,1.0000000000,2023-02-21 11:29:09,0,0
774,Станція замостя,49.245473,28.493727,2023-02-21 11:30:02,0,33,SDS_P2,PM2.5,Пил 2.5 мкм,ug/m3,мкг/м³,4.68,1.0000000000,2023-02-21 11:30:02,0,1
774,Станція замостя,49.245473,28.493727,2023-02-21 11:30:02,0,34,SDS_P1,PM10,Пил 10 мкм,ug/m3,мкг/м³,7.14,1.0000000000,2023-02-21 11:30:02,0,1
774,Станція замостя,49.245473,28.493727,2023-02-21 11:30:02,0,23,BME280_temperature,Temperature,Температура,°C,°C,6.52,1.0000000000,2023-02-21 11:30:02,0,0
774,Станція замостя,49.245473,28.493727,2023-02-21 11:30:02,0,24,BME280_humidity,Humidity,Вологість,%,%,88.38,1.0000000000,2023-02-21 11:30:02,0,0
774,Станція замостя,49.245473,28.493727,2023-02-21 11:30:02,0,25,BME280_pressure,Pressure,Атмосферний тиск,Pa,мм.рт.ст.,96815.57,0.0075006168,2023-02-21 11:30:02,0,0
774,Станція замостя,49.245473,28.493727,2023-02-21 11:30:02,0,7,CO2,CO₂,CO₂,ppm,ppm,400.00,1.0000000000,2023-02-21 11:30:02,0,0
790,станція Вишенька,49.227009,28.418998,2023-02-20 15:56:43,20,33,SDS_P2,PM2.5,Пил 2.5 мкм,ug/m3,мкг/м³,2.76,1.0000000000,2023-02-20 15:56:43,20,1
790,станція Вишенька,49.227009,28.418998,2023-02-20 15:56:43,20,34,SDS_P1,PM10,Пил 10 мкм,ug/m3,мкг/м³,8.58,1.0000000000,2023-02-20 15:56:43,20,1
790,станція Вишенька,49.227009,28.418998,2023-02-20 15:56:43,20,23,BME280_temperature,Temperature,Температура,°C,°C,4.19,1.0000000000,2023-02-20 15:56:43,20,0
790,станція Вишенька,49.227009,28.418998,2023-02-20 15:56:43,20,24,BME280_humidity,Humidity,Вологість,%,%,51.45,1.0000000000,2023-02-20 15:56:43,20,0
790,станція Вишенька,49.227009,28.418998,2023-02-20 15:56:43,20,25,BME280_pressure,Pressure,Атмосферний тиск,Pa,мм.рт.ст.,97976.64,0.0075006168,2023-02-20 15:56:43,20,0
790,станція Вишенька,49.227009,28.418998,2023-02-20 15:56:43,20,7,CO2,CO₂,CO₂,ppm,ppm,400.00,1.0000000000,2023-02-20 15:56:43,20,0
1434,Lun-129,49.230306,28.392620,2023-02-21 11:30:02,0,38,pm0,PM1.0,Пил 1.0 мкм,ug/m3,мкг/м³,0.64,1.0000000000,2023-02-21 11:30:01,0,1
1434,Lun-129,49.230306,28.392620,2023-02-21 11:30:02,0,5,pm25,PM2.5,Пил 2.5 мкм,ug/m3,мкг/м³,0.64,1.0000000000,2023-02-21 11:30:01,0,1
1434,Lun-129,49.230306,28.392620,2023-02-21 11:30:02,0,6,pm10,PM10,Пил 10 мкм,ug/m3,мкг/м³,3.91,1.0000000000,2023-02-21 11:30:01,0,1
1434,Lun-129,49.230306,28.392620,2023-02-21 11:30:02,0,1,temperature,Temperature,Температура,°C,°C,9.25,1.0000000000,2023-02-21 11:30:01,0,0
1434,Lun-129,49.230306,28.392620,2023-02-21 11:30:02,0,2,humidity,Humidity,Вологість,%,%,100,1.0000000000,2023-02-21 11:30:01,0,0
1434,Lun-129,49.230306,28.392620,2023-02-21 11:30:02,0,3,pressure,Pressure,Атмосферний тиск,hPa,мм.рт.ст.,967.79,0.7500615758,2023-02-21 11:30:01,0,0
1769,Lun-315,49.243687,28.496432,2023-02-21 11:30:02,0,38,pm0,PM1.0,Пил 1.0 мкм,ug/m3,мкг/м³,1.15,1.0000000000,2023-02-21 11:30:01,0,1
1769,Lun-315,49.243687,28.496432,2023-02-21 11:30:02,0,5,pm25,PM2.5,Пил 2.5 мкм,ug/m3,мкг/м³,2.33,1.0000000000,2023-02-21 11:30:01,0,1
1769,Lun-315,49.243687,28.496432,2023-02-21 11:30:02,0,6,pm10,PM10,Пил 10 мкм,ug/m3,мкг/м³,4.74,1.0000000000,2023-02-21 11:30:01,0,1
1769,Lun-315,49.243687,28.496432,2023-02-21 11:30:02,0,1,temperature,Temperature,Температура,°C,°C,8.42,1.0000000000,2023-02-21 11:30:01,0,0
1769,Lun-315,49.243687,28.496432,2023-02-21 11:30:02,0,2,humidity,Humidity,Вологість,%,%,73.24,1.0000000000,2023-02-21 11:30:01,0,0
767,Соборна 36,49.232859,28.470453,2023-02-21 11:44:38,0,33,SDS_P2,PM2.5,Пил 2.5 мкм,ug/m3,мкг/м³,0.10,1.0000000000,2023-02-21 11:44:38,0,1
767,Соборна 36,49.232859,28.470453,2023-02-21 11:44:38,0,34,SDS_P1,PM10,Пил 10 мкм,ug/m3,мкг/м³,0.45,1.0000000000,2023-02-21 11:44:38,0,1
767,Соборна 36,49.232859,28.470453,2023-02-21 11:44:38,0,23,BME280_temperature,Temperature,Температура,°C,°C,14.78,1.0000000000,2023-02-21 11:44:38,0,0
767,Соборна 36,49.232859,28.470453,2023-02-21 11:44:38,0,24,BME280_humidity,Humidity,Вологість,%,%,52.93,1.0000000000,2023-02-21 11:44:38,0,0
767,Соборна 36,49.232859,28.470453,2023-02-21 11:44:38,0,25,BME280_pressure,Pressure,Атмосферний тиск,Pa,мм.рт.ст.,96775.33,0.0075006168,2023-02-21 11:44:38,0,0
767,Соборна 36,49.232859,28.470453,2023-02-21 11:44:38,0,7,CO2,CO₂,CO₂,ppm,ppm,400.00,1.0000000000,2023-02-21 11:44:38,0,0
774,Станція замостя,49.245473,28.493727,2023-02-21 11:44:25,0,33,SDS_P2,PM2.5,Пил 2.5 мкм,ug/m3,мкг/м³,2.17,1.0000000000,2023-02-21 11:44:25,0,1
774,Станція замостя,49.245473,28.493727,2023-02-21 11:44:25,0,34,SDS_P1,PM10,Пил 10 мкм,ug/m3,мкг/м³,7.02,1.0000000000,2023-02-21 11:44:25,0,1
774,Станція замостя,49.245473,28.493727,2023-02-21 11:44:25,0,23,BME280_temperature,Temperature,Температура,°C,°C,7.10,1.0000000000,2023-02-21 11:44:25,0,0
774,Станція замостя,49.245473,28.493727,2023-02-21 11:44:25,0,24,BME280_humidity,Humidity,Вологість,%,%,76.96,1.0000000000,2023-02-21 11:44:25,0,0
774,Станція замостя,49.245473,28.493727,2023-02-21 11:44:25,0,25,BME280_pressure,Pressure,Атмосферний тиск,Pa,мм.рт.ст.,96795.52,0.0075006168,2023-02-21 11:44:25,0,0
774,Станція замостя,49.245473,28.493727,2023-02-21 11:44:25,0,7,CO2,CO₂,CO₂,ppm,ppm,400.00,1.0000000000,2023-02-21 11:44:25,0,0
790,станція Вишенька,49.227009,28.418998,2023-02-20 15:56:43,20,33,SDS_P2,PM2.5,Пил 2.5 мкм,ug/m3,мкг/м³,2.76,1.0000000000,2023-02-20 15:56:43,20,1
790,станція Вишенька,49.227009,28.418998,2023-02-20 15:56:43,20,34,SDS_P1,PM10,Пил 10 мкм,ug/m3,мкг/м³,8.58,1.0000000000,2023-02-20 15:56:43,20,1
790,станція Вишенька,49.227009,28.418998,2023-02-20 15:56:43,20,23,BME280_temperature,Temperature,Температура,°C,°C,4.19,1.0000000000,2023-02-20 15:56:43,20,0
790,станція Вишенька,49.227009,28.418998,2023-02-20 15:56:43,20,24,BME280_humidity,Humidity,Вологість,%,%,51.45,1.0000000000,2023-02-20 15:56:43,20,0
790,станція Вишенька,49.227009,28.418998,2023-02-20 15:56:43,20,25,BME280_pressure,Pressure,Атмосферний тиск,Pa,мм.рт.ст.,97976.64,0.0075006168,2023-02-20 15:56:43,20,0
790,станція Вишенька,49.227009,28.418998,2023-02-20 15:56:43,20,7,CO2,CO₂,CO₂,ppm,ppm,400.00,1.0000000000,2023-02-20 15:56:43,20,0
1434,Lun-129,49.230306,28.392620,2023-02-21 11:44:01,0,38,pm0,PM1.0,Пил 1.0 мкм,ug/m3,мкг/м³,0.85,1.0000000000,2023-02-21 11:44:01,0,1
1434,Lun-129,49.230306,28.392620,2023-02-21 11:44:01,0,5,pm25,PM2.5,Пил 2.5 мкм,ug/m3,мкг/м³,0.96,1.0000000000,2023-02-21 11:44:01,0,1
1434,Lun-129,49.230306,28.392620,2023-02-21 11:44:01,0,6,pm10,PM10,Пил 10 мкм,ug/m3,мкг/м³,4.58,1.0000000000,2023-02-21 11:44:01,0,1
1434,Lun-129,49.230306,28.392620,2023-02-21 11:44:01,0,1,temperature,Temperature,Температура,°C,°C,7.87,1.0000000000,2023-02-21 11:44:01,0,0
1434,Lun-129,49.230306,28.392620,2023-02-21 11:44:01,0,2,humidity,Humidity,Вологість,%,%,100,1.0000000000,2023-02-21 11:44:01,0,0
1434,Lun-129,49.230306,28.392620,2023-02-21 11:44:01,0,3,pressure,Pressure,Атмосферний тиск,hPa,мм.рт.ст.,967.71,0.7500615758,2023-02-21 11:44:01,0,0
1769,Lun-315,49.243687,28.496432,2023-02-21 11:44:01,0,38,pm0,PM1.0,Пил 1.0 мкм,ug/m3,мкг/м³,1.62,1.0000000000,2023-02-21 11:44:01,0,1
1769,Lun-315,49.243687,28.496432,2023-02-21 11:44:01,0,5,pm25,PM2.5,Пил 2.5 мкм,ug/m3,мкг/м³,2.3,1.0000000000,2023-02-21 11:44:01,0,1
1769,Lun-315,49.243687,28.496432,2023-02-21 11:44:01,0,6,pm10,PM10,Пил 10 мкм,ug/m3,мкг/м³,3.47,1.0000000000,2023-02-21 11:44:01,0,1
1769,Lun-315,49.243687,28.496432,2023-02-21 11:44:01,0,1,temperature,Temperature,Температура,°C,°C,9.06,1.0000000000,2023-02-21 11:44:01,0,0
1769,Lun-315,49.243687,28.496432,2023-02-21 11:44:01,0,2,humidity,Humidity,Вологість,%,%,64.65,1.0000000000,2023-02-21 11:44:01,0,0
767,Соборна 36,49.232859,28.470453,2023-02-21 12:00:01,0,33,SDS_P2,PM2.5,Пил 2.5 мкм,ug/m3,мкг/м³,0.11,1.0000000000,2023-02-21 12:00:01,0,1
767,Соборна 36,49.232859,28.470453,2023-02-21 12:00:01,0,34,SDS_P1,PM10,Пил 10 мкм,ug/m3,мкг/м³,1.55,1.0000000000,2023-02-21 12:00:01,0,1
767,Соборна 36,49.232859,28.470453,2023-02-21 12:00:01,0,23,BME280_temperature,Temperature,Температура,°C,°C,14.87,1.0000000000,2023-02-21 12:00:01,0,0
767,Соборна 36,49.232859,28.470453,2023-02-21 12:00:01,0,24,BME280_humidity,Humidity,Вологість,%,%,48.18,1.0000000000,2023-02-21 12:00:01,0,0
767,Соборна 36,49.232859,28.470453,2023-02-21 12:00:01,0,25,BME280_pressure,Pressure,Атмосферний тиск,Pa,мм.рт.ст.,96767.99,0.0075006168,2023-02-21 12:00:01,0,0
767,Соборна 36,49.232859,28.470453,2023-02-21 12:00:01,0,7,CO2,CO₂,CO₂,ppm,ppm,400.00,1.0000000000,2023-02-21 12:00:01,0,0
774,Станція замостя,49.245473,28.493727,2023-02-21 12:00:00,0,33,SDS_P2,PM2.5,Пил 2.5 мкм,ug/m3,мкг/м³,1.49,1.0000000000,2023-02-21 11:59:59,1,1
774,Станція замостя,49.245473,28.493727,2023-02-21 12:00:00,0,34,SDS_P1,PM10,Пил 10 мкм,ug/m3,мкг/м³,4.11,1.0000000000,2023-02-21 11:59:59,1,1
774,Станція замостя,49.245473,28.493727,2023-02-21 12:00:00,0,23,BME280_temperature,Temperature,Температура,°C,°C,7.42,1.0000000000,2023-02-21 11:59:59,1,0
774,Станція замостя,49.245473,28.493727,2023-02-21 12:00:00,0,24,BME280_humidity,Humidity,Вологість,%,%,67.88,1.0000000000,2023-02-21 11:59:59,1,0
774,Станція замостя,49.245473,28.493727,2023-02-21 12:00:00,0,25,BME280_pressure,Pressure,Атмосферний тиск,Pa,мм.рт.ст.,96787.17,0.0075006168,2023-02-21 11:59:59,1,0
774,Станція замостя,49.245473,28.493727,2023-02-21 12:00:00,0,7,CO2,CO₂,CO₂,ppm,ppm,400.00,1.0000000000,2023-02-21 11:59:59,1,0
790,станція Вишенька,49.227009,28.418998,2023-02-20 15:56:43,21,33,SDS_P2,PM2.5,Пил 2.5 мкм,ug/m3,мкг/м³,2.76,1.0000000000,2023-02-20 15:56:43,21,1
790,станція Вишенька,49.227009,28.418998,2023-02-20 15:56:43,21,34,SDS_P1,PM10,Пил 10 мкм,ug/m3,мкг/м³,8.58,1.0000000000,2023-02-20 15:56:43,21,1
790,станція Вишенька,49.227009,28.418998,2023-02-20 15:56:43,21,23,BME280_temperature,Temperature,Температура,°C,°C,4.19,1.0000000000,2023-02-20 15:56:43,21,0
790,станція Вишенька,49.227009,28.418998,2023-02-20 15:56:43,21,24,BME280_humidity,Humidity,Вологість,%,%,51.45,1.0000000000,2023-02-20 15:56:43,21,0
790,станція Вишенька,49.227009,28.418998,2023-02-20 15:56:43,21,25,BME280_pressure,Pressure,Атмосферний тиск,Pa,мм.рт.ст.,97976.64,0.0075006168,2023-02-20 15:56:43,21,0
790,станція Вишенька,49.227009,28.418998,2023-02-20 15:56:43,21,7,CO2,CO₂,CO₂,ppm,ppm,400.00,1.0000000000,2023-02-20 15:56:43,21,0
1434,Lun-129,49.230306,28.392620,2023-02-21 12:00:02,0,38,pm0,PM1.0,Пил 1.0 мкм,ug/m3,мкг/м³,0.49,1.0000000000,2023-02-21 12:00:01,0,1
1434,Lun-129,49.230306,28.392620,2023-02-21 12:00:02,0,5,pm25,PM2.5,Пил 2.5 мкм,ug/m3,мкг/м³,0.49,1.0000000000,2023-02-21 12:00:01,0,1
1434,Lun-129,49.230306,28.392620,2023-02-21 12:00:02,0,6,pm10,PM10,Пил 10 мкм,ug/m3,мкг/м³,3.47,1.0000000000,2023-02-21 12:00:01,0,1
1434,Lun-129,49.230306,28.392620,2023-02-21 12:00:02,0,1,temperature,Temperature,Температура,°C,°C,8.02,1.0000000000,2023-02-21 12:00:01,0,0
1434,Lun-129,49.230306,28.392620,2023-02-21 12:00:02,0,2,humidity,Humidity,Вологість,%,%,100,1.0000000000,2023-02-21 12:00:01,0,0
1434,Lun-129,49.230306,28.392620,2023-02-21 12:00:02,0,3,pressure,Pressure,Атмосферний тиск,hPa,мм.рт.ст.,967.71,0.7500615758,2023-02-21 12:00:01,0,0
1769,Lun-315,49.243687,28.496432,2023-02-21 12:00:02,0,38,pm0,PM1.0,Пил 1.0 мкм,ug/m3,мкг/м³,1.07,1.0000000000,2023-02-21 12:00:01,0,1
1769,Lun-315,49.243687,28.496432,2023-02-21 12:00:02,0,5,pm25,PM2.5,Пил 2.5 мкм,ug/m3,мкг/м³,1.91,1.0000000000,2023-02-21 12:00:01,0,1
1769,Lun-315,49.243687,28.496432,2023-02-21 12:00:02,0,6,pm10,PM10,Пил 10 мкм,ug/m3,мкг/м³,4.09,1.0000000000,2023-02-21 12:00:01,0,1
1769,Lun-315,49.243687,28.496432,2023-02-21 12:00:02,0,1,temperature,Temperature,Температура,°C,°C,9.92,1.0000000000,2023-02-21 12:00:01,0,0
1769,Lun-315,49.243687,28.496432,2023-02-21 12:00:02,0,2,humidity,Humidity,Вологість,%,%,58.26,1.0000000000,2023-02-21 12:00:01,0,0
767,Соборна 36,49.232859,28.470453,2023-02-21 12:14:25,0,33,SDS_P2,PM2.5,Пил 2.5 мкм,ug/m3,мкг/м³,0.10,1.0000000000,2023-02-21 12:14:25,0,1
767,Соборна 36,49.232859,28.470453,2023-02-21 12:14:25,0,34,SDS_P1,PM10,Пил 10 мкм,ug/m3,мкг/м³,1.23,1.0000000000,2023-02-21 12:14:25,0,1
767,Соборна 36,49.232859,28.470453,2023-02-21 12:14:25,0,23,BME280_temperature,Temperature,Температура,°C,°C,14.94,1.0000000000,2023-02-21 12:14:25,0,0
767,Соборна 36,49.232859,28.470453,2023-02-21 12:14:25,0,24,BME280_humidity,Humidity,Вологість,%,%,43.05,1.0000000000,2023-02-21 12:14:25,0,0
767,Соборна 36,49.232859,28.470453,2023-02-21 12:14:25,0,25,BME280_pressure,Pressure,Атмосферний тиск,Pa,мм.рт.ст.,96806.23,0.0075006168,2023-02-21 12:14:25,0,0
767,Соборна 36,49.232859,28.470453,2023-02-21 12:14:25,0,7,CO2,CO₂,CO₂,ppm,ppm,400.00,1.0000000000,2023-02-21 12:14:25,0,0
774,Станція замостя,49.245473,28.493727,2023-02-21 12:14:24,0,33,SDS_P2,PM2.5,Пил 2.5 мкм,ug/m3,мкг/м³,1.32,1.0000000000,2023-02-21 12:14:24,0,1
774,Станція замостя,49.245473,28.493727,2023-02-21 12:14:24,0,34,SDS_P1,PM10,Пил 10 мкм,ug/m3,мкг/м³,3.00,1.0000000000,2023-02-21 12:14:24,0,1
774,Станція замостя,49.245473,28.493727,2023-02-21 12:14:24,0,23,BME280_temperature,Temperature,Температура,°C,°C,7.59,1.0000000000,2023-02-21 12:14:24,0,0
774,Станція замостя,49.245473,28.493727,2023-02-21 12:14:24,0,24,BME280_humidity,Humidity,Вологість,%,%,65.45,1.0000000000,2023-02-21 12:14:24,0,0
774,Станція замостя,49.245473,28.493727,2023-02-21 12:14:24,0,25,BME280_pressure,Pressure,Атмосферний тиск,Pa,мм.рт.ст.,96813.11,0.0075006168,2023-02-21 12:14:24,0,0
774,Станція замостя,49.245473,28.493727,2023-02-21 12:14:24,0,7,CO2,CO₂,CO₂,ppm,ppm,400.00,1.0000000000,2023-02-21 12:14:24,0,0
790,станція Вишенька,49.227009,28.418998,2023-02-20 15:56:43,21,33,SDS_P2,PM2.5,Пил 2.5 мкм,ug/m3,мкг/м³,2.76,1.0000000000,2023-02-20 15:56:43,21,1
790,станція Вишенька,49.227009,28.418998,2023-02-20 15:56:43,21,34,SDS_P1,PM10,Пил 10 мкм,ug/m3,мкг/м³,8.58,1.0000000000,2023-02-20 15:56:43,21,1
790,станція Вишенька,49.227009,28.418998,2023-02-20 15:56:43,21,23,BME280_temperature,Temperature,Температура,°C,°C,4.19,1.0000000000,2023-02-20 15:56:43,21,0
790,станція Вишенька,49.227009,28.418998,2023-02-20 15:56:43,21,24,BME280_humidity,Humidity,Вологість,%,%,51.45,1.0000000000,2023-02-20 15:56:43,21,0
790,станція Вишенька,49.227009,28.418998,2023-02-20 15:56:43,21,25,BME280_pressure,Pressure,Атмосферний тиск,Pa,мм.рт.ст.,97976.64,0.0075006168,2023-02-20 15:56:43,21,0
790,станція Вишенька,49.227009,28.418998,2023-02-20 15:56:43,21,7,CO2,CO₂,CO₂,ppm,ppm,400.00,1.0000000000,2023-02-20 15:56:43,21,0
1434,Lun-129,49.230306,28.392620,2023-02-21 12:14:01,0,38,pm0,PM1.0,Пил 1.0 мкм,ug/m3,мкг/м³,1.6,1.0000000000,2023-02-21 12:14:01,0,1
1434,Lun-129,49.230306,28.392620,2023-02-21 12:14:01,0,5,pm25,PM2.5,Пил 2.5 мкм,ug/m3,мкг/м³,1.6,1.0000000000,2023-02-21 12:14:01,0,1
1434,Lun-129,49.230306,28.392620,2023-02-21 12:14:01,0,6,pm10,PM10,Пил 10 мкм,ug/m3,мкг/м³,1.6,1.0000000000,2023-02-21 12:14:01,0,1
1434,Lun-129,49.230306,28.392620,2023-02-21 12:14:01,0,1,temperature,Temperature,Температура,°C,°C,8.02,1.0000000000,2023-02-21 12:14:01,0,0
1434,Lun-129,49.230306,28.392620,2023-02-21 12:14:01,0,2,humidity,Humidity,Вологість,%,%,100,1.0000000000,2023-02-21 12:14:01,0,0
1434,Lun-129,49.230306,28.392620,2023-02-21 12:14:01,0,3,pressure,Pressure,Атмосферний тиск,hPa,мм.рт.ст.,967.72,0.7500615758,2023-02-21 12:14:01,0,0
1769,Lun-315,49.243687,28.496432,2023-02-21 12:14:01,0,38,pm0,PM1.0,Пил 1.0 мкм,ug/m3,мкг/м³,0.6,1.0000000000,2023-02-21 12:14:01,0,1
1769,Lun-315,49.243687,28.496432,2023-02-21 12:14:01,0,5,pm25,PM2.5,Пил 2.5 мкм,ug/m3,мкг/м³,1.35,1.0000000000,2023-02-21 12:14:01,0,1
1769,Lun-315,49.243687,28.496432,2023-02-21 12:14:01,0,6,pm10,PM10,Пил 10 мкм,ug/m3,мкг/м³,3.58,1.0000000000,2023-02-21 12:14:01,0,1
1769,Lun-315,49.243687,28.496432,2023-02-21 12:14:01,0,1,temperature,Temperature,Температура,°C,°C,10.12,1.0000000000,2023-02-21 12:14:01,0,0
1769,Lun-315,49.243687,28.496432,2023-02-21 12:14:01,0,2,humidity,Humidity,Вологість,%,%,53.24,1.0000000000,2023-02-21 12:14:01,0,0
767,Соборна 36,49.232859,28.470453,2023-02-21 12:29:52,0,33,SDS_P2,PM2.5,Пил 2.5 мкм,ug/m3,мкг/м³,0.20,1.0000000000,2023-02-21 12:29:52,0,1
767,Соборна 36,49.232859,28.470453,2023-02-21 12:29:52,0,34,SDS_P1,PM10,Пил 10 мкм,ug/m3,мкг/м³,1.44,1.0000000000,2023-02-21 12:29:52,0,1
767,Соборна 36,49.232859,28.470453,2023-02-21 12:29:52,0,23,BME280_temperature,Temperature,Температура,°C,°C,14.64,1.0000000000,2023-02-21 12:29:52,0,0
767,Соборна 36,49.232859,28.470453,2023-02-21 12:29:52,0,24,BME280_humidity,Humidity,Вологість,%,%,42.08,1.0000000000,2023-02-21 12:29:52,0,0
767,Соборна 36,49.232859,28.470453,2023-02-21 12:29:52,0,25,BME280_pressure,Pressure,Атмосферний тиск,Pa,мм.рт.ст.,96778.93,0.0075006168,2023-02-21 12:29:52,0,0
767,Соборна 36,49.232859,28.470453,2023-02-21 12:29:52,0,7,CO2,CO₂,CO₂,ppm,ppm,400.00,1.0000000000,2023-02-21 12:29:52,0,0
774,Станція замостя,49.245473,28.493727,2023-02-21 12:29:47,0,33,SDS_P2,PM2.5,Пил 2.5 мкм,ug/m3,мкг/м³,2.19,1.0000000000,2023-02-21 12:29:47,0,1
774,Станція замостя,49.245473,28.493727,2023-02-21 12:29:47,0,34,SDS_P1,PM10,Пил 10 мкм,ug/m3,мкг/м³,4.73,1.0000000000,2023-02-21 12:29:47,0,1
774,Станція замостя,49.245473,28.493727,2023-02-21 12:29:47,0,23,BME280_temperature,Temperature,Температура,°C,°C,7.67,1.0000000000,2023-02-21 12:29:47,0,0
774,Станція замостя,49.245473,28.493727,2023-02-21 12:29:47,0,24,BME280_humidity,Humidity,Вологість,%,%,69.47,1.0000000000,2023-02-21 12:29:47,0,0
774,Станція замостя,49.245473,28.493727,2023-02-21 12:29:47,0,25,BME280_pressure,Pressure,Атмосферний тиск,Pa,мм.рт.ст.,96799.89,0.0075006168,2023-02-21 12:29:47,0,0
774,Станція замостя,49.245473,28.493727,2023-02-21 12:29:47,0,7,CO2,CO₂,CO₂,ppm,ppm,400.00,1.0000000000,2023-02-21 12:29:47,0,0
790,станція Вишенька,49.227009,28.418998,2023-02-20 15:56:43,21,33,SDS_P2,PM2.5,Пил 2.5 мкм,ug/m3,мкг/м³,2.76,1.0000000000,2023-02-20 15:56:43,21,1
790,станція Вишенька,49.227009,28.418998,2023-02-20 15:56:43,21,34,SDS_P1,PM10,Пил 10 мкм,ug/m3,мкг/м³,8.58,1.0000000000,2023-02-20 15:56:43,21,1
790,станція Вишенька,49.227009,28.418998,2023-02-20 15:56:43,21,23,BME280_temperature,Temperature,Температура,°C,°C,4.19,1.0000000000,2023-02-20 15:56:43,21,0
790,станція Вишенька,49.227009,28.418998,2023-02-20 15:56:43,21,24,BME280_humidity,Humidity,Вологість,%,%,51.45,1.0000000000,2023-02-20 15:56:43,21,0
790,станція Вишенька,49.227009,28.418998,2023-02-20 15:56:43,21,25,BME280_pressure,Pressure,Атмосферний тиск,Pa,мм.рт.ст.,97976.64,0.0075006168,2023-02-20 15:56:43,21,0
790,станція Вишенька,49.227009,28.418998,2023-02-20 15:56:43,21,7,CO2,CO₂,CO₂,ppm,ppm,400.00,1.0000000000,2023-02-20 15:56:43,21,0
1434,Lun-129,49.230306,28.392620,2023-02-21 12:30:01,0,38,pm0,PM1.0,Пил 1.0 мкм,ug/m3,мкг/м³,0.48,1.0000000000,2023-02-21 12:30:01,0,1
1434,Lun-129,49.230306,28.392620,2023-02-21 12:30:01,0,5,pm25,PM2.5,Пил 2.5 мкм,ug/m3,мкг/м³,0.48,1.0000000000,2023-02-21 12:30:01,0,1
1434,Lun-129,49.230306,28.392620,2023-02-21 12:30:01,0,6,pm10,PM10,Пил 10 мкм,ug/m3,мкг/м³,3.1,1.0000000000,2023-02-21 12:30:01,0,1
1434,Lun-129,49.230306,28.392620,2023-02-21 12:30:01,0,1,temperature,Temperature,Температура,°C,°C,7.92,1.0000000000,2023-02-21 12:30:01,0,0
1434,Lun-129,49.230306,28.392620,2023-02-21 12:30:01,0,2,humidity,Humidity,Вологість,%,%,100,1.0000000000,2023-02-21 12:30:01,0,0
1434,Lun-129,49.230306,28.392620,2023-02-21 12:30:01,0,3,pressure,Pressure,Атмосферний тиск,hPa,мм.рт.ст.,967.56,0.7500615758,2023-02-21 12:30:01,0,0
1769,Lun-315,49.243687,28.496432,2023-02-21 12:30:01,0,38,pm0,PM1.0,Пил 1.0 мкм,ug/m3,мкг/м³,0.85,1.0000000000,2023-02-21 12:30:01,0,1
1769,Lun-315,49.243687,28.496432,2023-02-21 12:30:01,0,5,pm25,PM2.5,Пил 2.5 мкм,ug/m3,мкг/м³,1.8,1.0000000000,2023-02-21 12:30:01,0,1
1769,Lun-315,49.243687,28.496432,2023-02-21 12:30:01,0,6,pm10,PM10,Пил 10 мкм,ug/m3,мкг/м³,4.57,1.0000000000,2023-02-21 12:30:01,0,1
1769,Lun-315,49.243687,28.496432,2023-02-21 12:30:01,0,1,temperature,Temperature,Температура,°C,°C,10.91,1.0000000000,2023-02-21 12:30:01,0,0
1769,Lun-315,49.243687,28.496432,2023-02-21 12:30:01,0,2,humidity,Humidity,Вологість,%,%,54.46,1.0000000000,2023-02-21 12:30:01,0,0
767,Соборна 36,49.232859,28.470453,2023-02-21 12:44:15,0,33,SDS_P2,PM2.5,Пил 2.5 мкм,ug/m3,мкг/м³,0.13,1.0000000000,2023-02-21 12:44:15,0,1
767,Соборна 36,49.232859,28.470453,2023-02-21 12:44:15,0,34,SDS_P1,PM10,Пил 10 мкм,ug/m3,мкг/м³,2.27,1.0000000000,2023-02-21 12:44:15,0,1
767,Соборна 36,49.232859,28.470453,2023-02-21 12:44:15,0,23,BME280_temperature,Temperature,Температура,°C,°C,14.78,1.0000000000,2023-02-21 12:44:15,0,0
767,Соборна 36,49.232859,28.470453,2023-02-21 12:44:15,0,24,BME280_humidity,Humidity,Вологість,%,%,40.66,1.0000000000,2023-02-21 12:44:15,0,0
767,Соборна 36,49.232859,28.470453,2023-02-21 12:44:15,0,25,BME280_pressure,Pressure,Атмосферний тиск,Pa,мм.рт.ст.,96806.55,0.0075006168,2023-02-21 12:44:15,0,0
767,Соборна 36,49.232859,28.470453,2023-02-21 12:44:15,0,7,CO2,CO₂,CO₂,ppm,ppm,400.00,1.0000000000,2023-02-21 12:44:15,0,0
774,Станція замостя,49.245473,28.493727,2023-02-21 12:44:08,0,33,SDS_P2,PM2.5,Пил 2.5 мкм,ug/m3,мкг/м³,2.06,1.0000000000,2023-02-21 12:44:08,0,1
774,Станція замостя,49.245473,28.493727,2023-02-21 12:44:08,0,34,SDS_P1,PM10,Пил 10 мкм,ug/m3,мкг/м³,3.37,1.0000000000,2023-02-21 12:44:08,0,1
774,Станція замостя,49.245473,28.493727,2023-02-21 12:44:08,0,23,BME280_temperature,Temperature,Температура,°C,°C,7.34,1.0000000000,2023-02-21 12:44:08,0,0
774,Станція замостя,49.245473,28.493727,2023-02-21 12:44:08,0,24,BME280_humidity,Humidity,Вологість,%,%,72.36,1.0000000000,2023-02-21 12:44:08,0,0
774,Станція замостя,49.245473,28.493727,2023-02-21 12:44:08,0,25,BME280_pressure,Pressure,Атмосферний тиск,Pa,мм.рт.ст.,96833.64,0.0075006168,2023-02-21 12:44:08,0,0
774,Станція замостя,49.245473,28.493727,2023-02-21 12:44:08,0,7,CO2,CO₂,CO₂,ppm,ppm,400.00,1.0000000000,2023-02-21 12:44:08,0,0
790,станція Вишенька,49.227009,28.418998,2023-02-20 15:56:43,21,33,SDS_P2,PM2.5,Пил 2.5 мкм,ug/m3,мкг/м³,2.76,1.0000000000,2023-02-20 15:56:43,21,1
790,станція Вишенька,49.227009,28.418998,2023-02-20 15:56:43,21,34,SDS_P1,PM10,Пил 10 мкм,ug/m3,мкг/м³,8.58,1.0000000000,2023-02-20 15:56:43,21,1
790,станція Вишенька,49.227009,28.418998,2023-02-20 15:56:43,21,23,BME280_temperature,Temperature,Температура,°C,°C,4.19,1.0000000000,2023-02-20 15:56:43,21,0
790,станція Вишенька,49.227009,28.418998,2023-02-20 15:56:43,21,24,BME280_humidity,Humidity,Вологість,%,%,51.45,1.0000000000,2023-02-20 15:56:43,21,0
790,станція Вишенька,49.227009,28.418998,2023-02-20 15:56:43,21,25,BME280_pressure,Pressure,Атмосферний тиск,Pa,мм.рт.ст.,97976.64,0.0075006168,2023-02-20 15:56:43,21,0
790,станція Вишенька,49.227009,28.418998,2023-02-20 15:56:43,21,7,CO2,CO₂,CO₂,ppm,ppm,400.00,1.0000000000,2023-02-20 15:56:43,21,0
1434,Lun-129,49.230306,28.392620,2023-02-21 12:44:02,0,38,pm0,PM1.0,Пил 1.0 мкм,ug/m3,мкг/м³,1.33,1.0000000000,2023-02-21 12:44:02,0,1
1434,Lun-129,49.230306,28.392620,2023-02-21 12:44:02,0,5,pm25,PM2.5,Пил 2.5 мкм,ug/m3,мкг/м³,1.33,1.0000000000,2023-02-21 12:44:02,0,1
1434,Lun-129,49.230306,28.392620,2023-02-21 12:44:02,0,6,pm10,PM10,Пил 10 мкм,ug/m3,мкг/м³,1.33,1.0000000000,2023-02-21 12:44:02,0,1
1434,Lun-129,49.230306,28.392620,2023-02-21 12:44:02,0,1,temperature,Temperature,Температура,°C,°C,7.88,1.0000000000,2023-02-21 12:44:02,0,0
1434,Lun-129,49.230306,28.392620,2023-02-21 12:44:02,0,2,humidity,Humidity,Вологість,%,%,100,1.0000000000,2023-02-21 12:44:02,0,0
1434,Lun-129,49.230306,28.392620,2023-02-21 12:44:02,0,3,pressure,Pressure,Атмосферний тиск,hPa,мм.рт.ст.,967.31,0.7500615758,2023-02-21 12:44:02,0,0
1769,Lun-315,49.243687,28.496432,2023-02-21 12:44:02,0,38,pm0,PM1.0,Пил 1.0 мкм,ug/m3,мкг/м³,1.53,1.0000000000,2023-02-21 12:44:02,0,1
1769,Lun-315,49.243687,28.496432,2023-02-21 12:44:02,0,5,pm25,PM2.5,Пил 2.5 мкм,ug/m3,мкг/м³,2.54,1.0000000000,2023-02-21 12:44:02,0,1
1769,Lun-315,49.243687,28.496432,2023-02-21 12:44:02,0,6,pm10,PM10,Пил 10 мкм,ug/m3,мкг/м³,5.29,1.0000000000,2023-02-21 12:44:02,0,1
1769,Lun-315,49.243687,28.496432,2023-02-21 12:44:02,0,1,temperature,Temperature,Температура,°C,°C,10.13,1.0000000000,2023-02-21 12:44:02,0,0
1769,Lun-315,49.243687,28.496432,2023-02-21 12:44:02,0,2,humidity,Humidity,Вологість,%,%,57.86,1.0000000000,2023-02-21 12:44:02,0,0
767,Соборна 36,49.232859,28.470453,2023-02-21 12:59:40,1,33,SDS_P2,PM2.5,Пил 2.5 мкм,ug/m3,мкг/м³,0.20,1.0000000000,2023-02-21 12:59:40,1,1
767,Соборна 36,49.232859,28.470453,2023-02-21 12:59:40,1,34,SDS_P1,PM10,Пил 10 мкм,ug/m3,мкг/м³,1.66,1.0000000000,2023-02-21 12:59:40,1,1
767,Соборна 36,49.232859,28.470453,2023-02-21 12:59:40,1,23,BME280_temperature,Temperature,Температура,°C,°C,15.04,1.0000000000,2023-02-21 12:59:40,1,0
767,Соборна 36,49.232859,28.470453,2023-02-21 12:59:40,1,24,BME280_humidity,Humidity,Вологість,%,%,41.48,1.0000000000,2023-02-21 12:59:40,1,0
767,Соборна 36,49.232859,28.470453,2023-02-21 12:59:40,1,25,BME280_pressure,Pressure,Атмосферний тиск,Pa,мм.рт.ст.,96776.53,0.0075006168,2023-02-21 12:59:40,1,0
767,Соборна 36,49.232859,28.470453,2023-02-21 12:59:40,1,7,CO2,CO₂,CO₂,ppm,ppm,400.00,1.0000000000,2023-02-21 12:59:40,1,0
774,Станція замостя,49.245473,28.493727,2023-02-21 12:59:32,1,33,SDS_P2,PM2.5,Пил 2.5 мкм,ug/m3,мкг/м³,2.14,1.0000000000,2023-02-21 12:59:32,1,1
774,Станція замостя,49.245473,28.493727,2023-02-21 12:59:32,1,34,SDS_P1,PM10,Пил 10 мкм,ug/m3,мкг/м³,5.56,1.0000000000,2023-02-21 12:59:32,1,1
774,Станція замостя,49.245473,28.493727,2023-02-21 12:59:32,1,23,BME280_temperature,Temperature,Температура,°C,°C,7.42,1.0000000000,2023-02-21 12:59:32,1,0
774,Станція замостя,49.245473,28.493727,2023-02-21 12:59:32,1,24,BME280_humidity,Humidity,Вологість,%,%,66.24,1.0000000000,2023-02-21 12:59:32,1,0
774,Станція замостя,49.245473,28.493727,2023-02-21 12:59:32,1,25,BME280_pressure,Pressure,Атмосферний тиск,Pa,мм.рт.ст.,96828.27,0.0075006168,2023-02-21 12:59:32,1,0
774,Станція замостя,49.245473,28.493727,2023-02-21 12:59:32,1,7,CO2,CO₂,CO₂,ppm,ppm,400.00,1.0000000000,2023-02-21 12:59:32,1,0
790,станція Вишенька,49.227009,28.418998,2023-02-20 15:56:43,22,33,SDS_P2,PM2.5,Пил 2.5 мкм,ug/m3,мкг/м³,2.76,1.0000000000,2023-02-20 15:56:43,22,1
790,станція Вишенька,49.227009,28.418998,2023-02-20 15:56:43,22,34,SDS_P1,PM10,Пил 10 мкм,ug/m3,мкг/м³,8.58,1.0000000000,2023-02-20 15:56:43,22,1
790,станція Вишенька,49.227009,28.418998,2023-02-20 15:56:43,22,23,BME280_temperature,Temperature,Температура,°C,°C,4.19,1.0000000000,2023-02-20 15:56:43,22,0
790,станція Вишенька,49.227009,28.418998,2023-02-20 15:56:43,22,24,BME280_humidity,Humidity,Вологість,%,%,51.45,1.0000000000,2023-02-20 15:56:43,22,0
790,станція Вишенька,49.227009,28.418998,2023-02-20 15:56:43,22,25,BME280_pressure,Pressure,Атмосферний тиск,Pa,мм.рт.ст.,97976.64,0.0075006168,2023-02-20 15:56:43,22,0
790,станція Вишенька,49.227009,28.418998,2023-02-20 15:56:43,22,7,CO2,CO₂,CO₂,ppm,ppm,400.00,1.0000000000,2023-02-20 15:56:43,22,0
1434,Lun-129,49.230306,28.392620,2023-02-21 13:00:01,0,38,pm0,PM1.0,Пил 1.0 мкм,ug/m3,мкг/м³,0.4,1.0000000000,2023-02-21 13:00:01,0,1
1434,Lun-129,49.230306,28.392620,2023-02-21 13:00:01,0,5,pm25,PM2.5,Пил 2.5 мкм,ug/m3,мкг/м³,0.4,1.0000000000,2023-02-21 13:00:01,0,1
1434,Lun-129,49.230306,28.392620,2023-02-21 13:00:01,0,6,pm10,PM10,Пил 10 мкм,ug/m3,мкг/м³,2.85,1.0000000000,2023-02-21 13:00:01,0,1
1434,Lun-129,49.230306,28.392620,2023-02-21 13:00:01,0,1,temperature,Temperature,Температура,°C,°C,8.2,1.0000000000,2023-02-21 13:00:01,0,0
1434,Lun-129,49.230306,28.392620,2023-02-21 13:00:01,0,2,humidity,Humidity,Вологість,%,%,100,1.0000000000,2023-02-21 13:00:01,0,0
1434,Lun-129,49.230306,28.392620,2023-02-21 13:00:01,0,3,pressure,Pressure,Атмосферний тиск,hPa,мм.рт.ст.,967.09,0.7500615758,2023-02-21 13:00:01,0,0
1769,Lun-315,49.243687,28.496432,2023-02-21 13:00:02,0,38,pm0,PM1.0,Пил 1.0 мкм,ug/m3,мкг/м³,0.81,1.0000000000,2023-02-21 13:00:01,0,1
1769,Lun-315,49.243687,28.496432,2023-02-21 13:00:02,0,5,pm25,PM2.5,Пил 2.5 мкм,ug/m3,мкг/м³,1.77,1.0000000000,2023-02-21 13:00:01,0,1
1769,Lun-315,49.243687,28.496432,2023-02-21 13:00:02,0,6,pm10,PM10,Пил 10 мкм,ug/m3,мкг/м³,5.25,1.0000000000,2023-02-21 13:00:01,0,1
1769,Lun-315,49.243687,28.496432,2023-02-21 13:00:02,0,1,temperature,Temperature,Температура,°C,°C,13.03,1.0000000000,2023-02-21 13:00:01,0,0
1769,Lun-315,49.243687,28.496432,2023-02-21 13:00:02,0,2,humidity,Humidity,Вологість,%,%,47.11,1.0000000000,2023-02-21 13:00:01,0,0
767,Соборна 36,49.232859,28.470453,2023-02-21 13:14:06,0,33,SDS_P2,PM2.5,Пил 2.5 мкм,ug/m3,мкг/м³,0.19,1.0000000000,2023-02-21 13:14:06,0,1
767,Соборна 36,49.232859,28.470453,2023-02-21 13:14:06,0,34,SDS_P1,PM10,Пил 10 мкм,ug/m3,мкг/м³,0.72,1.0000000000,2023-02-21 13:14:06,0,1
767,Соборна 36,49.232859,28.470453,2023-02-21 13:14:06,0,23,BME280_temperature,Temperature,Температура,°C,°C,15.22,1.0000000000,2023-02-21 13:14:06,0,0
767,Соборна 36,49.232859,28.470453,2023-02-21 13:14:06,0,24,BME280_humidity,Humidity,Вологість,%,%,39.26,1.0000000000,2023-02-21 13:14:06,0,0
767,Соборна 36,49.232859,28.470453,2023-02-21 13:14:06,0,25,BME280_pressure,Pressure,Атмосферний тиск,Pa,мм.рт.ст.,96802.73,0.0075006168,2023-02-21 13:14:06,0,0
767,Соборна 36,49.232859,28.470453,2023-02-21 13:14:06,0,7,CO2,CO₂,CO₂,ppm,ppm,400.00,1.0000000000,2023-02-21 13:14:06,0,0
774,Станція замостя,49.245473,28.493727,2023-02-21 13:14:54,0,33,SDS_P2,PM2.5,Пил 2.5 мкм,ug/m3,мкг/м³,1.76,1.0000000000,2023-02-21 13:14:54,0,1
774,Станція замостя,49.245473,28.493727,2023-02-21 13:14:54,0,34,SDS_P1,PM10,Пил 10 мкм,ug/m3,мкг/м³,7.90,1.0000000000,2023-02-21 13:14:54,0,1
774,Станція замостя,49.245473,28.493727,2023-02-21 13:14:54,0,23,BME280_temperature,Temperature,Температура,°C,°C,7.31,1.0000000000,2023-02-21 13:14:54,0,0
774,Станція замостя,49.245473,28.493727,2023-02-21 13:14:54,0,24,BME280_humidity,Humidity,Вологість,%,%,63.26,1.0000000000,2023-02-21 13:14:54,0,0
774,Станція замостя,49.245473,28.493727,2023-02-21 13:14:54,0,25,BME280_pressure,Pressure,Атмосферний тиск,Pa,мм.рт.ст.,96820.91,0.0075006168,2023-02-21 13:14:54,0,0
774,Станція замостя,49.245473,28.493727,2023-02-21 13:14:54,0,7,CO2,CO₂,CO₂,ppm,ppm,400.00,1.0000000000,2023-02-21 13:14:54,0,0
790,станція Вишенька,49.227009,28.418998,2023-02-20 15:56:43,22,33,SDS_P2,PM2.5,Пил 2.5 мкм,ug/m3,мкг/м³,2.76,1.0000000000,2023-02-20 15:56:43,22,1
790,станція Вишенька,49.227009,28.418998,2023-02-20 15:56:43,22,34,SDS_P1,PM10,Пил 10 мкм,ug/m3,мкг/м³,8.58,1.0000000000,2023-02-20 15:56:43,22,1
790,станція Вишенька,49.227009,28.418998,2023-02-20 15:56:43,22,23,BME280_temperature,Temperature,Температура,°C,°C,4.19,1.0000000000,2023-02-20 15:56:43,22,0
790,станція Вишенька,49.227009,28.418998,2023-02-20 15:56:43,22,24,BME280_humidity,Humidity,Вологість,%,%,51.45,1.0000000000,2023-02-20 15:56:43,22,0
790,станція Вишенька,49.227009,28.418998,2023-02-20 15:56:43,22,25,BME280_pressure,Pressure,Атмосферний тиск,Pa,мм.рт.ст.,97976.64,0.0075006168,2023-02-20 15:56:43,22,0
790,станція Вишенька,49.227009,28.418998,2023-02-20 15:56:43,22,7,CO2,CO₂,CO₂,ppm,ppm,400.00,1.0000000000,2023-02-20 15:56:43,22,0
1434,Lun-129,49.230306,28.392620,2023-02-21 13:14:02,0,38,pm0,PM1.0,Пил 1.0 мкм,ug/m3,мкг/м³,0.6,1.0000000000,2023-02-21 13:14:01,0,1
1434,Lun-129,49.230306,28.392620,2023-02-21 13:14:02,0,5,pm25,PM2.5,Пил 2.5 мкм,ug/m3,мкг/м³,0.69,1.0000000000,2023-02-21 13:14:01,0,1
1434,Lun-129,49.230306,28.392620,2023-02-21 13:14:02,0,6,pm10,PM10,Пил 10 мкм,ug/m3,мкг/м³,3.14,1.0000000000,2023-02-21 13:14:01,0,1
1434,Lun-129,49.230306,28.392620,2023-02-21 13:14:02,0,1,temperature,Temperature,Температура,°C,°C,8.97,1.0000000000,2023-02-21 13:14:01,0,0
1434,Lun-129,49.230306,28.392620,2023-02-21 13:14:02,0,2,humidity,Humidity,Вологість,%,%,100,1.0000000000,2023-02-21 13:14:01,0,0
1434,Lun-129,49.230306,28.392620,2023-02-21 13:14:02,0,3,pressure,Pressure,Атмосферний тиск,hPa,мм.рт.ст.,967.27,0.7500615758,2023-02-21 13:14:01,0,0
1769,Lun-315,49.243687,28.496432,2023-02-21 13:14:02,0,38,pm0,PM1.0,Пил 1.0 мкм,ug/m3,мкг/м³,0.48,1.0000000000,2023-02-21 13:14:01,0,1
1769,Lun-315,49.243687,28.496432,2023-02-21 13:14:02,0,5,pm25,PM2.5,Пил 2.5 мкм,ug/m3,мкг/м³,1.15,1.0000000000,2023-02-21 13:14:01,0,1
1769,Lun-315,49.243687,28.496432,2023-02-21 13:14:02,0,6,pm10,PM10,Пил 10 мкм,ug/m3,мкг/м³,3.61,1.0000000000,2023-02-21 13:14:01,0,1
1769,Lun-315,49.243687,28.496432,2023-02-21 13:14:02,0,1,temperature,Temperature,Температура,°C,°C,12.15,1.0000000000,2023-02-21 13:14:01,0,0
1769,Lun-315,49.243687,28.496432,2023-02-21 13:14:02,0,2,humidity,Humidity,Вологість,%,%,45.71,1.0000000000,2023-02-21 13:14:01,0,0
767,Соборна 36,49.232859,28.470453,2023-02-21 13:29:35,0,33,SDS_P2,PM2.5,Пил 2.5 мкм,ug/m3,мкг/м³,0.21,1.0000000000,2023-02-21 13:29:34,0,1
767,Соборна 36,49.232859,28.470453,2023-02-21 13:29:35,0,34,SDS_P1,PM10,Пил 10 мкм,ug/m3,мкг/м³,11.59,1.0000000000,2023-02-21 13:29:34,0,1
767,Соборна 36,49.232859,28.470453,2023-02-21 13:29:35,0,23,BME280_temperature,Temperature,Температура,°C,°C,13.79,1.0000000000,2023-02-21 13:29:34,0,0
767,Соборна 36,49.232859,28.470453,2023-02-21 13:29:35,0,24,BME280_humidity,Humidity,Вологість,%,%,36.26,1.0000000000,2023-02-21 13:29:34,0,0
767,Соборна 36,49.232859,28.470453,2023-02-21 13:29:35,0,25,BME280_pressure,Pressure,Атмосферний тиск,Pa,мм.рт.ст.,96817.89,0.0075006168,2023-02-21 13:29:34,0,0
767,Соборна 36,49.232859,28.470453,2023-02-21 13:29:35,0,7,CO2,CO₂,CO₂,ppm,ppm,400.00,1.0000000000,2023-02-21 13:29:34,0,0
774,Станція замостя,49.245473,28.493727,2023-02-21 13:29:16,0,33,SDS_P2,PM2.5,Пил 2.5 мкм,ug/m3,мкг/м³,1.22,1.0000000000,2023-02-21 13:29:16,0,1
774,Станція замостя,49.245473,28.493727,2023-02-21 13:29:16,0,34,SDS_P1,PM10,Пил 10 мкм,ug/m3,мкг/м³,2.91,1.0000000000,2023-02-21 13:29:16,0,1
774,Станція замостя,49.245473,28.493727,2023-02-21 13:29:16,0,23,BME280_temperature,Temperature,Температура,°C,°C,7.49,1.0000000000,2023-02-21 13:29:16,0,0
774,Станція замостя,49.245473,28.493727,2023-02-21 13:29:16,0,24,BME280_humidity,Humidity,Вологість,%,%,55.67,1.0000000000,2023-02-21 13:29:16,0,0
774,Станція замостя,49.245473,28.493727,2023-02-21 13:29:16,0,25,BME280_pressure,Pressure,Атмосферний тиск,Pa,мм.рт.ст.,96857.95,0.0075006168,2023-02-21 13:29:16,0,0
774,Станція замостя,49.245473,28.493727,2023-02-21 13:29:16,0,7,CO2,CO₂,CO₂,ppm,ppm,400.00,1.0000000000,2023-02-21 13:29:16,0,0
790,станція Вишенька,49.227009,28.418998,2023-02-20 15:56:43,22,33,SDS_P2,PM2.5,Пил 2.5 мкм,ug/m3,мкг/м³,2.76,1.0000000000,2023-02-20 15:56:43,22,1
790,станція Вишенька,49.227009,28.418998,2023-02-20 15:56:43,22,34,SDS_P1,PM10,Пил 10 мкм,ug/m3,мкг/м³,8.58,1.0000000000,2023-02-20 15:56:43,22,1
790,станція Вишенька,49.227009,28.418998,2023-02-20 15:56:43,22,23,BME280_temperature,Temperature,Температура,°C,°C,4.19,1.0000000000,2023-02-20 15:56:43,22,0
790,станція Вишенька,49.227009,28.418998,2023-02-20 15:56:43,22,24,BME280_humidity,Humidity,Вологість,%,%,51.45,1.0000000000,2023-02-20 15:56:43,22,0
790,станція Вишенька,49.227009,28.418998,2023-02-20 15:56:43,22,25,BME280_pressure,Pressure,Атмосферний тиск,Pa,мм.рт.ст.,97976.64,0.0075006168,2023-02-20 15:56:43,22,0
790,станція Вишенька,49.227009,28.418998,2023-02-20 15:56:43,22,7,CO2,CO₂,CO₂,ppm,ppm,400.00,1.0000000000,2023-02-20 15:56:43,22,0
1434,Lun-129,49.230306,28.392620,2023-02-21 13:30:01,0,38,pm0,PM1.0,Пил 1.0 мкм,ug/m3,мкг/м³,0.36,1.0000000000,2023-02-21 13:30:01,0,1
1434,Lun-129,49.230306,28.392620,2023-02-21 13:30:01,0,5,pm25,PM2.5,Пил 2.5 мкм,ug/m3,мкг/м³,0.68,1.0000000000,2023-02-21 13:30:01,0,1
1434,Lun-129,49.230306,28.392620,2023-02-21 13:30:01,0,6,pm10,PM10,Пил 10 мкм,ug/m3,мкг/м³,0.86,1.0000000000,2023-02-21 13:30:01,0,1
1434,Lun-129,49.230306,28.392620,2023-02-21 13:30:01,0,1,temperature,Temperature,Температура,°C,°C,8.04,1.0000000000,2023-02-21 13:30:01,0,0
1434,Lun-129,49.230306,28.392620,2023-02-21 13:30:01,0,2,humidity,Humidity,Вологість,%,%,100,1.0000000000,2023-02-21 13:30:01,0,0
1434,Lun-129,49.230306,28.392620,2023-02-21 13:30:01,0,3,pressure,Pressure,Атмосферний тиск,hPa,мм.рт.ст.,967.31,0.7500615758,2023-02-21 13:30:01,0,0
1769,Lun-315,49.243687,28.496432,2023-02-21 13:30:01,0,38,pm0,PM1.0,Пил 1.0 мкм,ug/m3,мкг/м³,0.95,1.0000000000,2023-02-21 13:30:01,0,1
1769,Lun-315,49.243687,28.496432,2023-02-21 13:30:01,0,5,pm25,PM2.5,Пил 2.5 мкм,ug/m3,мкг/м³,1.84,1.0000000000,2023-02-21 13:30:01,0,1
1769,Lun-315,49.243687,28.496432,2023-02-21 13:30:01,0,6,pm10,PM10,Пил 10 мкм,ug/m3,мкг/м³,5.49,1.0000000000,2023-02-21 13:30:01,0,1
1769,Lun-315,49.243687,28.496432,2023-02-21 13:30:01,0,1,temperature,Temperature,Температура,°C,°C,14.24,1.0000000000,2023-02-21 13:30:01,0,0
1769,Lun-315,49.243687,28.496432,2023-02-21 13:30:01,0,2,humidity,Humidity,Вологість,%,%,38.26,1.0000000000,2023-02-21 13:30:01,0,0
767,Соборна 36,49.232859,28.470453,2023-02-21 13:45:02,0,33,SDS_P2,PM2.5,Пил 2.5 мкм,ug/m3,мкг/м³,0.10,1.0000000000,2023-02-21 13:45:02,0,1
767,Соборна 36,49.232859,28.470453,2023-02-21 13:45:02,0,34,SDS_P1,PM10,Пил 10 мкм,ug/m3,мкг/м³,3.72,1.0000000000,2023-02-21 13:45:02,0,1
767,Соборна 36,49.232859,28.470453,2023-02-21 13:45:02,0,23,BME280_temperature,Temperature,Температура,°C,°C,13.73,1.0000000000,2023-02-21 13:45:02,0,0
767,Соборна 36,49.232859,28.470453,2023-02-21 13:45:02,0,24,BME280_humidity,Humidity,Вологість,%,%,35.23,1.0000000000,2023-02-21 13:45:02,0,0
767,Соборна 36,49.232859,28.470453,2023-02-21 13:45:02,0,25,BME280_pressure,Pressure,Атмосферний тиск,Pa,мм.рт.ст.,96838.14,0.0075006168,2023-02-21 13:45:02,0,0
767,Соборна 36,49.232859,28.470453,2023-02-21 13:45:02,0,7,CO2,CO₂,CO₂,ppm,ppm,400.00,1.0000000000,2023-02-21 13:45:02,0,0
774,Станція замостя,49.245473,28.493727,2023-02-21 13:44:39,0,33,SDS_P2,PM2.5,Пил 2.5 мкм,ug/m3,мкг/м³,1.58,1.0000000000,2023-02-21 13:44:39,0,1
774,Станція замостя,49.245473,28.493727,2023-02-21 13:44:39,0,34,SDS_P1,PM10,Пил 10 мкм,ug/m3,мкг/м³,5.90,1.0000000000,2023-02-21 13:44:39,0,1
774,Станція замостя,49.245473,28.493727,2023-02-21 13:44:39,0,23,BME280_temperature,Temperature,Температура,°C,°C,7.65,1.0000000000,2023-02-21 13:44:39,0,0
774,Станція замостя,49.245473,28.493727,2023-02-21 13:44:39,0,24,BME280_humidity,Humidity,Вологість,%,%,47.54,1.0000000000,2023-02-21 13:44:39,0,0
774,Станція замостя,49.245473,28.493727,2023-02-21 13:44:39,0,25,BME280_pressure,Pressure,Атмосферний тиск,Pa,мм.рт.ст.,96946.79,0.0075006168,2023-02-21 13:44:39,0,0
774,Станція замостя,49.245473,28.493727,2023-02-21 13:44:39,0,7,CO2,CO₂,CO₂,ppm,ppm,400.00,1.0000000000,2023-02-21 13:44:39,0,0
790,станція Вишенька,49.227009,28.418998,2023-02-20 15:56:43,22,33,SDS_P2,PM2.5,Пил 2.5 мкм,ug/m3,мкг/м³,2.76,1.0000000000,2023-02-20 15:56:43,22,1
790,станція Вишенька,49.227009,28.418998,2023-02-20 15:56:43,22,34,SDS_P1,PM10,Пил 10 мкм,ug/m3,мкг/м³,8.58,1.0000000000,2023-02-20 15:56:43,22,1
790,станція Вишенька,49.227009,28.418998,2023-02-20 15:56:43,22,23,BME280_temperature,Temperature,Температура,°C,°C,4.19,1.0000000000,2023-02-20 15:56:43,22,0
790,станція Вишенька,49.227009,28.418998,2023-02-20 15:56:43,22,24,BME280_humidity,Humidity,Вологість,%,%,51.45,1.0000000000,2023-02-20 15:56:43,22,0
790,станція Вишенька,49.227009,28.418998,2023-02-20 15:56:43,22,25,BME280_pressure,Pressure,Атмосферний тиск,Pa,мм.рт.ст.,97976.64,0.0075006168,2023-02-20 15:56:43,22,0
790,станція Вишенька,49.227009,28.418998,2023-02-20 15:56:43,22,7,CO2,CO₂,CO₂,ppm,ppm,400.00,1.0000000000,2023-02-20 15:56:43,22,0
1434,Lun-129,49.230306,28.392620,2023-02-21 13:44:01,0,38,pm0,PM1.0,Пил 1.0 мкм,ug/m3,мкг/м³,0.3,1.0000000000,2023-02-21 13:44:01,0,1
1434,Lun-129,49.230306,28.392620,2023-02-21 13:44:01,0,5,pm25,PM2.5,Пил 2.5 мкм,ug/m3,мкг/м³,0.3,1.0000000000,2023-02-21 13:44:01,0,1
1434,Lun-129,49.230306,28.392620,2023-02-21 13:44:01,0,6,pm10,PM10,Пил 10 мкм,ug/m3,мкг/м³,2.92,1.0000000000,2023-02-21 13:44:01,0,1
1434,Lun-129,49.230306,28.392620,2023-02-21 13:44:01,0,1,temperature,Temperature,Температура,°C,°C,8.2,1.0000000000,2023-02-21 13:44:01,0,0
1434,Lun-129,49.230306,28.392620,2023-02-21 13:44:01,0,2,humidity,Humidity,Вологість,%,%,100,1.0000000000,2023-02-21 13:44:01,0,0
1434,Lun-129,49.230306,28.392620,2023-02-21 13:44:01,0,3,pressure,Pressure,Атмосферний тиск,hPa,мм.рт.ст.,967.35,0.7500615758,2023-02-21 13:44:01,0,0
1769,Lun-315,49.243687,28.496432,2023-02-21 13:44:01,0,38,pm0,PM1.0,Пил 1.0 мкм,ug/m3,мкг/м³,0.62,1.0000000000,2023-02-21 13:44:01,0,1
1769,Lun-315,49.243687,28.496432,2023-02-21 13:44:01,0,5,pm25,PM2.5,Пил 2.5 мкм,ug/m3,мкг/м³,1.23,1.0000000000,2023-02-21 13:44:01,0,1
1769,Lun-315,49.243687,28.496432,2023-02-21 13:44:01,0,6,pm10,PM10,Пил 10 мкм,ug/m3,мкг/м³,3.71,1.0000000000,2023-02-21 13:44:01,0,1
1769,Lun-315,49.243687,28.496432,2023-02-21 13:44:01,0,1,temperature,Temperature,Температура,°C,°C,12.19,1.0000000000,2023-02-21 13:44:01,0,0
1769,Lun-315,49.243687,28.496432,2023-02-21 13:44:01,0,2,humidity,Humidity,Вологість,%,%,39.81,1.0000000000,2023-02-21 13:44:01,0,0
767,Соборна 36,49.232859,28.470453,2023-02-21 13:59:27,1,33,SDS_P2,PM2.5,Пил 2.5 мкм,ug/m3,мкг/м³,0.10,1.0000000000,2023-02-21 13:59:26,1,1
767,Соборна 36,49.232859,28.470453,2023-02-21 13:59:27,1,34,SDS_P1,PM10,Пил 10 мкм,ug/m3,мкг/м³,1.24,1.0000000000,2023-02-21 13:59:26,1,1
767,Соборна 36,49.232859,28.470453,2023-02-21 13:59:27,1,23,BME280_temperature,Temperature,Температура,°C,°C,13.98,1.0000000000,2023-02-21 13:59:26,1,0
767,Соборна 36,49.232859,28.470453,2023-02-21 13:59:27,1,24,BME280_humidity,Humidity,Вологість,%,%,35.98,1.0000000000,2023-02-21 13:59:26,1,0
767,Соборна 36,49.232859,28.470453,2023-02-21 13:59:27,1,25,BME280_pressure,Pressure,Атмосферний тиск,Pa,мм.рт.ст.,96848.47,0.0075006168,2023-02-21 13:59:26,1,0
767,Соборна 36,49.232859,28.470453,2023-02-21 13:59:27,1,7,CO2,CO₂,CO₂,ppm,ppm,400.00,1.0000000000,2023-02-21 13:59:26,1,0
774,Станція замостя,49.245473,28.493727,2023-02-21 13:59:01,1,33,SDS_P2,PM2.5,Пил 2.5 мкм,ug/m3,мкг/м³,2.28,1.0000000000,2023-02-21 13:59:01,1,1
774,Станція замостя,49.245473,28.493727,2023-02-21 13:59:01,1,34,SDS_P1,PM10,Пил 10 мкм,ug/m3,мкг/м³,9.88,1.0000000000,2023-02-21 13:59:01,1,1
774,Станція замостя,49.245473,28.493727,2023-02-21 13:59:01,1,23,BME280_temperature,Temperature,Температура,°C,°C,7.89,1.0000000000,2023-02-21 13:59:01,1,0
774,Станція замостя,49.245473,28.493727,2023-02-21 13:59:01,1,24,BME280_humidity,Humidity,Вологість,%,%,47.91,1.0000000000,2023-02-21 13:59:01,1,0
774,Станція замостя,49.245473,28.493727,2023-02-21 13:59:01,1,25,BME280_pressure,Pressure,Атмосферний тиск,Pa,мм.рт.ст.,96885.33,0.0075006168,2023-02-21 13:59:01,1,0
774,Станція замостя,49.245473,28.493727,2023-02-21 13:59:01,1,7,CO2,CO₂,CO₂,ppm,ppm,400.00,1.0000000000,2023-02-21 13:59:01,1,0
790,станція Вишенька,49.227009,28.418998,2023-02-20 15:56:43,23,33,SDS_P2,PM2.5,Пил 2.5 мкм,ug/m3,мкг/м³,2.76,1.0000000000,2023-02-20 15:56:43,23,1
790,станція Вишенька,49.227009,28.418998,2023-02-20 15:56:43,23,34,SDS_P1,PM10,Пил 10 мкм,ug/m3,мкг/м³,8.58,1.0000000000,2023-02-20 15:56:43,23,1
790,станція Вишенька,49.227009,28.418998,2023-02-20 15:56:43,23,23,BME280_temperature,Temperature,Температура,°C,°C,4.19,1.0000000000,2023-02-20 15:56:43,23,0
790,станція Вишенька,49.227009,28.418998,2023-02-20 15:56:43,23,24,BME280_humidity,Humidity,Вологість,%,%,51.45,1.0000000000,2023-02-20 15:56:43,23,0
790,станція Вишенька,49.227009,28.418998,2023-02-20 15:56:43,23,25,BME280_pressure,Pressure,Атмосферний тиск,Pa,мм.рт.ст.,97976.64,0.0075006168,2023-02-20 15:56:43,23,0
790,станція Вишенька,49.227009,28.418998,2023-02-20 15:56:43,23,7,CO2,CO₂,CO₂,ppm,ppm,400.00,1.0000000000,2023-02-20 15:56:43,23,0
1434,Lun-129,49.230306,28.392620,2023-02-21 13:59:02,1,38,pm0,PM1.0,Пил 1.0 мкм,ug/m3,мкг/м³,0.41,1.0000000000,2023-02-21 13:59:01,1,1
1434,Lun-129,49.230306,28.392620,2023-02-21 13:59:02,1,5,pm25,PM2.5,Пил 2.5 мкм,ug/m3,мкг/м³,0.46,1.0000000000,2023-02-21 13:59:01,1,1
1434,Lun-129,49.230306,28.392620,2023-02-21 13:59:02,1,6,pm10,PM10,Пил 10 мкм,ug/m3,мкг/м³,2.39,1.0000000000,2023-02-21 13:59:01,1,1
1434,Lun-129,49.230306,28.392620,2023-02-21 13:59:02,1,1,temperature,Temperature,Температура,°C,°C,8.13,1.0000000000,2023-02-21 13:59:01,1,0
1434,Lun-129,49.230306,28.392620,2023-02-21 13:59:02,1,2,humidity,Humidity,Вологість,%,%,100,1.0000000000,2023-02-21 13:59:01,1,0
1434,Lun-129,49.230306,28.392620,2023-02-21 13:59:02,1,3,pressure,Pressure,Атмосферний тиск,hPa,мм.рт.ст.,967.47,0.7500615758,2023-02-21 13:59:01,1,0
1769,Lun-315,49.243687,28.496432,2023-02-21 13:59:09,1,38,pm0,PM1.0,Пил 1.0 мкм,ug/m3,мкг/м³,0.75,1.0000000000,2023-02-21 13:59:01,1,1
1769,Lun-315,49.243687,28.496432,2023-02-21 13:59:09,1,5,pm25,PM2.5,Пил 2.5 мкм,ug/m3,мкг/м³,1.31,1.0000000000,2023-02-21 13:59:01,1,1
1769,Lun-315,49.243687,28.496432,2023-02-21 13:59:09,1,6,pm10,PM10,Пил 10 мкм,ug/m3,мкг/м³,3.92,1.0000000000,2023-02-21 13:59:01,1,1
1769,Lun-315,49.243687,28.496432,2023-02-21 13:59:09,1,1,temperature,Temperature,Температура,°C,°C,13.5,1.0000000000,2023-02-21 13:59:01,1,0
1769,Lun-315,49.243687,28.496432,2023-02-21 13:59:09,1,2,humidity,Humidity,Вологість,%,%,36.53,1.0000000000,2023-02-21 13:59:01,1,0
