stations_id,stations_name,Lat,Long,stations_time,stations_offset,stations_params_id,stations_params_key,stations_params_name,stations_params_localName,stations_params_unit,stations_params_localUnit,stations_params_value,stations_params_cr,stations_params_time,stations_params_offset,stations_params_level
650,дім,49.343484,28.729830,2024-06-26 11:39:22,0,A2,PM10,PM10,Пил 10 мкм,ug/m3,мкг/м³,2.0132,1.0000000000,2024-06-26 11:39:22,0,0
650,дім,49.343484,28.729830,2024-06-26 11:39:22,0,A3,PM2.5,PM2.5,Пил 2.5 мкм,ug/m3,мкг/м³,1.7226,1.0000000000,2024-06-26 11:39:22,0,0
650,дім,49.343484,28.729830,2024-06-26 11:39:22,0,C1,VOC (H₂CO),VOC (H₂CO),ЛОС (Формальдегід),ppb,мкг/м³,9.0000,1.2450000000,2024-06-26 11:39:22,0,0
650,дім,49.343484,28.729830,2024-06-26 11:39:22,0,E1,Temperature,Temperature,Температура,°C,°C,32.1942,1.0000000000,2024-06-26 11:39:22,0,0
650,дім,49.343484,28.729830,2024-06-26 11:39:22,0,E2,Humidity,Humidity,Вологість,%,%,31.5326,1.0000000000,2024-06-26 11:39:22,0,0
650,дім,49.343484,28.729830,2024-06-26 11:39:22,0,E3,Pressure,Pressure,Атмосферний тиск,Pa,мм.рт.ст.,99066.8942,0.0075006168,2024-06-26 11:39:22,0,0
767,Соборна 36,49.232859,28.470453,2024-06-26 11:39:58,0,A2,PM10,PM10,Пил 10 мкм,ug/m3,мкг/м³,1.9893,1.0000000000,2024-06-26 11:39:58,0,0
767,Соборна 36,49.232859,28.470453,2024-06-26 11:39:58,0,A3,PM2.5,PM2.5,Пил 2.5 мкм,ug/m3,мкг/м³,0.2980,1.0000000000,2024-06-26 11:39:58,0,0
774,Станція замостя,49.245473,28.493727,2024-06-26 11:39:17,0,A2,PM10,PM10,Пил 10 мкм,ug/m3,мкг/м³,4.3516,1.0000000000,2024-06-26 11:39:17,0,0
774,Станція замостя,49.245473,28.493727,2024-06-26 11:39:17,0,A3,PM2.5,PM2.5,Пил 2.5 мкм,ug/m3,мкг/м³,2.5337,1.0000000000,2024-06-26 11:39:17,0,0
774,Станція замостя,49.245473,28.493727,2024-06-26 11:39:17,0,E1,Temperature,Temperature,Температура,°C,°C,26.3026,1.0000000000,2024-06-26 11:39:17,0,0
774,Станція замостя,49.245473,28.493727,2024-06-26 11:39:17,0,E2,Humidity,Humidity,Вологість,%,%,36.1005,1.0000000000,2024-06-26 11:39:17,0,0
774,Станція замостя,49.245473,28.493727,2024-06-26 11:39:17,0,E3,Pressure,Pressure,Атмосферний тиск,Pa,мм.рт.ст.,98861.0916,0.0075006168,2024-06-26 11:39:17,0,0
790,станція Вишенька,49.2270093,28.4189984,2024-06-26 11:39:05,0,A2,PM10,PM10,Пил 10 мкм,ug/m3,мкг/м³,4.8150,1.0000000000,2024-06-26 11:39:05,0,0
790,станція Вишенька,49.2270093,28.4189984,2024-06-26 11:39:05,0,A3,PM2.5,PM2.5,Пил 2.5 мкм,ug/m3,мкг/м³,1.9714,1.0000000000,2024-06-26 11:39:05,0,0
790,станція Вишенька,49.2270093,28.4189984,2024-06-26 11:39:05,0,E1,Temperature,Temperature,Температура,°C,°C,31.9264,1.0000000000,2024-06-26 11:39:05,0,0
790,станція Вишенька,49.2270093,28.4189984,2024-06-26 11:39:05,0,E2,Humidity,Humidity,Вологість,%,%,26.4221,1.0000000000,2024-06-26 11:39:05,0,0
790,станція Вишенька,49.2270093,28.4189984,2024-06-26 11:39:05,0,E3,Pressure,Pressure,Атмосферний тиск,Pa,мм.рт.ст.,98846.6893,0.0075006168,2024-06-26 11:39:05,0,0
1315,Vinnytsia National Technical University,49.23327,28.409161,2024-06-26 11:39:37,0,A2,PM10,PM10,Пил 10 мкм,ug/m3,мкг/м³,21.4375,1.0000000000,2024-06-26 11:39:37,0,0
1315,Vinnytsia National Technical University,49.23327,28.409161,2024-06-26 11:39:37,0,A3,PM2.5,PM2.5,Пил 2.5 мкм,ug/m3,мкг/м³,19.0140,1.0000000000,2024-06-26 11:39:37,0,0
1315,Vinnytsia National Technical University,49.23327,28.409161,2024-06-26 11:39:37,0,A4,PM1.0,PM1.0,Пил 1.0 мкм,ug/m3,мкг/м³,15.8780,1.0000000000,2024-06-26 11:39:37,0,0
1315,Vinnytsia National Technical University,49.23327,28.409161,2024-06-26 11:39:37,0,B2,CO,CO,Монооксид вуглецю,ppm,мкг/м³,0.5000,1164.2000000000,2024-06-26 11:39:37,0,0
1315,Vinnytsia National Technical University,49.23327,28.409161,2024-06-26 11:39:37,0,B3,O₃,O₃,O₃,ppm,мкг/м³,0.0390,1995.7000000000,2024-06-26 11:39:37,0,0
1315,Vinnytsia National Technical University,49.23327,28.409161,2024-06-26 11:39:37,0,C1,VOC (H₂CO),VOC (H₂CO),ЛОС (Формальдегід),mg/m3,мкг/м³,0.0105,1000.0000000000,2024-06-26 11:39:37,0,0
1315,Vinnytsia National Technical University,49.23327,28.409161,2024-06-26 11:39:37,0,E1,Temperature,Temperature,Температура,°C,°C,26.5545,1.0000000000,2024-06-26 11:39:37,0,0
1315,Vinnytsia National Technical University,49.23327,28.409161,2024-06-26 11:39:37,0,E1,Temperature,Temperature,Температура,°C,°C,25.6560,1.0000000000,2024-06-26 11:39:37,0,0
1315,Vinnytsia National Technical University,49.23327,28.409161,2024-06-26 11:39:37,0,E1,Temperature,Temperature,Температура,°C,°C,19.0250,1.0000000000,2024-06-26 11:39:37,0,0
1315,Vinnytsia National Technical University,49.23327,28.409161,2024-06-26 11:39:37,0,E2,Humidity,Humidity,Вологість,%,%,42.4780,1.0000000000,2024-06-26 11:39:37,0,0
1315,Vinnytsia National Technical University,49.23327,28.409161,2024-06-26 11:39:37,0,E2,Humidity,Humidity,Вологість,%,%,54.8000,1.0000000000,2024-06-26 11:39:37,0,0
1315,Vinnytsia National Technical University,49.23327,28.409161,2024-06-26 11:39:37,0,E3,Pressure,Pressure,Атмосферний тиск,Pa,мм.рт.ст.,98854.0920,0.0075006168,2024-06-26 11:39:37,0,0
1811,EcoCity станція моніторингу Хмільник,49.558012,27.956897,2024-06-26 11:39:21,0,A2,PM10,PM10,Пил 10 мкм,ug/m3,мкг/м³,6.1600,1.0000000000,2024-06-26 11:39:21,0,0
1811,EcoCity станція моніторингу Хмільник,49.558012,27.956897,2024-06-26 11:39:21,0,A3,PM2.5,PM2.5,Пил 2.5 мкм,ug/m3,мкг/м³,2.4400,1.0000000000,2024-06-26 11:39:21,0,0
1811,EcoCity станція моніторингу Хмільник,49.558012,27.956897,2024-06-26 11:39:21,0,D1,RAD,RAD,Радіаційний фон,uR/h,мкР/год,12.7595,1.0000000000,2024-06-26 11:39:21,0,0
1811,EcoCity станція моніторингу Хмільник,49.558012,27.956897,2024-06-26 11:39:21,0,E1,Temperature,Temperature,Температура,°C,°C,38.1960,1.0000000000,2024-06-26 11:39:21,0,0
1811,EcoCity станція моніторингу Хмільник,49.558012,27.956897,2024-06-26 11:39:21,0,E1,Temperature,Temperature,Температура,°C,°C,37.7650,1.0000000000,2024-06-26 11:39:21,0,0
1811,EcoCity станція моніторингу Хмільник,49.558012,27.956897,2024-06-26 11:39:21,0,E2,Humidity,Humidity,Вологість,%,%,22.5075,1.0000000000,2024-06-26 11:39:21,0,0
1811,EcoCity станція моніторингу Хмільник,49.558012,27.956897,2024-06-26 11:39:21,0,E3,Pressure,Pressure,Атмосферний тиск,Pa,мм.рт.ст.,99155.7040,0.0075006168,2024-06-26 11:39:21,0,0
1813,Якушинці,49.2571196,28.3671704,2024-06-26 11:39:20,0,A2,PM10,PM10,Пил 10 мкм,ug/m3,мкг/м³,4.9100,1.0000000000,2024-06-26 11:39:20,0,0
1813,Якушинці,49.2571196,28.3671704,2024-06-26 11:39:20,0,A3,PM2.5,PM2.5,Пил 2.5 мкм,ug/m3,мкг/м³,2.1850,1.0000000000,2024-06-26 11:39:20,0,0
1813,Якушинці,49.2571196,28.3671704,2024-06-26 11:39:20,0,D1,RAD,RAD,Радіаційний фон,uR/h,мкР/год,11.5140,1.0000000000,2024-06-26 11:39:20,0,0
1813,Якушинці,49.2571196,28.3671704,2024-06-26 11:39:20,0,E1,Temperature,Temperature,Температура,°C,°C,26.5545,1.0000000000,2024-06-26 11:39:20,0,0
1813,Якушинці,49.2571196,28.3671704,2024-06-26 11:39:20,0,E1,Temperature,Temperature,Температура,°C,°C,25.5740,1.0000000000,2024-06-26 11:39:20,0,0
1813,Якушинці,49.2571196,28.3671704,2024-06-26 11:39:20,0,E2,Humidity,Humidity,Вологість,%,%,39.4815,1.0000000000,2024-06-26 11:39:20,0,0
1813,Якушинці,49.2571196,28.3671704,2024-06-26 11:39:20,0,E3,Pressure,Pressure,Атмосферний тиск,Pa,мм.рт.ст.,98685.2225,0.0075006168,2024-06-26 11:39:20,0,0
1825,Центральна площа,49.105637,29.206617,2024-06-26 11:39:56,0,A2,PM10,PM10,Пил 10 мкм,ug/m3,мкг/м³,5.1300,1.0000000000,2024-06-26 11:39:56,0,0
1825,Центральна площа,49.105637,29.206617,2024-06-26 11:39:56,0,A3,PM2.5,PM2.5,Пил 2.5 мкм,ug/m3,мкг/м³,2.1150,1.0000000000,2024-06-26 11:39:56,0,0
1825,Центральна площа,49.105637,29.206617,2024-06-26 11:39:56,0,D1,RAD,RAD,Радіаційний фон,uR/h,мкР/год,14.3595,1.0000000000,2024-06-26 11:39:56,0,0
1825,Центральна площа,49.105637,29.206617,2024-06-26 11:39:56,0,E1,Temperature,Temperature,Температура,°C,°C,30.4920,1.0000000000,2024-06-26 11:39:56,0,0
1825,Центральна площа,49.105637,29.206617,2024-06-26 11:39:56,0,E1,Temperature,Temperature,Температура,°C,°C,29.5530,1.0000000000,2024-06-26 11:39:56,0,0
1825,Центральна площа,49.105637,29.206617,2024-06-26 11:39:56,0,E2,Humidity,Humidity,Вологість,%,%,36.0335,1.0000000000,2024-06-26 11:39:56,0,0
1825,Центральна площа,49.105637,29.206617,2024-06-26 11:39:56,0,E3,Pressure,Pressure,Атмосферний тиск,Pa,мм.рт.ст.,99498.0215,0.0075006168,2024-06-26 11:39:56,0,0
1830,Центр Безпеки громадян Війтівецької сільської ради,49.6288314,27.89884,2024-06-26 11:39:47,0,A2,PM10,PM10,Пил 10 мкм,ug/m3,мкг/м³,5.7000,1.0000000000,2024-06-26 11:39:47,0,0
1830,Центр Безпеки громадян Війтівецької сільської ради,49.6288314,27.89884,2024-06-26 11:39:47,0,A3,PM2.5,PM2.5,Пил 2.5 мкм,ug/m3,мкг/м³,1.7812,1.0000000000,2024-06-26 11:39:47,0,0
1830,Центр Безпеки громадян Війтівецької сільської ради,49.6288314,27.89884,2024-06-26 11:39:47,0,D1,RAD,RAD,Радіаційний фон,uR/h,мкР/год,10.6131,1.0000000000,2024-06-26 11:39:47,0,0
1830,Центр Безпеки громадян Війтівецької сільської ради,49.6288314,27.89884,2024-06-26 11:39:47,0,E1,Temperature,Temperature,Температура,°C,°C,28.7175,1.0000000000,2024-06-26 11:39:47,0,0
1830,Центр Безпеки громадян Війтівецької сільської ради,49.6288314,27.89884,2024-06-26 11:39:47,0,E1,Temperature,Temperature,Температура,°C,°C,28.1475,1.0000000000,2024-06-26 11:39:47,0,0
1830,Центр Безпеки громадян Війтівецької сільської ради,49.6288314,27.89884,2024-06-26 11:39:47,0,E2,Humidity,Humidity,Вологість,%,%,40.1569,1.0000000000,2024-06-26 11:39:47,0,0
1830,Центр Безпеки громадян Війтівецької сільської ради,49.6288314,27.89884,2024-06-26 11:39:47,0,E3,Pressure,Pressure,Атмосферний тиск,Pa,мм.рт.ст.,98940.1119,0.0075006168,2024-06-26 11:39:47,0,0
1866,Северинівка,48.516638,29.184421,2024-06-26 11:39:16,0,A2,PM10,PM10,Пил 10 мкм,ug/m3,мкг/м³,3.3316,1.0000000000,2024-06-26 11:39:16,0,0
1866,Северинівка,48.516638,29.184421,2024-06-26 11:39:16,0,A3,PM2.5,PM2.5,Пил 2.5 мкм,ug/m3,мкг/м³,1.3789,1.0000000000,2024-06-26 11:39:16,0,0
1866,Северинівка,48.516638,29.184421,2024-06-26 11:39:16,0,D1,RAD,RAD,Радіаційний фон,uR/h,мкР/год,11.4595,1.0000000000,2024-06-26 11:39:16,0,0
1866,Северинівка,48.516638,29.184421,2024-06-26 11:39:16,0,E1,Temperature,Temperature,Температура,°C,°C,28.0137,1.0000000000,2024-06-26 11:39:16,0,0
1866,Северинівка,48.516638,29.184421,2024-06-26 11:39:16,0,E1,Temperature,Temperature,Температура,°C,°C,26.8968,1.0000000000,2024-06-26 11:39:16,0,0
1866,Северинівка,48.516638,29.184421,2024-06-26 11:39:16,0,E2,Humidity,Humidity,Вологість,%,%,40.0168,1.0000000000,2024-06-26 11:39:16,0,0
1866,Северинівка,48.516638,29.184421,2024-06-26 11:39:16,0,E3,Pressure,Pressure,Атмосферний тиск,Pa,мм.рт.ст.,99728.4905,0.0075006168,2024-06-26 11:39:16,0,0
1919,Поділля-Коріатовичів,49.2195278,28.45438,2024-06-26 11:39:14,0,A2,PM10,PM10,Пил 10 мкм,ug/m3,мкг/м³,5.3421,1.0000000000,2024-06-26 11:39:14,0,0
1919,Поділля-Коріатовичів,49.2195278,28.45438,2024-06-26 11:39:14,0,A3,PM2.5,PM2.5,Пил 2.5 мкм,ug/m3,мкг/м³,2.4368,1.0000000000,2024-06-26 11:39:14,0,0
1919,Поділля-Коріатовичів,49.2195278,28.45438,2024-06-26 11:39:14,0,D1,RAD,RAD,Радіаційний фон,uR/h,мкР/год,14.9432,1.0000000000,2024-06-26 11:39:14,0,0
1919,Поділля-Коріатовичів,49.2195278,28.45438,2024-06-26 11:39:14,0,E1,Temperature,Temperature,Температура,°C,°C,27.3732,1.0000000000,2024-06-26 11:39:14,0,0
1919,Поділля-Коріатовичів,49.2195278,28.45438,2024-06-26 11:39:14,0,E1,Temperature,Temperature,Температура,°C,°C,27.0242,1.0000000000,2024-06-26 11:39:14,0,0
1919,Поділля-Коріатовичів,49.2195278,28.45438,2024-06-26 11:39:14,0,E2,Humidity,Humidity,Вологість,%,%,42.4826,1.0000000000,2024-06-26 11:39:14,0,0
1919,Поділля-Коріатовичів,49.2195278,28.45438,2024-06-26 11:39:14,0,E3,Pressure,Pressure,Атмосферний тиск,Pa,мм.рт.ст.,98951.3037,0.0075006168,2024-06-26 11:39:14,0,0
256,vinnytsia-256,49.208752495399324,28.528553271164593,2024-06-26T08:34:00Z,0,A4,PM1.0,PM1.0,Пил 1.0 мкм,ug/m3,мкг/м³,1.8730000000000002,null,2024-06-26T08:34:00Z,0,0
256,vinnytsia-256,49.208752495399324,28.528553271164593,2024-06-26T08:34:00Z,0,A3,PM2.5,PM2.5,Пил 2.5 мкм,ug/m3,мкг/м³,2.3415,null,2024-06-26T08:34:00Z,0,0
256,vinnytsia-256,49.208752495399324,28.528553271164593,2024-06-26T08:34:00Z,0,A2,PM100,PM100,Пил 10 мкм,ug/m3,мкг/м³,8.257,null,2024-06-26T08:34:00Z,0,0
256,vinnytsia-256,49.208752495399324,28.528553271164593,2024-06-26T08:34:00Z,0,E1,Temperature,Temperature,Температура,°C,°C,27.35675,null,2024-06-26T08:34:00Z,0,0
256,vinnytsia-256,49.208752495399324,28.528553271164593,2024-06-26T08:34:00Z,0,E2,Humidity,Humidity,Вологість,%,%,39.83975,null,2024-06-26T08:34:00Z,0,0
256,vinnytsia-256,49.208752495399324,28.528553271164593,2024-06-26T08:34:00Z,0,E3,Pressure,Pressure,Атмосферний тиск,Pa,Паскаль,98499.74025,null,2024-06-26T08:34:00Z,0,0
271,vinnytsia-271,49.236887137498584,28.513305486721826,2024-06-26T08:34:00Z,0,A4,PM1.0,PM1.0,Пил 1.0 мкм,ug/m3,мкг/м³,6.1297500000000005,null,2024-06-26T08:34:00Z,0,0
271,vinnytsia-271,49.236887137498584,28.513305486721826,2024-06-26T08:34:00Z,0,A3,PM2.5,PM2.5,Пил 2.5 мкм,ug/m3,мкг/м³,7.38025,null,2024-06-26T08:34:00Z,0,0
271,vinnytsia-271,49.236887137498584,28.513305486721826,2024-06-26T08:34:00Z,0,A2,PM100,PM100,Пил 10 мкм,ug/m3,мкг/м³,8.12025,null,2024-06-26T08:34:00Z,0,0
271,vinnytsia-271,49.236887137498584,28.513305486721826,2024-06-26T08:34:00Z,0,E1,Temperature,Temperature,Температура,°C,°C,26.0135,null,2024-06-26T08:34:00Z,0,0
271,vinnytsia-271,49.236887137498584,28.513305486721826,2024-06-26T08:34:00Z,0,E2,Humidity,Humidity,Вологість,%,%,42.394,null,2024-06-26T08:34:00Z,0,0
271,vinnytsia-271,49.236887137498584,28.513305486721826,2024-06-26T08:34:00Z,0,E3,Pressure,Pressure,Атмосферний тиск,Pa,Паскаль,98960.447,null,2024-06-26T08:34:00Z,0,0
281,vinnytsia-281,49.24192686787152,28.462020923798242,2024-06-26T08:34:00Z,0,A4,PM1.0,PM1.0,Пил 1.0 мкм,ug/m3,мкг/м³,2.526,null,2024-06-26T08:34:00Z,0,0
281,vinnytsia-281,49.24192686787152,28.462020923798242,2024-06-26T08:34:00Z,0,A3,PM2.5,PM2.5,Пил 2.5 мкм,ug/m3,мкг/м³,3.7257499999999997,null,2024-06-26T08:34:00Z,0,0
281,vinnytsia-281,49.24192686787152,28.462020923798242,2024-06-26T08:34:00Z,0,A2,PM100,PM100,Пил 10 мкм,ug/m3,мкг/м³,11.14325,null,2024-06-26T08:34:00Z,0,0
281,vinnytsia-281,49.24192686787152,28.462020923798242,2024-06-26T08:34:00Z,0,E1,Temperature,Temperature,Температура,°C,°C,26.614,null,2024-06-26T08:34:00Z,0,0
281,vinnytsia-281,49.24192686787152,28.462020923798242,2024-06-26T08:34:00Z,0,E2,Humidity,Humidity,Вологість,%,%,42.38725,null,2024-06-26T08:34:00Z,0,0
281,vinnytsia-281,49.24192686787152,28.462020923798242,2024-06-26T08:34:00Z,0,E3,Pressure,Pressure,Атмосферний тиск,Pa,Паскаль,98938.21375,null,2024-06-26T08:34:00Z,0,0
315,vinnytsia-315,49.2436875857327,28.496432230155264,2024-06-26T08:34:00Z,0,A4,PM1.0,PM1.0,Пил 1.0 мкм,ug/m3,мкг/м³,6.754875,null,2024-06-26T08:34:00Z,0,0
315,vinnytsia-315,49.2436875857327,28.496432230155264,2024-06-26T08:34:00Z,0,A3,PM2.5,PM2.5,Пил 2.5 мкм,ug/m3,мкг/м³,9.922625,null,2024-06-26T08:34:00Z,0,0
315,vinnytsia-315,49.2436875857327,28.496432230155264,2024-06-26T08:34:00Z,0,A2,PM100,PM100,Пил 10 мкм,ug/m3,мкг/м³,19.024749999999997,null,2024-06-26T08:34:00Z,0,0
315,vinnytsia-315,49.2436875857327,28.496432230155264,2024-06-26T08:34:00Z,0,E1,Temperature,Temperature,Температура,°C,°C,27.59375,null,2024-06-26T08:34:00Z,0,0
315,vinnytsia-315,49.2436875857327,28.496432230155264,2024-06-26T08:34:00Z,0,E2,Humidity,Humidity,Вологість,%,%,42.259249999999994,null,2024-06-26T08:34:00Z,0,0
315,vinnytsia-315,49.2436875857327,28.496432230155264,2024-06-26T08:34:00Z,0,E3,Pressure,Pressure,Атмосферний тиск,Pa,Паскаль,null,null,2024-06-26T08:34:00Z,0,0
90,vinnytsia-90,49.21773364876253,28.44979464092501,2024-06-26T08:34:00Z,0,A4,PM1.0,PM1.0,Пил 1.0 мкм,ug/m3,мкг/м³,4.307,null,2024-06-26T08:34:00Z,0,0
90,vinnytsia-90,49.21773364876253,28.44979464092501,2024-06-26T08:34:00Z,0,A3,PM2.5,PM2.5,Пил 2.5 мкм,ug/m3,мкг/м³,7.4445,null,2024-06-26T08:34:00Z,0,0
90,vinnytsia-90,49.21773364876253,28.44979464092501,2024-06-26T08:34:00Z,0,A2,PM100,PM100,Пил 10 мкм,ug/m3,мкг/м³,19.361250000000002,null,2024-06-26T08:34:00Z,0,0
90,vinnytsia-90,49.21773364876253,28.44979464092501,2024-06-26T08:34:00Z,0,E1,Temperature,Temperature,Температура,°C,°C,30.6925,null,2024-06-26T08:34:00Z,0,0
90,vinnytsia-90,49.21773364876253,28.44979464092501,2024-06-26T08:34:00Z,0,E2,Humidity,Humidity,Вологість,%,%,39.16,null,2024-06-26T08:34:00Z,0,0
90,vinnytsia-90,49.21773364876253,28.44979464092501,2024-06-26T08:34:00Z,0,E3,Pressure,Pressure,Атмосферний тиск,Pa,Паскаль,98735.83075,null,2024-06-26T08:34:00Z,0,0
650,дім,49.343484,28.729830,2024-06-26 11:59:03,0,A2,PM10,PM10,Пил 10 мкм,ug/m3,мкг/м³,1.8605,1.0000000000,2024-06-26 11:59:03,0,0
650,дім,49.343484,28.729830,2024-06-26 11:59:03,0,A3,PM2.5,PM2.5,Пил 2.5 мкм,ug/m3,мкг/м³,1.6416,1.0000000000,2024-06-26 11:59:03,0,0
650,дім,49.343484,28.729830,2024-06-26 11:59:03,0,C1,VOC (H₂CO),VOC (H₂CO),ЛОС (Формальдегід),ppb,мкг/м³,9.0000,1.2450000000,2024-06-26 11:59:03,0,0
650,дім,49.343484,28.729830,2024-06-26 11:59:03,0,E1,Temperature,Temperature,Температура,°C,°C,32.1468,1.0000000000,2024-06-26 11:59:03,0,0
650,дім,49.343484,28.729830,2024-06-26 11:59:03,0,E2,Humidity,Humidity,Вологість,%,%,31.0042,1.0000000000,2024-06-26 11:59:03,0,0
650,дім,49.343484,28.729830,2024-06-26 11:59:03,0,E3,Pressure,Pressure,Атмосферний тиск,Pa,мм.рт.ст.,99065.2753,0.0075006168,2024-06-26 11:59:03,0,0
767,Соборна 36,49.232859,28.470453,2024-06-26 11:59:37,0,A2,PM10,PM10,Пил 10 мкм,ug/m3,мкг/м³,1.4250,1.0000000000,2024-06-26 11:59:37,0,0
767,Соборна 36,49.232859,28.470453,2024-06-26 11:59:37,0,A3,PM2.5,PM2.5,Пил 2.5 мкм,ug/m3,мкг/м³,0.2792,1.0000000000,2024-06-26 11:59:37,0,0
774,Станція замостя,49.245473,28.493727,2024-06-26 11:59:51,0,A2,PM10,PM10,Пил 10 мкм,ug/m3,мкг/м³,4.2045,1.0000000000,2024-06-26 11:59:51,0,0
774,Станція замостя,49.245473,28.493727,2024-06-26 11:59:51,0,A3,PM2.5,PM2.5,Пил 2.5 мкм,ug/m3,мкг/м³,2.6015,1.0000000000,2024-06-26 11:59:51,0,0
774,Станція замостя,49.245473,28.493727,2024-06-26 11:59:51,0,E1,Temperature,Temperature,Температура,°C,°C,26.5580,1.0000000000,2024-06-26 11:59:51,0,0
774,Станція замостя,49.245473,28.493727,2024-06-26 11:59:51,0,E2,Humidity,Humidity,Вологість,%,%,36.5030,1.0000000000,2024-06-26 11:59:51,0,0
774,Станція замостя,49.245473,28.493727,2024-06-26 11:59:51,0,E3,Pressure,Pressure,Атмосферний тиск,Pa,мм.рт.ст.,98858.4015,0.0075006168,2024-06-26 11:59:51,0,0
790,станція Вишенька,49.2270093,28.4189984,2024-06-26 11:59:48,0,A2,PM10,PM10,Пил 10 мкм,ug/m3,мкг/м³,5.8906,1.0000000000,2024-06-26 11:59:48,0,0
790,станція Вишенька,49.2270093,28.4189984,2024-06-26 11:59:48,0,A3,PM2.5,PM2.5,Пил 2.5 мкм,ug/m3,мкг/м³,2.1394,1.0000000000,2024-06-26 11:59:48,0,0
790,станція Вишенька,49.2270093,28.4189984,2024-06-26 11:59:48,0,E1,Temperature,Temperature,Температура,°C,°C,31.2256,1.0000000000,2024-06-26 11:59:48,0,0
790,станція Вишенька,49.2270093,28.4189984,2024-06-26 11:59:48,0,E2,Humidity,Humidity,Вологість,%,%,27.7850,1.0000000000,2024-06-26 11:59:48,0,0
790,станція Вишенька,49.2270093,28.4189984,2024-06-26 11:59:48,0,E3,Pressure,Pressure,Атмосферний тиск,Pa,мм.рт.ст.,98843.3819,0.0075006168,2024-06-26 11:59:48,0,0
1315,Vinnytsia National Technical University,49.23327,28.409161,2024-06-26 11:59:50,0,A2,PM10,PM10,Пил 10 мкм,ug/m3,мкг/м³,21.9500,1.0000000000,2024-06-26 11:59:50,0,0
1315,Vinnytsia National Technical University,49.23327,28.409161,2024-06-26 11:59:50,0,A3,PM2.5,PM2.5,Пил 2.5 мкм,ug/m3,мкг/м³,19.4725,1.0000000000,2024-06-26 11:59:50,0,0
1315,Vinnytsia National Technical University,49.23327,28.409161,2024-06-26 11:59:50,0,A4,PM1.0,PM1.0,Пил 1.0 мкм,ug/m3,мкг/м³,16.1185,1.0000000000,2024-06-26 11:59:50,0,0
1315,Vinnytsia National Technical University,49.23327,28.409161,2024-06-26 11:59:50,0,B2,CO,CO,Монооксид вуглецю,ppm,мкг/м³,0.5000,1164.2000000000,2024-06-26 11:59:50,0,0
1315,Vinnytsia National Technical University,49.23327,28.409161,2024-06-26 11:59:50,0,B3,O₃,O₃,O₃,ppm,мкг/м³,0.0365,1995.7000000000,2024-06-26 11:59:50,0,0
1315,Vinnytsia National Technical University,49.23327,28.409161,2024-06-26 11:59:50,0,C1,VOC (H₂CO),VOC (H₂CO),ЛОС (Формальдегід),mg/m3,мкг/м³,0.0105,1000.0000000000,2024-06-26 11:59:50,0,0
1315,Vinnytsia National Technical University,49.23327,28.409161,2024-06-26 11:59:50,0,E1,Temperature,Temperature,Температура,°C,°C,26.7545,1.0000000000,2024-06-26 11:59:50,0,0
1315,Vinnytsia National Technical University,49.23327,28.409161,2024-06-26 11:59:50,0,E1,Temperature,Temperature,Температура,°C,°C,25.8485,1.0000000000,2024-06-26 11:59:50,0,0
1315,Vinnytsia National Technical University,49.23327,28.409161,2024-06-26 11:59:50,0,E1,Temperature,Temperature,Температура,°C,°C,19.2750,1.0000000000,2024-06-26 11:59:50,0,0
1315,Vinnytsia National Technical University,49.23327,28.409161,2024-06-26 11:59:50,0,E2,Humidity,Humidity,Вологість,%,%,42.9670,1.0000000000,2024-06-26 11:59:50,0,0
1315,Vinnytsia National Technical University,49.23327,28.409161,2024-06-26 11:59:50,0,E2,Humidity,Humidity,Вологість,%,%,55.1275,1.0000000000,2024-06-26 11:59:50,0,0
1315,Vinnytsia National Technical University,49.23327,28.409161,2024-06-26 11:59:50,0,E3,Pressure,Pressure,Атмосферний тиск,Pa,мм.рт.ст.,98850.8885,0.0075006168,2024-06-26 11:59:50,0,0
1811,EcoCity станція моніторингу Хмільник,49.558012,27.956897,2024-06-26 11:59:11,0,A2,PM10,PM10,Пил 10 мкм,ug/m3,мкг/м³,5.4632,1.0000000000,2024-06-26 11:59:11,0,0
1811,EcoCity станція моніторингу Хмільник,49.558012,27.956897,2024-06-26 11:59:11,0,A3,PM2.5,PM2.5,Пил 2.5 мкм,ug/m3,мкг/м³,2.0842,1.0000000000,2024-06-26 11:59:11,0,0
1811,EcoCity станція моніторингу Хмільник,49.558012,27.956897,2024-06-26 11:59:11,0,D1,RAD,RAD,Радіаційний фон,uR/h,мкР/год,14.3926,1.0000000000,2024-06-26 11:59:11,0,0
1811,EcoCity станція моніторингу Хмільник,49.558012,27.956897,2024-06-26 11:59:11,0,E1,Temperature,Temperature,Температура,°C,°C,36.7984,1.0000000000,2024-06-26 11:59:11,0,0
1811,EcoCity станція моніторингу Хмільник,49.558012,27.956897,2024-06-26 11:59:11,0,E1,Temperature,Temperature,Температура,°C,°C,36.3374,1.0000000000,2024-06-26 11:59:11,0,0
1811,EcoCity станція моніторингу Хмільник,49.558012,27.956897,2024-06-26 11:59:11,0,E2,Humidity,Humidity,Вологість,%,%,24.0232,1.0000000000,2024-06-26 11:59:11,0,0
1811,EcoCity станція моніторингу Хмільник,49.558012,27.956897,2024-06-26 11:59:11,0,E3,Pressure,Pressure,Атмосферний тиск,Pa,мм.рт.ст.,99136.9721,0.0075006168,2024-06-26 11:59:11,0,0
1813,Якушинці,49.2571196,28.3671704,2024-06-26 11:59:33,0,A2,PM10,PM10,Пил 10 мкм,ug/m3,мкг/м³,4.7750,1.0000000000,2024-06-26 11:59:33,0,0
1813,Якушинці,49.2571196,28.3671704,2024-06-26 11:59:33,0,A3,PM2.5,PM2.5,Пил 2.5 мкм,ug/m3,мкг/м³,2.1500,1.0000000000,2024-06-26 11:59:33,0,0
1813,Якушинці,49.2571196,28.3671704,2024-06-26 11:59:33,0,D1,RAD,RAD,Радіаційний фон,uR/h,мкР/год,10.9135,1.0000000000,2024-06-26 11:59:33,0,0
1813,Якушинці,49.2571196,28.3671704,2024-06-26 11:59:33,0,E1,Temperature,Temperature,Температура,°C,°C,26.8430,1.0000000000,2024-06-26 11:59:33,0,0
1813,Якушинці,49.2571196,28.3671704,2024-06-26 11:59:33,0,E1,Temperature,Temperature,Температура,°C,°C,25.8585,1.0000000000,2024-06-26 11:59:33,0,0
1813,Якушинці,49.2571196,28.3671704,2024-06-26 11:59:33,0,E2,Humidity,Humidity,Вологість,%,%,40.0440,1.0000000000,2024-06-26 11:59:33,0,0
1813,Якушинці,49.2571196,28.3671704,2024-06-26 11:59:33,0,E3,Pressure,Pressure,Атмосферний тиск,Pa,мм.рт.ст.,98682.7520,0.0075006168,2024-06-26 11:59:33,0,0
1825,Центральна площа,49.105637,29.206617,2024-06-26 11:59:06,0,A2,PM10,PM10,Пил 10 мкм,ug/m3,мкг/м³,5.3105,1.0000000000,2024-06-26 11:59:06,0,0
1825,Центральна площа,49.105637,29.206617,2024-06-26 11:59:06,0,A3,PM2.5,PM2.5,Пил 2.5 мкм,ug/m3,мкг/м³,2.1789,1.0000000000,2024-06-26 11:59:06,0,0
1825,Центральна площа,49.105637,29.206617,2024-06-26 11:59:06,0,D1,RAD,RAD,Радіаційний фон,uR/h,мкР/год,14.5547,1.0000000000,2024-06-26 11:59:06,0,0
1825,Центральна площа,49.105637,29.206617,2024-06-26 11:59:06,0,E1,Temperature,Temperature,Температура,°C,°C,30.8547,1.0000000000,2024-06-26 11:59:06,0,0
1825,Центральна площа,49.105637,29.206617,2024-06-26 11:59:06,0,E1,Temperature,Temperature,Температура,°C,°C,29.8984,1.0000000000,2024-06-26 11:59:06,0,0
1825,Центральна площа,49.105637,29.206617,2024-06-26 11:59:06,0,E2,Humidity,Humidity,Вологість,%,%,35.4226,1.0000000000,2024-06-26 11:59:06,0,0
1825,Центральна площа,49.105637,29.206617,2024-06-26 11:59:06,0,E3,Pressure,Pressure,Атмосферний тиск,Pa,мм.рт.ст.,99498.4637,0.0075006168,2024-06-26 11:59:06,0,0
1830,Центр Безпеки громадян Війтівецької сільської ради,49.6288314,27.89884,2024-06-26 11:59:29,0,A2,PM10,PM10,Пил 10 мкм,ug/m3,мкг/м³,3.5267,1.0000000000,2024-06-26 11:59:29,0,0
1830,Центр Безпеки громадян Війтівецької сільської ради,49.6288314,27.89884,2024-06-26 11:59:29,0,A3,PM2.5,PM2.5,Пил 2.5 мкм,ug/m3,мкг/м³,1.7133,1.0000000000,2024-06-26 11:59:29,0,0
1830,Центр Безпеки громадян Війтівецької сільської ради,49.6288314,27.89884,2024-06-26 11:59:29,0,D1,RAD,RAD,Радіаційний фон,uR/h,мкР/год,10.4427,1.0000000000,2024-06-26 11:59:29,0,0
1830,Центр Безпеки громадян Війтівецької сільської ради,49.6288314,27.89884,2024-06-26 11:59:29,0,E1,Temperature,Temperature,Температура,°C,°C,27.6073,1.0000000000,2024-06-26 11:59:29,0,0
1830,Центр Безпеки громадян Війтівецької сільської ради,49.6288314,27.89884,2024-06-26 11:59:29,0,E1,Temperature,Temperature,Температура,°C,°C,27.0533,1.0000000000,2024-06-26 11:59:29,0,0
1830,Центр Безпеки громадян Війтівецької сільської ради,49.6288314,27.89884,2024-06-26 11:59:29,0,E2,Humidity,Humidity,Вологість,%,%,41.9320,1.0000000000,2024-06-26 11:59:29,0,0
1830,Центр Безпеки громадян Війтівецької сільської ради,49.6288314,27.89884,2024-06-26 11:59:29,0,E3,Pressure,Pressure,Атмосферний тиск,Pa,мм.рт.ст.,98929.4920,0.0075006168,2024-06-26 11:59:29,0,0
1866,Северинівка,48.516638,29.184421,2024-06-26 11:59:26,0,A2,PM10,PM10,Пил 10 мкм,ug/m3,мкг/м³,3.7000,1.0000000000,2024-06-26 11:59:26,0,0
1866,Северинівка,48.516638,29.184421,2024-06-26 11:59:26,0,A3,PM2.5,PM2.5,Пил 2.5 мкм,ug/m3,мкг/м³,1.4667,1.0000000000,2024-06-26 11:59:26,0,0
1866,Северинівка,48.516638,29.184421,2024-06-26 11:59:26,0,D1,RAD,RAD,Радіаційний фон,uR/h,мкР/год,11.8044,1.0000000000,2024-06-26 11:59:26,0,0
1866,Северинівка,48.516638,29.184421,2024-06-26 11:59:26,0,E1,Temperature,Temperature,Температура,°C,°C,26.5678,1.0000000000,2024-06-26 11:59:26,0,0
1866,Северинівка,48.516638,29.184421,2024-06-26 11:59:26,0,E1,Temperature,Temperature,Температура,°C,°C,25.4567,1.0000000000,2024-06-26 11:59:26,0,0
1866,Северинівка,48.516638,29.184421,2024-06-26 11:59:26,0,E2,Humidity,Humidity,Вологість,%,%,41.5178,1.0000000000,2024-06-26 11:59:26,0,0
1866,Северинівка,48.516638,29.184421,2024-06-26 11:59:26,0,E3,Pressure,Pressure,Атмосферний тиск,Pa,мм.рт.ст.,99728.5794,0.0075006168,2024-06-26 11:59:26,0,0
1918,Вінницька міська рада,49.2322042,28.46848,2024-06-26 11:48:43,0,A2,PM10,PM10,Пил 10 мкм,ug/m3,мкг/м³,2.4000,1.0000000000,2024-06-26 11:48:43,0,0
1918,Вінницька міська рада,49.2322042,28.46848,2024-06-26 11:48:43,0,A3,PM2.5,PM2.5,Пил 2.5 мкм,ug/m3,мкг/м³,2.1000,1.0000000000,2024-06-26 11:48:43,0,0
1918,Вінницька міська рада,49.2322042,28.46848,2024-06-26 11:48:43,0,B1,NO₂,NO₂,Діоксид азоту,ppb,мкг/м³,14.2700,1.9125000000,2024-06-26 11:48:43,0,0
1918,Вінницька міська рада,49.2322042,28.46848,2024-06-26 11:48:43,0,B2,CO,CO,Монооксид вуглецю,ppm,мкг/м³,0.5000,1164.2000000000,2024-06-26 11:48:43,0,0
1918,Вінницька міська рада,49.2322042,28.46848,2024-06-26 11:48:43,0,D1,RAD,RAD,Радіаційний фон,uR/h,мкР/год,15.6400,1.0000000000,2024-06-26 11:48:43,0,0
1918,Вінницька міська рада,49.2322042,28.46848,2024-06-26 11:48:43,0,E1,Temperature,Temperature,Температура,°C,°C,21.9600,1.0000000000,2024-06-26 11:48:43,0,0
1918,Вінницька міська рада,49.2322042,28.46848,2024-06-26 11:48:43,0,E1,Temperature,Temperature,Температура,°C,°C,22.2300,1.0000000000,2024-06-26 11:48:43,0,0
1918,Вінницька міська рада,49.2322042,28.46848,2024-06-26 11:48:43,0,E2,Humidity,Humidity,Вологість,%,%,53.3000,1.0000000000,2024-06-26 11:48:43,0,0
1918,Вінницька міська рада,49.2322042,28.46848,2024-06-26 11:48:43,0,E3,Pressure,Pressure,Атмосферний тиск,Pa,мм.рт.ст.,99037.3800,0.0075006168,2024-06-26 11:48:43,0,0
1919,Поділля-Коріатовичів,49.2195278,28.45438,2024-06-26 11:59:53,0,A2,PM10,PM10,Пил 10 мкм,ug/m3,мкг/м³,5.1850,1.0000000000,2024-06-26 11:59:53,0,0
1919,Поділля-Коріатовичів,49.2195278,28.45438,2024-06-26 11:59:53,0,A3,PM2.5,PM2.5,Пил 2.5 мкм,ug/m3,мкг/м³,2.4400,1.0000000000,2024-06-26 11:59:53,0,0
1919,Поділля-Коріатовичів,49.2195278,28.45438,2024-06-26 11:59:53,0,D1,RAD,RAD,Радіаційний фон,uR/h,мкР/год,14.1140,1.0000000000,2024-06-26 11:59:53,0,0
1919,Поділля-Коріатовичів,49.2195278,28.45438,2024-06-26 11:59:53,0,E1,Temperature,Temperature,Температура,°C,°C,28.6270,1.0000000000,2024-06-26 11:59:53,0,0
1919,Поділля-Коріатовичів,49.2195278,28.45438,2024-06-26 11:59:53,0,E1,Temperature,Temperature,Температура,°C,°C,28.2720,1.0000000000,2024-06-26 11:59:53,0,0
1919,Поділля-Коріатовичів,49.2195278,28.45438,2024-06-26 11:59:53,0,E2,Humidity,Humidity,Вологість,%,%,41.0720,1.0000000000,2024-06-26 11:59:53,0,0
1919,Поділля-Коріатовичів,49.2195278,28.45438,2024-06-26 11:59:53,0,E3,Pressure,Pressure,Атмосферний тиск,Pa,мм.рт.ст.,98945.4820,0.0075006168,2024-06-26 11:59:53,0,0
256,vinnytsia-256,49.208752495399324,28.528553271164593,2024-06-26T08:54:00Z,0,A4,PM1.0,PM1.0,Пил 1.0 мкм,ug/m3,мкг/м³,1.9985,null,2024-06-26T08:54:00Z,0,0
256,vinnytsia-256,49.208752495399324,28.528553271164593,2024-06-26T08:54:00Z,0,A3,PM2.5,PM2.5,Пил 2.5 мкм,ug/m3,мкг/м³,2.6605000000000003,null,2024-06-26T08:54:00Z,0,0
256,vinnytsia-256,49.208752495399324,28.528553271164593,2024-06-26T08:54:00Z,0,A2,PM100,PM100,Пил 10 мкм,ug/m3,мкг/м³,9.09225,null,2024-06-26T08:54:00Z,0,0
256,vinnytsia-256,49.208752495399324,28.528553271164593,2024-06-26T08:54:00Z,0,E1,Temperature,Temperature,Температура,°C,°C,27.830499999999997,null,2024-06-26T08:54:00Z,0,0
256,vinnytsia-256,49.208752495399324,28.528553271164593,2024-06-26T08:54:00Z,0,E2,Humidity,Humidity,Вологість,%,%,39.1235,null,2024-06-26T08:54:00Z,0,0
256,vinnytsia-256,49.208752495399324,28.528553271164593,2024-06-26T08:54:00Z,0,E3,Pressure,Pressure,Атмосферний тиск,Pa,Паскаль,98487.38225,null,2024-06-26T08:54:00Z,0,0
271,vinnytsia-271,49.236887137498584,28.513305486721826,2024-06-26T08:54:00Z,0,A4,PM1.0,PM1.0,Пил 1.0 мкм,ug/m3,мкг/м³,6.48925,null,2024-06-26T08:54:00Z,0,0
271,vinnytsia-271,49.236887137498584,28.513305486721826,2024-06-26T08:54:00Z,0,A3,PM2.5,PM2.5,Пил 2.5 мкм,ug/m3,мкг/м³,7.722250000000001,null,2024-06-26T08:54:00Z,0,0
271,vinnytsia-271,49.236887137498584,28.513305486721826,2024-06-26T08:54:00Z,0,A2,PM100,PM100,Пил 10 мкм,ug/m3,мкг/м³,8.299,null,2024-06-26T08:54:00Z,0,0
271,vinnytsia-271,49.236887137498584,28.513305486721826,2024-06-26T08:54:00Z,0,E1,Temperature,Temperature,Температура,°C,°C,27.085,null,2024-06-26T08:54:00Z,0,0
271,vinnytsia-271,49.236887137498584,28.513305486721826,2024-06-26T08:54:00Z,0,E2,Humidity,Humidity,Вологість,%,%,40.424,null,2024-06-26T08:54:00Z,0,0
271,vinnytsia-271,49.236887137498584,28.513305486721826,2024-06-26T08:54:00Z,0,E3,Pressure,Pressure,Атмосферний тиск,Pa,Паскаль,98946.44675,null,2024-06-26T08:54:00Z,0,0
281,vinnytsia-281,49.24192686787152,28.462020923798242,2024-06-26T08:54:00Z,0,A4,PM1.0,PM1.0,Пил 1.0 мкм,ug/m3,мкг/м³,2.5140000000000002,null,2024-06-26T08:54:00Z,0,0
281,vinnytsia-281,49.24192686787152,28.462020923798242,2024-06-26T08:54:00Z,0,A3,PM2.5,PM2.5,Пил 2.5 мкм,ug/m3,мкг/м³,3.67025,null,2024-06-26T08:54:00Z,0,0
281,vinnytsia-281,49.24192686787152,28.462020923798242,2024-06-26T08:54:00Z,0,A2,PM100,PM100,Пил 10 мкм,ug/m3,мкг/м³,11.228750000000002,null,2024-06-26T08:54:00Z,0,0
281,vinnytsia-281,49.24192686787152,28.462020923798242,2024-06-26T08:54:00Z,0,E1,Temperature,Temperature,Температура,°C,°C,27.024500000000003,null,2024-06-26T08:54:00Z,0,0
281,vinnytsia-281,49.24192686787152,28.462020923798242,2024-06-26T08:54:00Z,0,E2,Humidity,Humidity,Вологість,%,%,41.029,null,2024-06-26T08:54:00Z,0,0
281,vinnytsia-281,49.24192686787152,28.462020923798242,2024-06-26T08:54:00Z,0,E3,Pressure,Pressure,Атмосферний тиск,Pa,Паскаль,98926.574,null,2024-06-26T08:54:00Z,0,0
315,vinnytsia-315,49.2436875857327,28.496432230155264,2024-06-26T08:54:00Z,0,A4,PM1.0,PM1.0,Пил 1.0 мкм,ug/m3,мкг/м³,5.89075,null,2024-06-26T08:54:00Z,0,0
315,vinnytsia-315,49.2436875857327,28.496432230155264,2024-06-26T08:54:00Z,0,A3,PM2.5,PM2.5,Пил 2.5 мкм,ug/m3,мкг/м³,8.59225,null,2024-06-26T08:54:00Z,0,0
315,vinnytsia-315,49.2436875857327,28.496432230155264,2024-06-26T08:54:00Z,0,A2,PM100,PM100,Пил 10 мкм,ug/m3,мкг/м³,18.74325,null,2024-06-26T08:54:00Z,0,0
315,vinnytsia-315,49.2436875857327,28.496432230155264,2024-06-26T08:54:00Z,0,E1,Temperature,Temperature,Температура,°C,°C,27.69775,null,2024-06-26T08:54:00Z,0,0
315,vinnytsia-315,49.2436875857327,28.496432230155264,2024-06-26T08:54:00Z,0,E2,Humidity,Humidity,Вологість,%,%,41.988749999999996,null,2024-06-26T08:54:00Z,0,0
315,vinnytsia-315,49.2436875857327,28.496432230155264,2024-06-26T08:54:00Z,0,E3,Pressure,Pressure,Атмосферний тиск,Pa,Паскаль,null,null,2024-06-26T08:54:00Z,0,0
90,vinnytsia-90,49.21773364876253,28.44979464092501,2024-06-26T08:54:00Z,0,A4,PM1.0,PM1.0,Пил 1.0 мкм,ug/m3,мкг/м³,5.59425,null,2024-06-26T08:54:00Z,0,0
90,vinnytsia-90,49.21773364876253,28.44979464092501,2024-06-26T08:54:00Z,0,A3,PM2.5,PM2.5,Пил 2.5 мкм,ug/m3,мкг/м³,8.94575,null,2024-06-26T08:54:00Z,0,0
90,vinnytsia-90,49.21773364876253,28.44979464092501,2024-06-26T08:54:00Z,0,A2,PM100,PM100,Пил 10 мкм,ug/m3,мкг/м³,22.018,null,2024-06-26T08:54:00Z,0,0
90,vinnytsia-90,49.21773364876253,28.44979464092501,2024-06-26T08:54:00Z,0,E1,Temperature,Temperature,Температура,°C,°C,34.00625,null,2024-06-26T08:54:00Z,0,0
90,vinnytsia-90,49.21773364876253,28.44979464092501,2024-06-26T08:54:00Z,0,E2,Humidity,Humidity,Вологість,%,%,33.5935,null,2024-06-26T08:54:00Z,0,0
90,vinnytsia-90,49.21773364876253,28.44979464092501,2024-06-26T08:54:00Z,0,E3,Pressure,Pressure,Атмосферний тиск,Pa,Паскаль,98730.43925,null,2024-06-26T08:54:00Z,0,0
650,дім,49.343484,28.729830,2024-06-26 12:19:47,0,A2,PM10,PM10,Пил 10 мкм,ug/m3,мкг/м³,1.7280,1.0000000000,2024-06-26 12:19:47,0,0
650,дім,49.343484,28.729830,2024-06-26 12:19:47,0,A3,PM2.5,PM2.5,Пил 2.5 мкм,ug/m3,мкг/м³,1.5105,1.0000000000,2024-06-26 12:19:47,0,0
650,дім,49.343484,28.729830,2024-06-26 12:19:47,0,C1,VOC (H₂CO),VOC (H₂CO),ЛОС (Формальдегід),ppb,мкг/м³,9.0000,1.2450000000,2024-06-26 12:19:47,0,0
650,дім,49.343484,28.729830,2024-06-26 12:19:47,0,E1,Temperature,Temperature,Температура,°C,°C,32.0150,1.0000000000,2024-06-26 12:19:47,0,0
650,дім,49.343484,28.729830,2024-06-26 12:19:47,0,E2,Humidity,Humidity,Вологість,%,%,31.4450,1.0000000000,2024-06-26 12:19:47,0,0
650,дім,49.343484,28.729830,2024-06-26 12:19:47,0,E3,Pressure,Pressure,Атмосферний тиск,Pa,мм.рт.ст.,99058.7455,0.0075006168,2024-06-26 12:19:47,0,0
767,Соборна 36,49.232859,28.470453,2024-06-26 12:19:38,0,A2,PM10,PM10,Пил 10 мкм,ug/m3,мкг/м³,1.7513,1.0000000000,2024-06-26 12:19:38,0,0
767,Соборна 36,49.232859,28.470453,2024-06-26 12:19:38,0,A3,PM2.5,PM2.5,Пил 2.5 мкм,ug/m3,мкг/м³,0.3207,1.0000000000,2024-06-26 12:19:38,0,0
774,Станція замостя,49.245473,28.493727,2024-06-26 12:19:32,0,A2,PM10,PM10,Пил 10 мкм,ug/m3,мкг/м³,4.1179,1.0000000000,2024-06-26 12:19:32,0,0
774,Станція замостя,49.245473,28.493727,2024-06-26 12:19:32,0,A3,PM2.5,PM2.5,Пил 2.5 мкм,ug/m3,мкг/м³,2.5563,1.0000000000,2024-06-26 12:19:32,0,0
774,Станція замостя,49.245473,28.493727,2024-06-26 12:19:32,0,E1,Temperature,Temperature,Температура,°C,°C,26.8058,1.0000000000,2024-06-26 12:19:32,0,0
774,Станція замостя,49.245473,28.493727,2024-06-26 12:19:32,0,E2,Humidity,Humidity,Вологість,%,%,35.8405,1.0000000000,2024-06-26 12:19:32,0,0
774,Станція замостя,49.245473,28.493727,2024-06-26 12:19:32,0,E3,Pressure,Pressure,Атмосферний тиск,Pa,мм.рт.ст.,98851.7553,0.0075006168,2024-06-26 12:19:32,0,0
790,станція Вишенька,49.2270093,28.4189984,2024-06-26 12:19:29,0,A2,PM10,PM10,Пил 10 мкм,ug/m3,мкг/м³,5.7327,1.0000000000,2024-06-26 12:19:29,0,0
790,станція Вишенька,49.2270093,28.4189984,2024-06-26 12:19:29,0,A3,PM2.5,PM2.5,Пил 2.5 мкм,ug/m3,мкг/м³,2.0867,1.0000000000,2024-06-26 12:19:29,0,0
790,станція Вишенька,49.2270093,28.4189984,2024-06-26 12:19:29,0,E1,Temperature,Temperature,Температура,°C,°C,30.7340,1.0000000000,2024-06-26 12:19:29,0,0
790,станція Вишенька,49.2270093,28.4189984,2024-06-26 12:19:29,0,E2,Humidity,Humidity,Вологість,%,%,27.9880,1.0000000000,2024-06-26 12:19:29,0,0
790,станція Вишенька,49.2270093,28.4189984,2024-06-26 12:19:29,0,E3,Pressure,Pressure,Атмосферний тиск,Pa,мм.рт.ст.,98839.1707,0.0075006168,2024-06-26 12:19:29,0,0
1315,Vinnytsia National Technical University,49.23327,28.409161,2024-06-26 12:19:04,0,A2,PM10,PM10,Пил 10 мкм,ug/m3,мкг/м³,21.3405,1.0000000000,2024-06-26 12:19:04,0,0
1315,Vinnytsia National Technical University,49.23327,28.409161,2024-06-26 12:19:04,0,A3,PM2.5,PM2.5,Пил 2.5 мкм,ug/m3,мкг/м³,19.0579,1.0000000000,2024-06-26 12:19:04,0,0
1315,Vinnytsia National Technical University,49.23327,28.409161,2024-06-26 12:19:04,0,A4,PM1.0,PM1.0,Пил 1.0 мкм,ug/m3,мкг/м³,15.8332,1.0000000000,2024-06-26 12:19:04,0,0
1315,Vinnytsia National Technical University,49.23327,28.409161,2024-06-26 12:19:04,0,B2,CO,CO,Монооксид вуглецю,ppm,мкг/м³,0.5000,1164.2000000000,2024-06-26 12:19:04,0,0
1315,Vinnytsia National Technical University,49.23327,28.409161,2024-06-26 12:19:04,0,B3,O₃,O₃,O₃,ppm,мкг/м³,0.0468,1995.7000000000,2024-06-26 12:19:04,0,0
1315,Vinnytsia National Technical University,49.23327,28.409161,2024-06-26 12:19:04,0,C1,VOC (H₂CO),VOC (H₂CO),ЛОС (Формальдегід),mg/m3,мкг/м³,0.0102,1000.0000000000,2024-06-26 12:19:04,0,0
1315,Vinnytsia National Technical University,49.23327,28.409161,2024-06-26 12:19:04,0,E1,Temperature,Temperature,Температура,°C,°C,26.0832,1.0000000000,2024-06-26 12:19:04,0,0
1315,Vinnytsia National Technical University,49.23327,28.409161,2024-06-26 12:19:04,0,E1,Temperature,Temperature,Температура,°C,°C,25.1600,1.0000000000,2024-06-26 12:19:04,0,0
1315,Vinnytsia National Technical University,49.23327,28.409161,2024-06-26 12:19:04,0,E1,Temperature,Temperature,Температура,°C,°C,18.7789,1.0000000000,2024-06-26 12:19:04,0,0
1315,Vinnytsia National Technical University,49.23327,28.409161,2024-06-26 12:19:04,0,E2,Humidity,Humidity,Вологість,%,%,44.8084,1.0000000000,2024-06-26 12:19:04,0,0
1315,Vinnytsia National Technical University,49.23327,28.409161,2024-06-26 12:19:04,0,E2,Humidity,Humidity,Вологість,%,%,55.9284,1.0000000000,2024-06-26 12:19:04,0,0
1315,Vinnytsia National Technical University,49.23327,28.409161,2024-06-26 12:19:04,0,E3,Pressure,Pressure,Атмосферний тиск,Pa,мм.рт.ст.,98848.0947,0.0075006168,2024-06-26 12:19:04,0,0
1811,EcoCity станція моніторингу Хмільник,49.558012,27.956897,2024-06-26 12:19:23,0,A2,PM10,PM10,Пил 10 мкм,ug/m3,мкг/м³,5.3100,1.0000000000,2024-06-26 12:19:23,0,0
1811,EcoCity станція моніторингу Хмільник,49.558012,27.956897,2024-06-26 12:19:23,0,A3,PM2.5,PM2.5,Пил 2.5 мкм,ug/m3,мкг/м³,2.0400,1.0000000000,2024-06-26 12:19:23,0,0
1811,EcoCity станція моніторингу Хмільник,49.558012,27.956897,2024-06-26 12:19:23,0,D1,RAD,RAD,Радіаційний фон,uR/h,мкР/год,14.2320,1.0000000000,2024-06-26 12:19:23,0,0
1811,EcoCity станція моніторингу Хмільник,49.558012,27.956897,2024-06-26 12:19:23,0,E1,Temperature,Temperature,Температура,°C,°C,36.3985,1.0000000000,2024-06-26 12:19:23,0,0
1811,EcoCity станція моніторингу Хмільник,49.558012,27.956897,2024-06-26 12:19:23,0,E1,Temperature,Temperature,Температура,°C,°C,35.9040,1.0000000000,2024-06-26 12:19:23,0,0
1811,EcoCity станція моніторингу Хмільник,49.558012,27.956897,2024-06-26 12:19:23,0,E2,Humidity,Humidity,Вологість,%,%,24.3175,1.0000000000,2024-06-26 12:19:23,0,0
1811,EcoCity станція моніторингу Хмільник,49.558012,27.956897,2024-06-26 12:19:23,0,E3,Pressure,Pressure,Атмосферний тиск,Pa,мм.рт.ст.,99129.0340,0.0075006168,2024-06-26 12:19:23,0,0
1813,Якушинці,49.2571196,28.3671704,2024-06-26 12:01:34,0,A2,PM10,PM10,Пил 10 мкм,ug/m3,мкг/м³,4.5000,1.0000000000,2024-06-26 12:01:34,0,0
1813,Якушинці,49.2571196,28.3671704,2024-06-26 12:01:34,0,A3,PM2.5,PM2.5,Пил 2.5 мкм,ug/m3,мкг/м³,2.2000,1.0000000000,2024-06-26 12:01:34,0,0
1813,Якушинці,49.2571196,28.3671704,2024-06-26 12:01:34,0,D1,RAD,RAD,Радіаційний фон,uR/h,мкР/год,11.9100,1.0000000000,2024-06-26 12:01:34,0,0
1813,Якушинці,49.2571196,28.3671704,2024-06-26 12:01:34,0,E1,Temperature,Temperature,Температура,°C,°C,26.5250,1.0000000000,2024-06-26 12:01:34,0,0
1813,Якушинці,49.2571196,28.3671704,2024-06-26 12:01:34,0,E1,Temperature,Temperature,Температура,°C,°C,25.5350,1.0000000000,2024-06-26 12:01:34,0,0
1813,Якушинці,49.2571196,28.3671704,2024-06-26 12:01:34,0,E2,Humidity,Humidity,Вологість,%,%,41.4200,1.0000000000,2024-06-26 12:01:34,0,0
1813,Якушинці,49.2571196,28.3671704,2024-06-26 12:01:34,0,E3,Pressure,Pressure,Атмосферний тиск,Pa,мм.рт.ст.,98678.9700,0.0075006168,2024-06-26 12:01:34,0,0
1825,Центральна площа,49.105637,29.206617,2024-06-26 12:19:17,0,A2,PM10,PM10,Пил 10 мкм,ug/m3,мкг/м³,5.5850,1.0000000000,2024-06-26 12:19:17,0,0
1825,Центральна площа,49.105637,29.206617,2024-06-26 12:19:17,0,A3,PM2.5,PM2.5,Пил 2.5 мкм,ug/m3,мкг/м³,2.1200,1.0000000000,2024-06-26 12:19:17,0,0
1825,Центральна площа,49.105637,29.206617,2024-06-26 12:19:17,0,D1,RAD,RAD,Радіаційний фон,uR/h,мкР/год,13.6865,1.0000000000,2024-06-26 12:19:17,0,0
1825,Центральна площа,49.105637,29.206617,2024-06-26 12:19:17,0,E1,Temperature,Temperature,Температура,°C,°C,30.8625,1.0000000000,2024-06-26 12:19:17,0,0
1825,Центральна площа,49.105637,29.206617,2024-06-26 12:19:17,0,E1,Temperature,Temperature,Температура,°C,°C,29.9170,1.0000000000,2024-06-26 12:19:17,0,0
1825,Центральна площа,49.105637,29.206617,2024-06-26 12:19:17,0,E2,Humidity,Humidity,Вологість,%,%,35.6575,1.0000000000,2024-06-26 12:19:17,0,0
1825,Центральна площа,49.105637,29.206617,2024-06-26 12:19:17,0,E3,Pressure,Pressure,Атмосферний тиск,Pa,мм.рт.ст.,99491.9225,0.0075006168,2024-06-26 12:19:17,0,0
1830,Центр Безпеки громадян Війтівецької сільської ради,49.6288314,27.89884,2024-06-26 12:02:08,0,A2,PM10,PM10,Пил 10 мкм,ug/m3,мкг/м³,3.2000,1.0000000000,2024-06-26 12:02:08,0,0
1830,Центр Безпеки громадян Війтівецької сільської ради,49.6288314,27.89884,2024-06-26 12:02:08,0,A3,PM2.5,PM2.5,Пил 2.5 мкм,ug/m3,мкг/м³,1.7500,1.0000000000,2024-06-26 12:02:08,0,0
1830,Центр Безпеки громадян Війтівецької сільської ради,49.6288314,27.89884,2024-06-26 12:02:08,0,D1,RAD,RAD,Радіаційний фон,uR/h,мкР/год,7.8150,1.0000000000,2024-06-26 12:02:08,0,0
1830,Центр Безпеки громадян Війтівецької сільської ради,49.6288314,27.89884,2024-06-26 12:02:08,0,E1,Temperature,Temperature,Температура,°C,°C,27.3950,1.0000000000,2024-06-26 12:02:08,0,0
1830,Центр Безпеки громадян Війтівецької сільської ради,49.6288314,27.89884,2024-06-26 12:02:08,0,E1,Temperature,Temperature,Температура,°C,°C,26.8450,1.0000000000,2024-06-26 12:02:08,0,0
1830,Центр Безпеки громадян Війтівецької сільської ради,49.6288314,27.89884,2024-06-26 12:02:08,0,E2,Humidity,Humidity,Вологість,%,%,40.9200,1.0000000000,2024-06-26 12:02:08,0,0
1830,Центр Безпеки громадян Війтівецької сільської ради,49.6288314,27.89884,2024-06-26 12:02:08,0,E3,Pressure,Pressure,Атмосферний тиск,Pa,мм.рт.ст.,98928.5350,0.0075006168,2024-06-26 12:02:08,0,0
1866,Северинівка,48.516638,29.184421,2024-06-26 12:19:35,0,A2,PM10,PM10,Пил 10 мкм,ug/m3,мкг/м³,3.8444,1.0000000000,2024-06-26 12:19:35,0,0
1866,Северинівка,48.516638,29.184421,2024-06-26 12:19:35,0,A3,PM2.5,PM2.5,Пил 2.5 мкм,ug/m3,мкг/м³,1.5167,1.0000000000,2024-06-26 12:19:35,0,0
1866,Северинівка,48.516638,29.184421,2024-06-26 12:19:35,0,D1,RAD,RAD,Радіаційний фон,uR/h,мкР/год,10.7578,1.0000000000,2024-06-26 12:19:35,0,0
1866,Северинівка,48.516638,29.184421,2024-06-26 12:19:35,0,E1,Temperature,Temperature,Температура,°C,°C,27.7989,1.0000000000,2024-06-26 12:19:35,0,0
1866,Северинівка,48.516638,29.184421,2024-06-26 12:19:35,0,E1,Temperature,Temperature,Температура,°C,°C,26.7022,1.0000000000,2024-06-26 12:19:35,0,0
1866,Северинівка,48.516638,29.184421,2024-06-26 12:19:35,0,E2,Humidity,Humidity,Вологість,%,%,40.5000,1.0000000000,2024-06-26 12:19:35,0,0
1866,Северинівка,48.516638,29.184421,2024-06-26 12:19:35,0,E3,Pressure,Pressure,Атмосферний тиск,Pa,мм.рт.ст.,99719.2567,0.0075006168,2024-06-26 12:19:35,0,0
1918,Вінницька міська рада,49.2322042,28.46848,2024-06-26 12:18:16,0,A2,PM10,PM10,Пил 10 мкм,ug/m3,мкг/м³,1.8000,1.0000000000,2024-06-26 12:18:16,0,0
1918,Вінницька міська рада,49.2322042,28.46848,2024-06-26 12:18:16,0,A3,PM2.5,PM2.5,Пил 2.5 мкм,ug/m3,мкг/м³,1.7000,1.0000000000,2024-06-26 12:18:16,0,0
1918,Вінницька міська рада,49.2322042,28.46848,2024-06-26 12:18:16,0,B1,NO₂,NO₂,Діоксид азоту,ppb,мкг/м³,16.8600,1.9125000000,2024-06-26 12:18:16,0,0
1918,Вінницька міська рада,49.2322042,28.46848,2024-06-26 12:18:16,0,B2,CO,CO,Монооксид вуглецю,ppm,мкг/м³,0.5000,1164.2000000000,2024-06-26 12:18:16,0,0
1918,Вінницька міська рада,49.2322042,28.46848,2024-06-26 12:18:16,0,D1,RAD,RAD,Радіаційний фон,uR/h,мкР/год,20.4500,1.0000000000,2024-06-26 12:18:16,0,0
1918,Вінницька міська рада,49.2322042,28.46848,2024-06-26 12:18:16,0,E1,Temperature,Temperature,Температура,°C,°C,22.8800,1.0000000000,2024-06-26 12:18:16,0,0
1918,Вінницька міська рада,49.2322042,28.46848,2024-06-26 12:18:16,0,E1,Temperature,Temperature,Температура,°C,°C,22.5900,1.0000000000,2024-06-26 12:18:16,0,0
1918,Вінницька міська рада,49.2322042,28.46848,2024-06-26 12:18:16,0,E2,Humidity,Humidity,Вологість,%,%,53.6800,1.0000000000,2024-06-26 12:18:16,0,0
1918,Вінницька міська рада,49.2322042,28.46848,2024-06-26 12:18:16,0,E3,Pressure,Pressure,Атмосферний тиск,Pa,мм.рт.ст.,99021.1000,0.0075006168,2024-06-26 12:18:16,0,0
1919,Поділля-Коріатовичів,49.2195278,28.45438,2024-06-26 12:19:34,0,A2,PM10,PM10,Пил 10 мкм,ug/m3,мкг/м³,5.1684,1.0000000000,2024-06-26 12:19:34,0,0
1919,Поділля-Коріатовичів,49.2195278,28.45438,2024-06-26 12:19:34,0,A3,PM2.5,PM2.5,Пил 2.5 мкм,ug/m3,мкг/м³,2.3105,1.0000000000,2024-06-26 12:19:34,0,0
1919,Поділля-Коріатовичів,49.2195278,28.45438,2024-06-26 12:19:34,0,D1,RAD,RAD,Радіаційний фон,uR/h,мкР/год,13.6363,1.0000000000,2024-06-26 12:19:34,0,0
1919,Поділля-Коріатовичів,49.2195278,28.45438,2024-06-26 12:19:34,0,E1,Temperature,Temperature,Температура,°C,°C,27.8521,1.0000000000,2024-06-26 12:19:34,0,0
1919,Поділля-Коріатовичів,49.2195278,28.45438,2024-06-26 12:19:34,0,E1,Temperature,Temperature,Температура,°C,°C,27.4984,1.0000000000,2024-06-26 12:19:34,0,0
1919,Поділля-Коріатовичів,49.2195278,28.45438,2024-06-26 12:19:34,0,E2,Humidity,Humidity,Вологість,%,%,41.7800,1.0000000000,2024-06-26 12:19:34,0,0
1919,Поділля-Коріатовичів,49.2195278,28.45438,2024-06-26 12:19:34,0,E3,Pressure,Pressure,Атмосферний тиск,Pa,мм.рт.ст.,98941.8505,0.0075006168,2024-06-26 12:19:34,0,0
1921,Ладижин,48.6925368,29.2325729,2024-06-26 12:19:48,0,A2,PM10,PM10,Пил 10 мкм,ug/m3,мкг/м³,4.6733,1.0000000000,2024-06-26 12:19:48,0,0
1921,Ладижин,48.6925368,29.2325729,2024-06-26 12:19:48,0,A3,PM2.5,PM2.5,Пил 2.5 мкм,ug/m3,мкг/м³,2.4067,1.0000000000,2024-06-26 12:19:48,0,0
1921,Ладижин,48.6925368,29.2325729,2024-06-26 12:19:48,0,B1,NO₂,NO₂,Діоксид азоту,ppm,мкг/м³,0.0378,1912.5000000000,2024-06-26 12:19:48,0,0
1921,Ладижин,48.6925368,29.2325729,2024-06-26 12:19:48,0,B2,CO,CO,Монооксид вуглецю,ppm,мкг/м³,0.9013,1164.2000000000,2024-06-26 12:19:48,0,0
1921,Ладижин,48.6925368,29.2325729,2024-06-26 12:19:48,0,C2,NH₃,NH₃,Аміак,ppm,мкг/м³,0.0004,696.5200000000,2024-06-26 12:19:48,0,0
1921,Ладижин,48.6925368,29.2325729,2024-06-26 12:19:48,0,D1,RAD,RAD,Радіаційний фон,uR/h,мкР/год,10.4147,1.0000000000,2024-06-26 12:19:48,0,0
1921,Ладижин,48.6925368,29.2325729,2024-06-26 12:19:48,0,E1,Temperature,Temperature,Температура,°C,°C,27.5533,1.0000000000,2024-06-26 12:19:48,0,0
1921,Ладижин,48.6925368,29.2325729,2024-06-26 12:19:48,0,E1,Temperature,Temperature,Температура,°C,°C,27.2833,1.0000000000,2024-06-26 12:19:48,0,0
1921,Ладижин,48.6925368,29.2325729,2024-06-26 12:19:48,0,E2,Humidity,Humidity,Вологість,%,%,50.9060,1.0000000000,2024-06-26 12:19:48,0,0
1921,Ладижин,48.6925368,29.2325729,2024-06-26 12:19:48,0,E3,Pressure,Pressure,Атмосферний тиск,Pa,мм.рт.ст.,99808.0147,0.0075006168,2024-06-26 12:19:48,0,0
256,vinnytsia-256,49.208752495399324,28.528553271164593,2024-06-26T09:14:00Z,0,A4,PM1.0,PM1.0,Пил 1.0 мкм,ug/m3,мкг/м³,1.96125,null,2024-06-26T09:14:00Z,0,0
256,vinnytsia-256,49.208752495399324,28.528553271164593,2024-06-26T09:14:00Z,0,A3,PM2.5,PM2.5,Пил 2.5 мкм,ug/m3,мкг/м³,2.5885,null,2024-06-26T09:14:00Z,0,0
256,vinnytsia-256,49.208752495399324,28.528553271164593,2024-06-26T09:14:00Z,0,A2,PM100,PM100,Пил 10 мкм,ug/m3,мкг/м³,9.003499999999999,null,2024-06-26T09:14:00Z,0,0
256,vinnytsia-256,49.208752495399324,28.528553271164593,2024-06-26T09:14:00Z,0,E1,Temperature,Temperature,Температура,°C,°C,28.240000000000002,null,2024-06-26T09:14:00Z,0,0
256,vinnytsia-256,49.208752495399324,28.528553271164593,2024-06-26T09:14:00Z,0,E2,Humidity,Humidity,Вологість,%,%,38.08475,null,2024-06-26T09:14:00Z,0,0
256,vinnytsia-256,49.208752495399324,28.528553271164593,2024-06-26T09:14:00Z,0,E3,Pressure,Pressure,Атмосферний тиск,Pa,Паскаль,98488.00875000001,null,2024-06-26T09:14:00Z,0,0
271,vinnytsia-271,49.236887137498584,28.513305486721826,2024-06-26T09:14:00Z,0,A4,PM1.0,PM1.0,Пил 1.0 мкм,ug/m3,мкг/м³,3.572,null,2024-06-26T09:14:00Z,0,0
271,vinnytsia-271,49.236887137498584,28.513305486721826,2024-06-26T09:14:00Z,0,A3,PM2.5,PM2.5,Пил 2.5 мкм,ug/m3,мкг/м³,6.2755,null,2024-06-26T09:14:00Z,0,0
271,vinnytsia-271,49.236887137498584,28.513305486721826,2024-06-26T09:14:00Z,0,A2,PM100,PM100,Пил 10 мкм,ug/m3,мкг/м³,16.46225,null,2024-06-26T09:14:00Z,0,0
271,vinnytsia-271,49.236887137498584,28.513305486721826,2024-06-26T09:14:00Z,0,E1,Temperature,Temperature,Температура,°C,°C,26.81025,null,2024-06-26T09:14:00Z,0,0
271,vinnytsia-271,49.236887137498584,28.513305486721826,2024-06-26T09:14:00Z,0,E2,Humidity,Humidity,Вологість,%,%,41.2865,null,2024-06-26T09:14:00Z,0,0
271,vinnytsia-271,49.236887137498584,28.513305486721826,2024-06-26T09:14:00Z,0,E3,Pressure,Pressure,Атмосферний тиск,Pa,Паскаль,98947.61625,null,2024-06-26T09:14:00Z,0,0
281,vinnytsia-281,49.24192686787152,28.462020923798242,2024-06-26T09:14:00Z,0,A4,PM1.0,PM1.0,Пил 1.0 мкм,ug/m3,мкг/м³,2.62025,null,2024-06-26T09:14:00Z,0,0
281,vinnytsia-281,49.24192686787152,28.462020923798242,2024-06-26T09:14:00Z,0,A3,PM2.5,PM2.5,Пил 2.5 мкм,ug/m3,мкг/м³,3.8617500000000002,null,2024-06-26T09:14:00Z,0,0
281,vinnytsia-281,49.24192686787152,28.462020923798242,2024-06-26T09:14:00Z,0,A2,PM100,PM100,Пил 10 мкм,ug/m3,мкг/м³,11.3585,null,2024-06-26T09:14:00Z,0,0
281,vinnytsia-281,49.24192686787152,28.462020923798242,2024-06-26T09:14:00Z,0,E1,Temperature,Temperature,Температура,°C,°C,26.3705,null,2024-06-26T09:14:00Z,0,0
281,vinnytsia-281,49.24192686787152,28.462020923798242,2024-06-26T09:14:00Z,0,E2,Humidity,Humidity,Вологість,%,%,42.80499999999999,null,2024-06-26T09:14:00Z,0,0
281,vinnytsia-281,49.24192686787152,28.462020923798242,2024-06-26T09:14:00Z,0,E3,Pressure,Pressure,Атмосферний тиск,Pa,Паскаль,98927.6195,null,2024-06-26T09:14:00Z,0,0
90,vinnytsia-90,49.21773364876253,28.44979464092501,2024-06-26T09:14:00Z,0,A4,PM1.0,PM1.0,Пил 1.0 мкм,ug/m3,мкг/м³,5.784249999999999,null,2024-06-26T09:14:00Z,0,0
90,vinnytsia-90,49.21773364876253,28.44979464092501,2024-06-26T09:14:00Z,0,A3,PM2.5,PM2.5,Пил 2.5 мкм,ug/m3,мкг/м³,9.523249999999999,null,2024-06-26T09:14:00Z,0,0
90,vinnytsia-90,49.21773364876253,28.44979464092501,2024-06-26T09:14:00Z,0,A2,PM100,PM100,Пил 10 мкм,ug/m3,мкг/м³,24.512,null,2024-06-26T09:14:00Z,0,0
90,vinnytsia-90,49.21773364876253,28.44979464092501,2024-06-26T09:14:00Z,0,E1,Temperature,Temperature,Температура,°C,°C,36.249249999999996,null,2024-06-26T09:14:00Z,0,0
90,vinnytsia-90,49.21773364876253,28.44979464092501,2024-06-26T09:14:00Z,0,E2,Humidity,Humidity,Вологість,%,%,32.41425,null,2024-06-26T09:14:00Z,0,0
90,vinnytsia-90,49.21773364876253,28.44979464092501,2024-06-26T09:14:00Z,0,E3,Pressure,Pressure,Атмосферний тиск,Pa,Паскаль,98738.82574999999,null,2024-06-26T09:14:00Z,0,0
650,дім,49.343484,28.729830,2024-06-26 12:39:30,0,A2,PM10,PM10,Пил 10 мкм,ug/m3,мкг/м³,2.0316,1.0000000000,2024-06-26 12:39:30,0,0
650,дім,49.343484,28.729830,2024-06-26 12:39:30,0,A3,PM2.5,PM2.5,Пил 2.5 мкм,ug/m3,мкг/м³,1.7179,1.0000000000,2024-06-26 12:39:30,0,0
650,дім,49.343484,28.729830,2024-06-26 12:39:30,0,C1,VOC (H₂CO),VOC (H₂CO),ЛОС (Формальдегід),ppb,мкг/м³,9.0000,1.2450000000,2024-06-26 12:39:30,0,0
650,дім,49.343484,28.729830,2024-06-26 12:39:30,0,E1,Temperature,Temperature,Температура,°C,°C,31.5005,1.0000000000,2024-06-26 12:39:30,0,0
650,дім,49.343484,28.729830,2024-06-26 12:39:30,0,E2,Humidity,Humidity,Вологість,%,%,32.8784,1.0000000000,2024-06-26 12:39:30,0,0
650,дім,49.343484,28.729830,2024-06-26 12:39:30,0,E3,Pressure,Pressure,Атмосферний тиск,Pa,мм.рт.ст.,99058.8153,0.0075006168,2024-06-26 12:39:30,0,0
767,Соборна 36,49.232859,28.470453,2024-06-26 12:39:48,0,A2,PM10,PM10,Пил 10 мкм,ug/m3,мкг/м³,1.2086,1.0000000000,2024-06-26 12:39:48,0,0
767,Соборна 36,49.232859,28.470453,2024-06-26 12:39:48,0,A3,PM2.5,PM2.5,Пил 2.5 мкм,ug/m3,мкг/м³,0.2650,1.0000000000,2024-06-26 12:39:48,0,0
774,Станція замостя,49.245473,28.493727,2024-06-26 12:39:05,0,A2,PM10,PM10,Пил 10 мкм,ug/m3,мкг/м³,3.8326,1.0000000000,2024-06-26 12:39:05,0,0
774,Станція замостя,49.245473,28.493727,2024-06-26 12:39:05,0,A3,PM2.5,PM2.5,Пил 2.5 мкм,ug/m3,мкг/м³,2.5379,1.0000000000,2024-06-26 12:39:05,0,0
774,Станція замостя,49.245473,28.493727,2024-06-26 12:39:05,0,E1,Temperature,Temperature,Температура,°C,°C,26.8079,1.0000000000,2024-06-26 12:39:05,0,0
774,Станція замостя,49.245473,28.493727,2024-06-26 12:39:05,0,E2,Humidity,Humidity,Вологість,%,%,35.4753,1.0000000000,2024-06-26 12:39:05,0,0
774,Станція замостя,49.245473,28.493727,2024-06-26 12:39:05,0,E3,Pressure,Pressure,Атмосферний тиск,Pa,мм.рт.ст.,98848.8253,0.0075006168,2024-06-26 12:39:05,0,0
790,станція Вишенька,49.2270093,28.4189984,2024-06-26 12:39:15,0,A2,PM10,PM10,Пил 10 мкм,ug/m3,мкг/м³,5.6247,1.0000000000,2024-06-26 12:39:15,0,0
790,станція Вишенька,49.2270093,28.4189984,2024-06-26 12:39:15,0,A3,PM2.5,PM2.5,Пил 2.5 мкм,ug/m3,мкг/м³,2.1168,1.0000000000,2024-06-26 12:39:15,0,0
790,станція Вишенька,49.2270093,28.4189984,2024-06-26 12:39:15,0,E1,Temperature,Temperature,Температура,°C,°C,30.6247,1.0000000000,2024-06-26 12:39:15,0,0
790,станція Вишенька,49.2270093,28.4189984,2024-06-26 12:39:15,0,E2,Humidity,Humidity,Вологість,%,%,28.8737,1.0000000000,2024-06-26 12:39:15,0,0
790,станція Вишенька,49.2270093,28.4189984,2024-06-26 12:39:15,0,E3,Pressure,Pressure,Атмосферний тиск,Pa,мм.рт.ст.,98837.6842,0.0075006168,2024-06-26 12:39:15,0,0
1315,Vinnytsia National Technical University,49.23327,28.409161,2024-06-26 12:39:21,0,A2,PM10,PM10,Пил 10 мкм,ug/m3,мкг/м³,20.3505,1.0000000000,2024-06-26 12:39:21,0,0
1315,Vinnytsia National Technical University,49.23327,28.409161,2024-06-26 12:39:21,0,A3,PM2.5,PM2.5,Пил 2.5 мкм,ug/m3,мкг/м³,18.3175,1.0000000000,2024-06-26 12:39:21,0,0
1315,Vinnytsia National Technical University,49.23327,28.409161,2024-06-26 12:39:21,0,A4,PM1.0,PM1.0,Пил 1.0 мкм,ug/m3,мкг/м³,15.2670,1.0000000000,2024-06-26 12:39:21,0,0
1315,Vinnytsia National Technical University,49.23327,28.409161,2024-06-26 12:39:21,0,B2,CO,CO,Монооксид вуглецю,ppm,мкг/м³,0.5000,1164.2000000000,2024-06-26 12:39:21,0,0
1315,Vinnytsia National Technical University,49.23327,28.409161,2024-06-26 12:39:21,0,B3,O₃,O₃,O₃,ppm,мкг/м³,0.0435,1995.7000000000,2024-06-26 12:39:21,0,0
1315,Vinnytsia National Technical University,49.23327,28.409161,2024-06-26 12:39:21,0,C1,VOC (H₂CO),VOC (H₂CO),ЛОС (Формальдегід),mg/m3,мкг/м³,0.0104,1000.0000000000,2024-06-26 12:39:21,0,0
1315,Vinnytsia National Technical University,49.23327,28.409161,2024-06-26 12:39:21,0,E1,Temperature,Temperature,Температура,°C,°C,24.7985,1.0000000000,2024-06-26 12:39:21,0,0
1315,Vinnytsia National Technical University,49.23327,28.409161,2024-06-26 12:39:21,0,E1,Temperature,Temperature,Температура,°C,°C,18.3500,1.0000000000,2024-06-26 12:39:21,0,0
1315,Vinnytsia National Technical University,49.23327,28.409161,2024-06-26 12:39:21,0,E1,Temperature,Temperature,Температура,°C,°C,25.7330,1.0000000000,2024-06-26 12:39:21,0,0
1315,Vinnytsia National Technical University,49.23327,28.409161,2024-06-26 12:39:21,0,E2,Humidity,Humidity,Вологість,%,%,57.0905,1.0000000000,2024-06-26 12:39:21,0,0
1315,Vinnytsia National Technical University,49.23327,28.409161,2024-06-26 12:39:21,0,E2,Humidity,Humidity,Вологість,%,%,46.3625,1.0000000000,2024-06-26 12:39:21,0,0
1315,Vinnytsia National Technical University,49.23327,28.409161,2024-06-26 12:39:21,0,E3,Pressure,Pressure,Атмосферний тиск,Pa,мм.рт.ст.,98844.7660,0.0075006168,2024-06-26 12:39:21,0,0
1811,EcoCity станція моніторингу Хмільник,49.558012,27.956897,2024-06-26 12:39:34,0,A2,PM10,PM10,Пил 10 мкм,ug/m3,мкг/м³,5.5850,1.0000000000,2024-06-26 12:39:34,0,0
1811,EcoCity станція моніторингу Хмільник,49.558012,27.956897,2024-06-26 12:39:34,0,A3,PM2.5,PM2.5,Пил 2.5 мкм,ug/m3,мкг/м³,2.1300,1.0000000000,2024-06-26 12:39:34,0,0
1811,EcoCity станція моніторингу Хмільник,49.558012,27.956897,2024-06-26 12:39:34,0,D1,RAD,RAD,Радіаційний фон,uR/h,мкР/год,12.7910,1.0000000000,2024-06-26 12:39:34,0,0
1811,EcoCity станція моніторингу Хмільник,49.558012,27.956897,2024-06-26 12:39:34,0,E1,Temperature,Temperature,Температура,°C,°C,36.3275,1.0000000000,2024-06-26 12:39:34,0,0
1811,EcoCity станція моніторингу Хмільник,49.558012,27.956897,2024-06-26 12:39:34,0,E1,Temperature,Temperature,Температура,°C,°C,36.8365,1.0000000000,2024-06-26 12:39:34,0,0
1811,EcoCity станція моніторингу Хмільник,49.558012,27.956897,2024-06-26 12:39:34,0,E2,Humidity,Humidity,Вологість,%,%,24.0455,1.0000000000,2024-06-26 12:39:34,0,0
1811,EcoCity станція моніторингу Хмільник,49.558012,27.956897,2024-06-26 12:39:34,0,E3,Pressure,Pressure,Атмосферний тиск,Pa,мм.рт.ст.,99119.7365,0.0075006168,2024-06-26 12:39:34,0,0
1825,Центральна площа,49.105637,29.206617,2024-06-26 12:39:30,0,A2,PM10,PM10,Пил 10 мкм,ug/m3,мкг/м³,5.1550,1.0000000000,2024-06-26 12:39:30,0,0
1825,Центральна площа,49.105637,29.206617,2024-06-26 12:39:30,0,A3,PM2.5,PM2.5,Пил 2.5 мкм,ug/m3,мкг/м³,1.9950,1.0000000000,2024-06-26 12:39:30,0,0
1825,Центральна площа,49.105637,29.206617,2024-06-26 12:39:30,0,D1,RAD,RAD,Радіаційний фон,uR/h,мкР/год,14.2955,1.0000000000,2024-06-26 12:39:30,0,0
1825,Центральна площа,49.105637,29.206617,2024-06-26 12:39:30,0,E1,Temperature,Temperature,Температура,°C,°C,29.9335,1.0000000000,2024-06-26 12:39:30,0,0
1825,Центральна площа,49.105637,29.206617,2024-06-26 12:39:30,0,E1,Temperature,Temperature,Температура,°C,°C,30.8715,1.0000000000,2024-06-26 12:39:30,0,0
1825,Центральна площа,49.105637,29.206617,2024-06-26 12:39:30,0,E2,Humidity,Humidity,Вологість,%,%,35.1140,1.0000000000,2024-06-26 12:39:30,0,0
1825,Центральна площа,49.105637,29.206617,2024-06-26 12:39:30,0,E3,Pressure,Pressure,Атмосферний тиск,Pa,мм.рт.ст.,99479.4530,0.0075006168,2024-06-26 12:39:30,0,0
1866,Северинівка,48.516638,29.184421,2024-06-26 12:39:44,0,A2,PM10,PM10,Пил 10 мкм,ug/m3,мкг/м³,3.1444,1.0000000000,2024-06-26 12:39:44,0,0
1866,Северинівка,48.516638,29.184421,2024-06-26 12:39:44,0,A3,PM2.5,PM2.5,Пил 2.5 мкм,ug/m3,мкг/м³,1.3333,1.0000000000,2024-06-26 12:39:44,0,0
1866,Северинівка,48.516638,29.184421,2024-06-26 12:39:44,0,D1,RAD,RAD,Радіаційний фон,uR/h,мкР/год,13.2217,1.0000000000,2024-06-26 12:39:44,0,0
1866,Северинівка,48.516638,29.184421,2024-06-26 12:39:44,0,E1,Temperature,Temperature,Температура,°C,°C,27.1328,1.0000000000,2024-06-26 12:39:44,0,0
1866,Северинівка,48.516638,29.184421,2024-06-26 12:39:44,0,E1,Temperature,Temperature,Температура,°C,°C,28.2378,1.0000000000,2024-06-26 12:39:44,0,0
1866,Северинівка,48.516638,29.184421,2024-06-26 12:39:44,0,E2,Humidity,Humidity,Вологість,%,%,38.2961,1.0000000000,2024-06-26 12:39:44,0,0
1866,Северинівка,48.516638,29.184421,2024-06-26 12:39:44,0,E3,Pressure,Pressure,Атмосферний тиск,Pa,мм.рт.ст.,99714.1544,0.0075006168,2024-06-26 12:39:44,0,0
1918,Вінницька міська рада,49.2322042,28.46848,2024-06-26 12:25:42,0,A2,PM10,PM10,Пил 10 мкм,ug/m3,мкг/м³,2.8500,1.0000000000,2024-06-26 12:25:42,0,0
1918,Вінницька міська рада,49.2322042,28.46848,2024-06-26 12:25:42,0,A3,PM2.5,PM2.5,Пил 2.5 мкм,ug/m3,мкг/м³,1.9500,1.0000000000,2024-06-26 12:25:42,0,0
1918,Вінницька міська рада,49.2322042,28.46848,2024-06-26 12:25:42,0,B1,NO₂,NO₂,Діоксид азоту,ppb,мкг/м³,18.3650,1.9125000000,2024-06-26 12:25:42,0,0
1918,Вінницька міська рада,49.2322042,28.46848,2024-06-26 12:25:42,0,B2,CO,CO,Монооксид вуглецю,ppm,мкг/м³,0.5000,1164.2000000000,2024-06-26 12:25:42,0,0
1918,Вінницька міська рада,49.2322042,28.46848,2024-06-26 12:25:42,0,D1,RAD,RAD,Радіаційний фон,uR/h,мкР/год,13.7700,1.0000000000,2024-06-26 12:25:42,0,0
1918,Вінницька міська рада,49.2322042,28.46848,2024-06-26 12:25:42,0,E1,Temperature,Temperature,Температура,°C,°C,22.6875,1.0000000000,2024-06-26 12:25:42,0,0
1918,Вінницька міська рада,49.2322042,28.46848,2024-06-26 12:25:42,0,E1,Temperature,Temperature,Температура,°C,°C,22.9725,1.0000000000,2024-06-26 12:25:42,0,0
1918,Вінницька міська рада,49.2322042,28.46848,2024-06-26 12:25:42,0,E2,Humidity,Humidity,Вологість,%,%,53.7050,1.0000000000,2024-06-26 12:25:42,0,0
1918,Вінницька міська рада,49.2322042,28.46848,2024-06-26 12:25:42,0,E3,Pressure,Pressure,Атмосферний тиск,Pa,мм.рт.ст.,99015.8850,0.0075006168,2024-06-26 12:25:42,0,0
1919,Поділля-Коріатовичів,49.2195278,28.45438,2024-06-26 12:39:13,0,A2,PM10,PM10,Пил 10 мкм,ug/m3,мкг/м³,4.8053,1.0000000000,2024-06-26 12:39:13,0,0
1919,Поділля-Коріатовичів,49.2195278,28.45438,2024-06-26 12:39:13,0,A3,PM2.5,PM2.5,Пил 2.5 мкм,ug/m3,мкг/м³,2.3842,1.0000000000,2024-06-26 12:39:13,0,0
1919,Поділля-Коріатовичів,49.2195278,28.45438,2024-06-26 12:39:13,0,D1,RAD,RAD,Радіаційний фон,uR/h,мкР/год,14.3258,1.0000000000,2024-06-26 12:39:13,0,0
1919,Поділля-Коріатовичів,49.2195278,28.45438,2024-06-26 12:39:13,0,E1,Temperature,Temperature,Температура,°C,°C,26.8958,1.0000000000,2024-06-26 12:39:13,0,0
1919,Поділля-Коріатовичів,49.2195278,28.45438,2024-06-26 12:39:13,0,E1,Temperature,Temperature,Температура,°C,°C,27.2379,1.0000000000,2024-06-26 12:39:13,0,0
1919,Поділля-Коріатовичів,49.2195278,28.45438,2024-06-26 12:39:13,0,E2,Humidity,Humidity,Вологість,%,%,42.8447,1.0000000000,2024-06-26 12:39:13,0,0
1919,Поділля-Коріатовичів,49.2195278,28.45438,2024-06-26 12:39:13,0,E3,Pressure,Pressure,Атмосферний тиск,Pa,мм.рт.ст.,98937.0800,0.0075006168,2024-06-26 12:39:13,0,0
1921,Ладижин,48.6925368,29.2325729,2024-06-26 12:39:38,0,A2,PM10,PM10,Пил 10 мкм,ug/m3,мкг/м³,4.3474,1.0000000000,2024-06-26 12:39:38,0,0
1921,Ладижин,48.6925368,29.2325729,2024-06-26 12:39:38,0,A3,PM2.5,PM2.5,Пил 2.5 мкм,ug/m3,мкг/м³,2.3105,1.0000000000,2024-06-26 12:39:38,0,0
1921,Ладижин,48.6925368,29.2325729,2024-06-26 12:39:38,0,B1,NO₂,NO₂,Діоксид азоту,ppm,мкг/м³,0.0439,1912.5000000000,2024-06-26 12:39:38,0,0
1921,Ладижин,48.6925368,29.2325729,2024-06-26 12:39:38,0,B2,CO,CO,Монооксид вуглецю,ppm,мкг/м³,0.9532,1164.2000000000,2024-06-26 12:39:38,0,0
1921,Ладижин,48.6925368,29.2325729,2024-06-26 12:39:38,0,C2,NH₃,NH₃,Аміак,ppm,мкг/м³,0.0004,696.5200000000,2024-06-26 12:39:38,0,0
1921,Ладижин,48.6925368,29.2325729,2024-06-26 12:39:38,0,D1,RAD,RAD,Радіаційний фон,uR/h,мкР/год,11.5600,1.0000000000,2024-06-26 12:39:38,0,0
1921,Ладижин,48.6925368,29.2325729,2024-06-26 12:39:38,0,E1,Temperature,Temperature,Температура,°C,°C,30.7547,1.0000000000,2024-06-26 12:39:38,0,0
1921,Ладижин,48.6925368,29.2325729,2024-06-26 12:39:38,0,E1,Temperature,Temperature,Температура,°C,°C,30.5347,1.0000000000,2024-06-26 12:39:38,0,0
1921,Ладижин,48.6925368,29.2325729,2024-06-26 12:39:38,0,E2,Humidity,Humidity,Вологість,%,%,45.9553,1.0000000000,2024-06-26 12:39:38,0,0
1921,Ладижин,48.6925368,29.2325729,2024-06-26 12:39:38,0,E3,Pressure,Pressure,Атмосферний тиск,Pa,мм.рт.ст.,99801.3021,0.0075006168,2024-06-26 12:39:38,0,0
256,vinnytsia-256,49.208752495399324,28.528553271164593,2024-06-26T09:34:00Z,0,A4,PM1.0,PM1.0,Пил 1.0 мкм,ug/m3,мкг/м³,1.948,null,2024-06-26T09:34:00Z,0,0
256,vinnytsia-256,49.208752495399324,28.528553271164593,2024-06-26T09:34:00Z,0,A3,PM2.5,PM2.5,Пил 2.5 мкм,ug/m3,мкг/м³,2.4795,null,2024-06-26T09:34:00Z,0,0
256,vinnytsia-256,49.208752495399324,28.528553271164593,2024-06-26T09:34:00Z,0,A2,PM100,PM100,Пил 10 мкм,ug/m3,мкг/м³,8.918,null,2024-06-26T09:34:00Z,0,0
256,vinnytsia-256,49.208752495399324,28.528553271164593,2024-06-26T09:34:00Z,0,E1,Temperature,Temperature,Температура,°C,°C,28.664,null,2024-06-26T09:34:00Z,0,0
256,vinnytsia-256,49.208752495399324,28.528553271164593,2024-06-26T09:34:00Z,0,E2,Humidity,Humidity,Вологість,%,%,37.981750000000005,null,2024-06-26T09:34:00Z,0,0
256,vinnytsia-256,49.208752495399324,28.528553271164593,2024-06-26T09:34:00Z,0,E3,Pressure,Pressure,Атмосферний тиск,Pa,Паскаль,98482.08125,null,2024-06-26T09:34:00Z,0,0
271,vinnytsia-271,49.236887137498584,28.513305486721826,2024-06-26T09:34:00Z,0,A4,PM1.0,PM1.0,Пил 1.0 мкм,ug/m3,мкг/м³,3.074,null,2024-06-26T09:34:00Z,0,0
271,vinnytsia-271,49.236887137498584,28.513305486721826,2024-06-26T09:34:00Z,0,A3,PM2.5,PM2.5,Пил 2.5 мкм,ug/m3,мкг/м³,5.34375,null,2024-06-26T09:34:00Z,0,0
271,vinnytsia-271,49.236887137498584,28.513305486721826,2024-06-26T09:34:00Z,0,A2,PM100,PM100,Пил 10 мкм,ug/m3,мкг/м³,14.70475,null,2024-06-26T09:34:00Z,0,0
271,vinnytsia-271,49.236887137498584,28.513305486721826,2024-06-26T09:34:00Z,0,E1,Temperature,Temperature,Температура,°C,°C,26.7785,null,2024-06-26T09:34:00Z,0,0
271,vinnytsia-271,49.236887137498584,28.513305486721826,2024-06-26T09:34:00Z,0,E2,Humidity,Humidity,Вологість,%,%,39.21525,null,2024-06-26T09:34:00Z,0,0
271,vinnytsia-271,49.236887137498584,28.513305486721826,2024-06-26T09:34:00Z,0,E3,Pressure,Pressure,Атмосферний тиск,Pa,Паскаль,98937.12574999999,null,2024-06-26T09:34:00Z,0,0
281,vinnytsia-281,49.24192686787152,28.462020923798242,2024-06-26T09:34:00Z,0,A4,PM1.0,PM1.0,Пил 1.0 мкм,ug/m3,мкг/м³,2.6567499999999997,null,2024-06-26T09:34:00Z,0,0
281,vinnytsia-281,49.24192686787152,28.462020923798242,2024-06-26T09:34:00Z,0,A3,PM2.5,PM2.5,Пил 2.5 мкм,ug/m3,мкг/м³,3.92575,null,2024-06-26T09:34:00Z,0,0
281,vinnytsia-281,49.24192686787152,28.462020923798242,2024-06-26T09:34:00Z,0,A2,PM100,PM100,Пил 10 мкм,ug/m3,мкг/м³,12.1025,null,2024-06-26T09:34:00Z,0,0
281,vinnytsia-281,49.24192686787152,28.462020923798242,2024-06-26T09:34:00Z,0,E1,Temperature,Temperature,Температура,°C,°C,28.44875,null,2024-06-26T09:34:00Z,0,0
281,vinnytsia-281,49.24192686787152,28.462020923798242,2024-06-26T09:34:00Z,0,E2,Humidity,Humidity,Вологість,%,%,39.269,null,2024-06-26T09:34:00Z,0,0
281,vinnytsia-281,49.24192686787152,28.462020923798242,2024-06-26T09:34:00Z,0,E3,Pressure,Pressure,Атмосферний тиск,Pa,Паскаль,98919.37849999999,null,2024-06-26T09:34:00Z,0,0
90,vinnytsia-90,49.21773364876253,28.44979464092501,2024-06-26T09:34:00Z,0,A4,PM1.0,PM1.0,Пил 1.0 мкм,ug/m3,мкг/м³,5.51175,null,2024-06-26T09:34:00Z,0,0
90,vinnytsia-90,49.21773364876253,28.44979464092501,2024-06-26T09:34:00Z,0,A3,PM2.5,PM2.5,Пил 2.5 мкм,ug/m3,мкг/м³,9.06575,null,2024-06-26T09:34:00Z,0,0
90,vinnytsia-90,49.21773364876253,28.44979464092501,2024-06-26T09:34:00Z,0,A2,PM100,PM100,Пил 10 мкм,ug/m3,мкг/м³,23.643750000000004,null,2024-06-26T09:34:00Z,0,0
90,vinnytsia-90,49.21773364876253,28.44979464092501,2024-06-26T09:34:00Z,0,E1,Temperature,Temperature,Температура,°C,°C,35.8505,null,2024-06-26T09:34:00Z,0,0
90,vinnytsia-90,49.21773364876253,28.44979464092501,2024-06-26T09:34:00Z,0,E2,Humidity,Humidity,Вологість,%,%,32.646,null,2024-06-26T09:34:00Z,0,0
90,vinnytsia-90,49.21773364876253,28.44979464092501,2024-06-26T09:34:00Z,0,E3,Pressure,Pressure,Атмосферний тиск,Pa,Паскаль,98733.98225,null,2024-06-26T09:34:00Z,0,0
650,дім,49.343484,28.729830,2024-06-26 12:59:12,0,A2,PM10,PM10,Пил 10 мкм,ug/m3,мкг/м³,2.1037,1.0000000000,2024-06-26 12:59:12,0,0
650,дім,49.343484,28.729830,2024-06-26 12:59:12,0,A3,PM2.5,PM2.5,Пил 2.5 мкм,ug/m3,мкг/м³,1.6842,1.0000000000,2024-06-26 12:59:12,0,0
650,дім,49.343484,28.729830,2024-06-26 12:59:12,0,C1,VOC (H₂CO),VOC (H₂CO),ЛОС (Формальдегід),ppb,мкг/м³,9.0000,1.2450000000,2024-06-26 12:59:12,0,0
650,дім,49.343484,28.729830,2024-06-26 12:59:12,0,E1,Temperature,Temperature,Температура,°C,°C,30.9047,1.0000000000,2024-06-26 12:59:12,0,0
650,дім,49.343484,28.729830,2024-06-26 12:59:12,0,E2,Humidity,Humidity,Вологість,%,%,33.4379,1.0000000000,2024-06-26 12:59:12,0,0
650,дім,49.343484,28.729830,2024-06-26 12:59:12,0,E3,Pressure,Pressure,Атмосферний тиск,Pa,мм.рт.ст.,99057.0779,0.0075006168,2024-06-26 12:59:12,0,0
767,Соборна 36,49.232859,28.470453,2024-06-26 12:59:19,0,A2,PM10,PM10,Пил 10 мкм,ug/m3,мкг/м³,1.3458,1.0000000000,2024-06-26 12:59:19,0,0
767,Соборна 36,49.232859,28.470453,2024-06-26 12:59:19,0,A3,PM2.5,PM2.5,Пил 2.5 мкм,ug/m3,мкг/м³,0.2717,1.0000000000,2024-06-26 12:59:19,0,0
774,Станція замостя,49.245473,28.493727,2024-06-26 12:59:45,0,A2,PM10,PM10,Пил 10 мкм,ug/m3,мкг/м³,3.8110,1.0000000000,2024-06-26 12:59:45,0,0
774,Станція замостя,49.245473,28.493727,2024-06-26 12:59:45,0,A3,PM2.5,PM2.5,Пил 2.5 мкм,ug/m3,мкг/м³,2.5165,1.0000000000,2024-06-26 12:59:45,0,0
774,Станція замостя,49.245473,28.493727,2024-06-26 12:59:45,0,E1,Temperature,Temperature,Температура,°C,°C,27.1740,1.0000000000,2024-06-26 12:59:45,0,0
774,Станція замостя,49.245473,28.493727,2024-06-26 12:59:45,0,E2,Humidity,Humidity,Вологість,%,%,34.8185,1.0000000000,2024-06-26 12:59:45,0,0
774,Станція замостя,49.245473,28.493727,2024-06-26 12:59:45,0,E3,Pressure,Pressure,Атмосферний тиск,Pa,мм.рт.ст.,98833.6630,0.0075006168,2024-06-26 12:59:45,0,0
790,станція Вишенька,49.2270093,28.4189984,2024-06-26 12:59:48,0,A2,PM10,PM10,Пил 10 мкм,ug/m3,мкг/м³,5.4320,1.0000000000,2024-06-26 12:59:48,0,0
790,станція Вишенька,49.2270093,28.4189984,2024-06-26 12:59:48,0,A3,PM2.5,PM2.5,Пил 2.5 мкм,ug/m3,мкг/м³,1.9710,1.0000000000,2024-06-26 12:59:48,0,0
790,станція Вишенька,49.2270093,28.4189984,2024-06-26 12:59:48,0,E1,Temperature,Temperature,Температура,°C,°C,30.0345,1.0000000000,2024-06-26 12:59:48,0,0
790,станція Вишенька,49.2270093,28.4189984,2024-06-26 12:59:48,0,E2,Humidity,Humidity,Вологість,%,%,29.7835,1.0000000000,2024-06-26 12:59:48,0,0
790,станція Вишенька,49.2270093,28.4189984,2024-06-26 12:59:48,0,E3,Pressure,Pressure,Атмосферний тиск,Pa,мм.рт.ст.,98831.0555,0.0075006168,2024-06-26 12:59:48,0,0
1315,Vinnytsia National Technical University,49.23327,28.409161,2024-06-26 12:59:37,0,A2,PM10,PM10,Пил 10 мкм,ug/m3,мкг/м³,22.0315,1.0000000000,2024-06-26 12:59:37,0,0
1315,Vinnytsia National Technical University,49.23327,28.409161,2024-06-26 12:59:37,0,A3,PM2.5,PM2.5,Пил 2.5 мкм,ug/m3,мкг/м³,19.2510,1.0000000000,2024-06-26 12:59:37,0,0
1315,Vinnytsia National Technical University,49.23327,28.409161,2024-06-26 12:59:37,0,A4,PM1.0,PM1.0,Пил 1.0 мкм,ug/m3,мкг/м³,16.2010,1.0000000000,2024-06-26 12:59:37,0,0
1315,Vinnytsia National Technical University,49.23327,28.409161,2024-06-26 12:59:37,0,B2,CO,CO,Монооксид вуглецю,ppm,мкг/м³,0.5000,1164.2000000000,2024-06-26 12:59:37,0,0
1315,Vinnytsia National Technical University,49.23327,28.409161,2024-06-26 12:59:37,0,B3,O₃,O₃,O₃,ppm,мкг/м³,0.0345,1995.7000000000,2024-06-26 12:59:37,0,0
1315,Vinnytsia National Technical University,49.23327,28.409161,2024-06-26 12:59:37,0,C1,VOC (H₂CO),VOC (H₂CO),ЛОС (Формальдегід),mg/m3,мкг/м³,0.0114,1000.0000000000,2024-06-26 12:59:37,0,0
1315,Vinnytsia National Technical University,49.23327,28.409161,2024-06-26 12:59:37,0,E1,Temperature,Temperature,Температура,°C,°C,25.4140,1.0000000000,2024-06-26 12:59:37,0,0
1315,Vinnytsia National Technical University,49.23327,28.409161,2024-06-26 12:59:37,0,E1,Temperature,Temperature,Температура,°C,°C,18.8050,1.0000000000,2024-06-26 12:59:37,0,0
1315,Vinnytsia National Technical University,49.23327,28.409161,2024-06-26 12:59:37,0,E1,Temperature,Temperature,Температура,°C,°C,26.3335,1.0000000000,2024-06-26 12:59:37,0,0
1315,Vinnytsia National Technical University,49.23327,28.409161,2024-06-26 12:59:37,0,E2,Humidity,Humidity,Вологість,%,%,44.1275,1.0000000000,2024-06-26 12:59:37,0,0
1315,Vinnytsia National Technical University,49.23327,28.409161,2024-06-26 12:59:37,0,E2,Humidity,Humidity,Вологість,%,%,56.0275,1.0000000000,2024-06-26 12:59:37,0,0
1315,Vinnytsia National Technical University,49.23327,28.409161,2024-06-26 12:59:37,0,E3,Pressure,Pressure,Атмосферний тиск,Pa,мм.рт.ст.,98833.5575,0.0075006168,2024-06-26 12:59:37,0,0
1811,EcoCity станція моніторингу Хмільник,49.558012,27.956897,2024-06-26 12:59:47,0,A2,PM10,PM10,Пил 10 мкм,ug/m3,мкг/м³,5.5650,1.0000000000,2024-06-26 12:59:47,0,0
1811,EcoCity станція моніторингу Хмільник,49.558012,27.956897,2024-06-26 12:59:47,0,A3,PM2.5,PM2.5,Пил 2.5 мкм,ug/m3,мкг/м³,2.1100,1.0000000000,2024-06-26 12:59:47,0,0
1811,EcoCity станція моніторингу Хмільник,49.558012,27.956897,2024-06-26 12:59:47,0,D1,RAD,RAD,Радіаційний фон,uR/h,мкР/год,13.0780,1.0000000000,2024-06-26 12:59:47,0,0
1811,EcoCity станція моніторингу Хмільник,49.558012,27.956897,2024-06-26 12:59:47,0,E1,Temperature,Temperature,Температура,°C,°C,36.3810,1.0000000000,2024-06-26 12:59:47,0,0
1811,EcoCity станція моніторингу Хмільник,49.558012,27.956897,2024-06-26 12:59:47,0,E1,Temperature,Temperature,Температура,°C,°C,35.8530,1.0000000000,2024-06-26 12:59:47,0,0
1811,EcoCity станція моніторингу Хмільник,49.558012,27.956897,2024-06-26 12:59:47,0,E2,Humidity,Humidity,Вологість,%,%,24.3505,1.0000000000,2024-06-26 12:59:47,0,0
1811,EcoCity станція моніторингу Хмільник,49.558012,27.956897,2024-06-26 12:59:47,0,E3,Pressure,Pressure,Атмосферний тиск,Pa,мм.рт.ст.,99116.9040,0.0075006168,2024-06-26 12:59:47,0,0
1825,Центральна площа,49.105637,29.206617,2024-06-26 12:59:41,0,A2,PM10,PM10,Пил 10 мкм,ug/m3,мкг/м³,5.6050,1.0000000000,2024-06-26 12:59:41,0,0
1825,Центральна площа,49.105637,29.206617,2024-06-26 12:59:41,0,A3,PM2.5,PM2.5,Пил 2.5 мкм,ug/m3,мкг/м³,2.1450,1.0000000000,2024-06-26 12:59:41,0,0
1825,Центральна площа,49.105637,29.206617,2024-06-26 12:59:41,0,D1,RAD,RAD,Радіаційний фон,uR/h,мкР/год,13.4730,1.0000000000,2024-06-26 12:59:41,0,0
1825,Центральна площа,49.105637,29.206617,2024-06-26 12:59:41,0,E1,Temperature,Temperature,Температура,°C,°C,29.4185,1.0000000000,2024-06-26 12:59:41,0,0
1825,Центральна площа,49.105637,29.206617,2024-06-26 12:59:41,0,E1,Temperature,Temperature,Температура,°C,°C,28.4740,1.0000000000,2024-06-26 12:59:41,0,0
1825,Центральна площа,49.105637,29.206617,2024-06-26 12:59:41,0,E2,Humidity,Humidity,Вологість,%,%,37.1780,1.0000000000,2024-06-26 12:59:41,0,0
1825,Центральна площа,49.105637,29.206617,2024-06-26 12:59:41,0,E3,Pressure,Pressure,Атмосферний тиск,Pa,мм.рт.ст.,99480.9875,0.0075006168,2024-06-26 12:59:41,0,0
1866,Северинівка,48.516638,29.184421,2024-06-26 12:59:55,0,A2,PM10,PM10,Пил 10 мкм,ug/m3,мкг/м³,3.3368,1.0000000000,2024-06-26 12:59:55,0,0
1866,Северинівка,48.516638,29.184421,2024-06-26 12:59:55,0,A3,PM2.5,PM2.5,Пил 2.5 мкм,ug/m3,мкг/м³,1.3947,1.0000000000,2024-06-26 12:59:55,0,0
1866,Северинівка,48.516638,29.184421,2024-06-26 12:59:55,0,D1,RAD,RAD,Радіаційний фон,uR/h,мкР/год,11.6174,1.0000000000,2024-06-26 12:59:55,0,0
1866,Северинівка,48.516638,29.184421,2024-06-26 12:59:55,0,E1,Temperature,Temperature,Температура,°C,°C,28.4632,1.0000000000,2024-06-26 12:59:55,0,0
1866,Северинівка,48.516638,29.184421,2024-06-26 12:59:55,0,E1,Temperature,Temperature,Температура,°C,°C,27.3626,1.0000000000,2024-06-26 12:59:55,0,0
1866,Северинівка,48.516638,29.184421,2024-06-26 12:59:55,0,E2,Humidity,Humidity,Вологість,%,%,37.5600,1.0000000000,2024-06-26 12:59:55,0,0
1866,Северинівка,48.516638,29.184421,2024-06-26 12:59:55,0,E3,Pressure,Pressure,Атмосферний тиск,Pa,мм.рт.ст.,99707.9758,0.0075006168,2024-06-26 12:59:55,0,0
1919,Поділля-Коріатовичів,49.2195278,28.45438,2024-06-26 12:58:59,0,A2,PM10,PM10,Пил 10 мкм,ug/m3,мкг/м³,3.9684,1.0000000000,2024-06-26 12:58:59,0,0
1919,Поділля-Коріатовичів,49.2195278,28.45438,2024-06-26 12:58:59,0,A3,PM2.5,PM2.5,Пил 2.5 мкм,ug/m3,мкг/м³,2.2158,1.0000000000,2024-06-26 12:58:59,0,0
1919,Поділля-Коріатовичів,49.2195278,28.45438,2024-06-26 12:58:59,0,D1,RAD,RAD,Радіаційний фон,uR/h,мкР/год,14.0868,1.0000000000,2024-06-26 12:58:59,0,0
1919,Поділля-Коріатовичів,49.2195278,28.45438,2024-06-26 12:58:59,0,E1,Temperature,Temperature,Температура,°C,°C,26.0668,1.0000000000,2024-06-26 12:58:59,0,0
1919,Поділля-Коріатовичів,49.2195278,28.45438,2024-06-26 12:58:59,0,E1,Temperature,Temperature,Температура,°C,°C,25.7332,1.0000000000,2024-06-26 12:58:59,0,0
1919,Поділля-Коріатовичів,49.2195278,28.45438,2024-06-26 12:58:59,0,E2,Humidity,Humidity,Вологість,%,%,44.1563,1.0000000000,2024-06-26 12:58:59,0,0
1919,Поділля-Коріатовичів,49.2195278,28.45438,2024-06-26 12:58:59,0,E3,Pressure,Pressure,Атмосферний тиск,Pa,мм.рт.ст.,98928.1026,0.0075006168,2024-06-26 12:58:59,0,0
1921,Ладижин,48.6925368,29.2325729,2024-06-26 12:59:38,0,A2,PM10,PM10,Пил 10 мкм,ug/m3,мкг/м³,4.1579,1.0000000000,2024-06-26 12:59:38,0,0
1921,Ладижин,48.6925368,29.2325729,2024-06-26 12:59:38,0,A3,PM2.5,PM2.5,Пил 2.5 мкм,ug/m3,мкг/м³,2.1947,1.0000000000,2024-06-26 12:59:38,0,0
1921,Ладижин,48.6925368,29.2325729,2024-06-26 12:59:38,0,B1,NO₂,NO₂,Діоксид азоту,ppm,мкг/м³,0.0451,1912.5000000000,2024-06-26 12:59:38,0,0
1921,Ладижин,48.6925368,29.2325729,2024-06-26 12:59:38,0,B2,CO,CO,Монооксид вуглецю,ppm,мкг/м³,1.0208,1164.2000000000,2024-06-26 12:59:38,0,0
1921,Ладижин,48.6925368,29.2325729,2024-06-26 12:59:38,0,C2,NH₃,NH₃,Аміак,ppm,мкг/м³,0.0004,696.5200000000,2024-06-26 12:59:38,0,0
1921,Ладижин,48.6925368,29.2325729,2024-06-26 12:59:38,0,D1,RAD,RAD,Радіаційний фон,uR/h,мкР/год,10.6274,1.0000000000,2024-06-26 12:59:38,0,0
1921,Ладижин,48.6925368,29.2325729,2024-06-26 12:59:38,0,E1,Temperature,Temperature,Температура,°C,°C,32.3074,1.0000000000,2024-06-26 12:59:38,0,0
1921,Ладижин,48.6925368,29.2325729,2024-06-26 12:59:38,0,E1,Temperature,Temperature,Температура,°C,°C,32.1147,1.0000000000,2024-06-26 12:59:38,0,0
1921,Ладижин,48.6925368,29.2325729,2024-06-26 12:59:38,0,E2,Humidity,Humidity,Вологість,%,%,44.6053,1.0000000000,2024-06-26 12:59:38,0,0
1921,Ладижин,48.6925368,29.2325729,2024-06-26 12:59:38,0,E3,Pressure,Pressure,Атмосферний тиск,Pa,мм.рт.ст.,99793.9337,0.0075006168,2024-06-26 12:59:38,0,0
256,vinnytsia-256,49.208752495399324,28.528553271164593,2024-06-26T09:54:00Z,0,A4,PM1.0,PM1.0,Пил 1.0 мкм,ug/m3,мкг/м³,1.919,null,2024-06-26T09:54:00Z,0,0
256,vinnytsia-256,49.208752495399324,28.528553271164593,2024-06-26T09:54:00Z,0,A3,PM2.5,PM2.5,Пил 2.5 мкм,ug/m3,мкг/м³,2.4762500000000003,null,2024-06-26T09:54:00Z,0,0
256,vinnytsia-256,49.208752495399324,28.528553271164593,2024-06-26T09:54:00Z,0,A2,PM100,PM100,Пил 10 мкм,ug/m3,мкг/м³,8.79575,null,2024-06-26T09:54:00Z,0,0
256,vinnytsia-256,49.208752495399324,28.528553271164593,2024-06-26T09:54:00Z,0,E1,Temperature,Temperature,Температура,°C,°C,28.82975,null,2024-06-26T09:54:00Z,0,0
256,vinnytsia-256,49.208752495399324,28.528553271164593,2024-06-26T09:54:00Z,0,E2,Humidity,Humidity,Вологість,%,%,38.174,null,2024-06-26T09:54:00Z,0,0
256,vinnytsia-256,49.208752495399324,28.528553271164593,2024-06-26T09:54:00Z,0,E3,Pressure,Pressure,Атмосферний тиск,Pa,Паскаль,98471.074,null,2024-06-26T09:54:00Z,0,0
271,vinnytsia-271,49.236887137498584,28.513305486721826,2024-06-26T09:54:00Z,0,A4,PM1.0,PM1.0,Пил 1.0 мкм,ug/m3,мкг/м³,3.4850000000000003,null,2024-06-26T09:54:00Z,0,0
271,vinnytsia-271,49.236887137498584,28.513305486721826,2024-06-26T09:54:00Z,0,A3,PM2.5,PM2.5,Пил 2.5 мкм,ug/m3,мкг/м³,6.1152500000000005,null,2024-06-26T09:54:00Z,0,0
271,vinnytsia-271,49.236887137498584,28.513305486721826,2024-06-26T09:54:00Z,0,A2,PM100,PM100,Пил 10 мкм,ug/m3,мкг/м³,16.222499999999997,null,2024-06-26T09:54:00Z,0,0
271,vinnytsia-271,49.236887137498584,28.513305486721826,2024-06-26T09:54:00Z,0,E1,Temperature,Temperature,Температура,°C,°C,26.830000000000002,null,2024-06-26T09:54:00Z,0,0
271,vinnytsia-271,49.236887137498584,28.513305486721826,2024-06-26T09:54:00Z,0,E2,Humidity,Humidity,Вологість,%,%,40.346999999999994,null,2024-06-26T09:54:00Z,0,0
271,vinnytsia-271,49.236887137498584,28.513305486721826,2024-06-26T09:54:00Z,0,E3,Pressure,Pressure,Атмосферний тиск,Pa,Паскаль,98928.42425000001,null,2024-06-26T09:54:00Z,0,0
281,vinnytsia-281,49.24192686787152,28.462020923798242,2024-06-26T09:54:00Z,0,A4,PM1.0,PM1.0,Пил 1.0 мкм,ug/m3,мкг/м³,2.54725,null,2024-06-26T09:54:00Z,0,0
281,vinnytsia-281,49.24192686787152,28.462020923798242,2024-06-26T09:54:00Z,0,A3,PM2.5,PM2.5,Пил 2.5 мкм,ug/m3,мкг/м³,3.82275,null,2024-06-26T09:54:00Z,0,0
281,vinnytsia-281,49.24192686787152,28.462020923798242,2024-06-26T09:54:00Z,0,A2,PM100,PM100,Пил 10 мкм,ug/m3,мкг/м³,11.877,null,2024-06-26T09:54:00Z,0,0
281,vinnytsia-281,49.24192686787152,28.462020923798242,2024-06-26T09:54:00Z,0,E1,Temperature,Temperature,Температура,°C,°C,28.047,null,2024-06-26T09:54:00Z,0,0
281,vinnytsia-281,49.24192686787152,28.462020923798242,2024-06-26T09:54:00Z,0,E2,Humidity,Humidity,Вологість,%,%,38.03025,null,2024-06-26T09:54:00Z,0,0
281,vinnytsia-281,49.24192686787152,28.462020923798242,2024-06-26T09:54:00Z,0,E3,Pressure,Pressure,Атмосферний тиск,Pa,Паскаль,98897.78774999999,null,2024-06-26T09:54:00Z,0,0
90,vinnytsia-90,49.21773364876253,28.44979464092501,2024-06-26T09:54:00Z,0,A4,PM1.0,PM1.0,Пил 1.0 мкм,ug/m3,мкг/м³,5.218249999999999,null,2024-06-26T09:54:00Z,0,0
90,vinnytsia-90,49.21773364876253,28.44979464092501,2024-06-26T09:54:00Z,0,A3,PM2.5,PM2.5,Пил 2.5 мкм,ug/m3,мкг/м³,8.475000000000001,null,2024-06-26T09:54:00Z,0,0
90,vinnytsia-90,49.21773364876253,28.44979464092501,2024-06-26T09:54:00Z,0,A2,PM100,PM100,Пил 10 мкм,ug/m3,мкг/м³,22.69975,null,2024-06-26T09:54:00Z,0,0
90,vinnytsia-90,49.21773364876253,28.44979464092501,2024-06-26T09:54:00Z,0,E1,Temperature,Temperature,Температура,°C,°C,36.466499999999996,null,2024-06-26T09:54:00Z,0,0
90,vinnytsia-90,49.21773364876253,28.44979464092501,2024-06-26T09:54:00Z,0,E2,Humidity,Humidity,Вологість,%,%,31.18175,null,2024-06-26T09:54:00Z,0,0
90,vinnytsia-90,49.21773364876253,28.44979464092501,2024-06-26T09:54:00Z,0,E3,Pressure,Pressure,Атмосферний тиск,Pa,Паскаль,98732.36149999998,null,2024-06-26T09:54:00Z,0,0
650,дім,49.343484,28.729830,2024-06-26 13:19:57,0,A2,PM10,PM10,Пил 10 мкм,ug/m3,мкг/м³,1.7710,1.0000000000,2024-06-26 13:19:57,0,0
650,дім,49.343484,28.729830,2024-06-26 13:19:57,0,A3,PM2.5,PM2.5,Пил 2.5 мкм,ug/m3,мкг/м³,1.5655,1.0000000000,2024-06-26 13:19:57,0,0
650,дім,49.343484,28.729830,2024-06-26 13:19:57,0,C1,VOC (H₂CO),VOC (H₂CO),ЛОС (Формальдегід),ppb,мкг/м³,9.0000,1.2450000000,2024-06-26 13:19:57,0,0
650,дім,49.343484,28.729830,2024-06-26 13:19:57,0,E1,Temperature,Temperature,Температура,°C,°C,30.4570,1.0000000000,2024-06-26 13:19:57,0,0
650,дім,49.343484,28.729830,2024-06-26 13:19:57,0,E2,Humidity,Humidity,Вологість,%,%,34.4180,1.0000000000,2024-06-26 13:19:57,0,0
650,дім,49.343484,28.729830,2024-06-26 13:19:57,0,E3,Pressure,Pressure,Атмосферний тиск,Pa,мм.рт.ст.,99044.9720,0.0075006168,2024-06-26 13:19:57,0,0
767,Соборна 36,49.232859,28.470453,2024-06-26 13:19:00,0,A2,PM10,PM10,Пил 10 мкм,ug/m3,мкг/м³,2.1289,1.0000000000,2024-06-26 13:19:00,0,0
767,Соборна 36,49.232859,28.470453,2024-06-26 13:19:00,0,A3,PM2.5,PM2.5,Пил 2.5 мкм,ug/m3,мкг/м³,0.2622,1.0000000000,2024-06-26 13:19:00,0,0
774,Станція замостя,49.245473,28.493727,2024-06-26 13:19:19,0,A2,PM10,PM10,Пил 10 мкм,ug/m3,мкг/м³,4.0605,1.0000000000,2024-06-26 13:19:19,0,0
774,Станція замостя,49.245473,28.493727,2024-06-26 13:19:19,0,A3,PM2.5,PM2.5,Пил 2.5 мкм,ug/m3,мкг/м³,2.4905,1.0000000000,2024-06-26 13:19:19,0,0
774,Станція замостя,49.245473,28.493727,2024-06-26 13:19:19,0,E1,Temperature,Temperature,Температура,°C,°C,27.3105,1.0000000000,2024-06-26 13:19:19,0,0
774,Станція замостя,49.245473,28.493727,2024-06-26 13:19:19,0,E2,Humidity,Humidity,Вологість,%,%,34.8811,1.0000000000,2024-06-26 13:19:19,0,0
774,Станція замостя,49.245473,28.493727,2024-06-26 13:19:19,0,E3,Pressure,Pressure,Атмосферний тиск,Pa,мм.рт.ст.,98825.5011,0.0075006168,2024-06-26 13:19:19,0,0
790,станція Вишенька,49.2270093,28.4189984,2024-06-26 13:19:19,0,A2,PM10,PM10,Пил 10 мкм,ug/m3,мкг/м³,5.0700,1.0000000000,2024-06-26 13:19:19,0,0
790,станція Вишенька,49.2270093,28.4189984,2024-06-26 13:19:19,0,A3,PM2.5,PM2.5,Пил 2.5 мкм,ug/m3,мкг/м³,2.1800,1.0000000000,2024-06-26 13:19:19,0,0
790,станція Вишенька,49.2270093,28.4189984,2024-06-26 13:19:19,0,E1,Temperature,Temperature,Температура,°C,°C,29.9027,1.0000000000,2024-06-26 13:19:19,0,0
790,станція Вишенька,49.2270093,28.4189984,2024-06-26 13:19:19,0,E2,Humidity,Humidity,Вологість,%,%,30.0700,1.0000000000,2024-06-26 13:19:19,0,0
790,станція Вишенька,49.2270093,28.4189984,2024-06-26 13:19:19,0,E3,Pressure,Pressure,Атмосферний тиск,Pa,мм.рт.ст.,98821.1633,0.0075006168,2024-06-26 13:19:19,0,0
1315,Vinnytsia National Technical University,49.23327,28.409161,2024-06-26 13:19:51,0,A2,PM10,PM10,Пил 10 мкм,ug/m3,мкг/м³,21.9725,1.0000000000,2024-06-26 13:19:51,0,0
1315,Vinnytsia National Technical University,49.23327,28.409161,2024-06-26 13:19:51,0,A3,PM2.5,PM2.5,Пил 2.5 мкм,ug/m3,мкг/м³,19.1950,1.0000000000,2024-06-26 13:19:51,0,0
1315,Vinnytsia National Technical University,49.23327,28.409161,2024-06-26 13:19:51,0,A4,PM1.0,PM1.0,Пил 1.0 мкм,ug/m3,мкг/м³,16.1635,1.0000000000,2024-06-26 13:19:51,0,0
1315,Vinnytsia National Technical University,49.23327,28.409161,2024-06-26 13:19:51,0,B2,CO,CO,Монооксид вуглецю,ppm,мкг/м³,0.5000,1164.2000000000,2024-06-26 13:19:51,0,0
1315,Vinnytsia National Technical University,49.23327,28.409161,2024-06-26 13:19:51,0,B3,O₃,O₃,O₃,ppm,мкг/м³,0.0430,1995.7000000000,2024-06-26 13:19:51,0,0
1315,Vinnytsia National Technical University,49.23327,28.409161,2024-06-26 13:19:51,0,C1,VOC (H₂CO),VOC (H₂CO),ЛОС (Формальдегід),mg/m3,мкг/м³,0.0111,1000.0000000000,2024-06-26 13:19:51,0,0
1315,Vinnytsia National Technical University,49.23327,28.409161,2024-06-26 13:19:51,0,E1,Temperature,Temperature,Температура,°C,°C,26.9220,1.0000000000,2024-06-26 13:19:51,0,0
1315,Vinnytsia National Technical University,49.23327,28.409161,2024-06-26 13:19:51,0,E1,Temperature,Temperature,Температура,°C,°C,26.0180,1.0000000000,2024-06-26 13:19:51,0,0
1315,Vinnytsia National Technical University,49.23327,28.409161,2024-06-26 13:19:51,0,E1,Temperature,Temperature,Температура,°C,°C,19.3300,1.0000000000,2024-06-26 13:19:51,0,0
1315,Vinnytsia National Technical University,49.23327,28.409161,2024-06-26 13:19:51,0,E2,Humidity,Humidity,Вологість,%,%,42.4690,1.0000000000,2024-06-26 13:19:51,0,0
1315,Vinnytsia National Technical University,49.23327,28.409161,2024-06-26 13:19:51,0,E2,Humidity,Humidity,Вологість,%,%,54.8995,1.0000000000,2024-06-26 13:19:51,0,0
1315,Vinnytsia National Technical University,49.23327,28.409161,2024-06-26 13:19:51,0,E3,Pressure,Pressure,Атмосферний тиск,Pa,мм.рт.ст.,98826.4610,0.0075006168,2024-06-26 13:19:51,0,0
1811,EcoCity станція моніторингу Хмільник,49.558012,27.956897,2024-06-26 13:20:00,0,A2,PM10,PM10,Пил 10 мкм,ug/m3,мкг/м³,5.4350,1.0000000000,2024-06-26 13:20:00,0,0
1811,EcoCity станція моніторингу Хмільник,49.558012,27.956897,2024-06-26 13:20:00,0,A3,PM2.5,PM2.5,Пил 2.5 мкм,ug/m3,мкг/м³,2.0300,1.0000000000,2024-06-26 13:20:00,0,0
1811,EcoCity станція моніторингу Хмільник,49.558012,27.956897,2024-06-26 13:20:00,0,D1,RAD,RAD,Радіаційний фон,uR/h,мкР/год,14.4865,1.0000000000,2024-06-26 13:20:00,0,0
1811,EcoCity станція моніторингу Хмільник,49.558012,27.956897,2024-06-26 13:20:00,0,E1,Temperature,Temperature,Температура,°C,°C,36.4295,1.0000000000,2024-06-26 13:20:00,0,0
1811,EcoCity станція моніторингу Хмільник,49.558012,27.956897,2024-06-26 13:20:00,0,E1,Temperature,Temperature,Температура,°C,°C,35.9100,1.0000000000,2024-06-26 13:20:00,0,0
1811,EcoCity станція моніторингу Хмільник,49.558012,27.956897,2024-06-26 13:20:00,0,E2,Humidity,Humidity,Вологість,%,%,24.3825,1.0000000000,2024-06-26 13:20:00,0,0
1811,EcoCity станція моніторингу Хмільник,49.558012,27.956897,2024-06-26 13:20:00,0,E3,Pressure,Pressure,Атмосферний тиск,Pa,мм.рт.ст.,99112.2470,0.0075006168,2024-06-26 13:20:00,0,0
1825,Центральна площа,49.105637,29.206617,2024-06-26 13:19:52,0,A2,PM10,PM10,Пил 10 мкм,ug/m3,мкг/м³,5.0500,1.0000000000,2024-06-26 13:19:52,0,0
1825,Центральна площа,49.105637,29.206617,2024-06-26 13:19:52,0,A3,PM2.5,PM2.5,Пил 2.5 мкм,ug/m3,мкг/м³,1.9550,1.0000000000,2024-06-26 13:19:52,0,0
1825,Центральна площа,49.105637,29.206617,2024-06-26 13:19:52,0,D1,RAD,RAD,Радіаційний фон,uR/h,мкР/год,14.6140,1.0000000000,2024-06-26 13:19:52,0,0
1825,Центральна площа,49.105637,29.206617,2024-06-26 13:19:52,0,E1,Temperature,Temperature,Температура,°C,°C,30.2290,1.0000000000,2024-06-26 13:19:52,0,0
1825,Центральна площа,49.105637,29.206617,2024-06-26 13:19:52,0,E1,Temperature,Temperature,Температура,°C,°C,29.2890,1.0000000000,2024-06-26 13:19:52,0,0
1825,Центральна площа,49.105637,29.206617,2024-06-26 13:19:52,0,E2,Humidity,Humidity,Вологість,%,%,34.7520,1.0000000000,2024-06-26 13:19:52,0,0
1825,Центральна площа,49.105637,29.206617,2024-06-26 13:19:52,0,E3,Pressure,Pressure,Атмосферний тиск,Pa,мм.рт.ст.,99462.8620,0.0075006168,2024-06-26 13:19:52,0,0
1866,Северинівка,48.516638,29.184421,2024-06-26 13:19:14,0,A2,PM10,PM10,Пил 10 мкм,ug/m3,мкг/м³,3.6722,1.0000000000,2024-06-26 13:19:14,0,0
1866,Северинівка,48.516638,29.184421,2024-06-26 13:19:14,0,A3,PM2.5,PM2.5,Пил 2.5 мкм,ug/m3,мкг/м³,1.4333,1.0000000000,2024-06-26 13:19:14,0,0
1866,Северинівка,48.516638,29.184421,2024-06-26 13:19:14,0,D1,RAD,RAD,Радіаційний фон,uR/h,мкР/год,12.0711,1.0000000000,2024-06-26 13:19:14,0,0
1866,Северинівка,48.516638,29.184421,2024-06-26 13:19:14,0,E1,Temperature,Temperature,Температура,°C,°C,28.7161,1.0000000000,2024-06-26 13:19:14,0,0
1866,Северинівка,48.516638,29.184421,2024-06-26 13:19:14,0,E1,Temperature,Temperature,Температура,°C,°C,27.6150,1.0000000000,2024-06-26 13:19:14,0,0
1866,Северинівка,48.516638,29.184421,2024-06-26 13:19:14,0,E2,Humidity,Humidity,Вологість,%,%,37.3250,1.0000000000,2024-06-26 13:19:14,0,0
1866,Северинівка,48.516638,29.184421,2024-06-26 13:19:14,0,E3,Pressure,Pressure,Атмосферний тиск,Pa,мм.рт.ст.,99705.7394,0.0075006168,2024-06-26 13:19:14,0,0
1919,Поділля-Коріатовичів,49.2195278,28.45438,2024-06-26 13:19:39,0,A2,PM10,PM10,Пил 10 мкм,ug/m3,мкг/м³,4.2850,1.0000000000,2024-06-26 13:19:39,0,0
1919,Поділля-Коріатовичів,49.2195278,28.45438,2024-06-26 13:19:39,0,A3,PM2.5,PM2.5,Пил 2.5 мкм,ug/m3,мкг/м³,2.4000,1.0000000000,2024-06-26 13:19:39,0,0
1919,Поділля-Коріатовичів,49.2195278,28.45438,2024-06-26 13:19:39,0,D1,RAD,RAD,Радіаційний фон,uR/h,мкР/год,13.4680,1.0000000000,2024-06-26 13:19:39,0,0
1919,Поділля-Коріатовичів,49.2195278,28.45438,2024-06-26 13:19:39,0,E1,Temperature,Temperature,Температура,°C,°C,26.1680,1.0000000000,2024-06-26 13:19:39,0,0
1919,Поділля-Коріатовичів,49.2195278,28.45438,2024-06-26 13:19:39,0,E1,Temperature,Temperature,Температура,°C,°C,25.8510,1.0000000000,2024-06-26 13:19:39,0,0
1919,Поділля-Коріатовичів,49.2195278,28.45438,2024-06-26 13:19:39,0,E2,Humidity,Humidity,Вологість,%,%,44.0325,1.0000000000,2024-06-26 13:19:39,0,0
1919,Поділля-Коріатовичів,49.2195278,28.45438,2024-06-26 13:19:39,0,E3,Pressure,Pressure,Атмосферний тиск,Pa,мм.рт.ст.,98920.5230,0.0075006168,2024-06-26 13:19:39,0,0
1921,Ладижин,48.6925368,29.2325729,2024-06-26 13:19:34,0,A2,PM10,PM10,Пил 10 мкм,ug/m3,мкг/м³,4.4421,1.0000000000,2024-06-26 13:19:34,0,0
1921,Ладижин,48.6925368,29.2325729,2024-06-26 13:19:34,0,A3,PM2.5,PM2.5,Пил 2.5 мкм,ug/m3,мкг/м³,2.1000,1.0000000000,2024-06-26 13:19:34,0,0
1921,Ладижин,48.6925368,29.2325729,2024-06-26 13:19:34,0,B1,NO₂,NO₂,Діоксид азоту,ppm,мкг/м³,0.0453,1912.5000000000,2024-06-26 13:19:34,0,0
1921,Ладижин,48.6925368,29.2325729,2024-06-26 13:19:34,0,B2,CO,CO,Монооксид вуглецю,ppm,мкг/м³,1.0814,1164.2000000000,2024-06-26 13:19:34,0,0
1921,Ладижин,48.6925368,29.2325729,2024-06-26 13:19:34,0,C2,NH₃,NH₃,Аміак,ppm,мкг/м³,0.0004,696.5200000000,2024-06-26 13:19:34,0,0
1921,Ладижин,48.6925368,29.2325729,2024-06-26 13:19:34,0,D1,RAD,RAD,Радіаційний фон,uR/h,мкР/год,12.2721,1.0000000000,2024-06-26 13:19:34,0,0
1921,Ладижин,48.6925368,29.2325729,2024-06-26 13:19:34,0,E1,Temperature,Temperature,Температура,°C,°C,33.0479,1.0000000000,2024-06-26 13:19:34,0,0
1921,Ладижин,48.6925368,29.2325729,2024-06-26 13:19:34,0,E1,Temperature,Temperature,Температура,°C,°C,33.2026,1.0000000000,2024-06-26 13:19:34,0,0
1921,Ладижин,48.6925368,29.2325729,2024-06-26 13:19:34,0,E2,Humidity,Humidity,Вологість,%,%,43.6205,1.0000000000,2024-06-26 13:19:34,0,0
1921,Ладижин,48.6925368,29.2325729,2024-06-26 13:19:34,0,E3,Pressure,Pressure,Атмосферний тиск,Pa,мм.рт.ст.,99790.3432,0.0075006168,2024-06-26 13:19:34,0,0
256,vinnytsia-256,49.208752495399324,28.528553271164593,2024-06-26T10:14:00Z,0,A4,PM1.0,PM1.0,Пил 1.0 мкм,ug/m3,мкг/м³,1.8285,null,2024-06-26T10:14:00Z,0,0
256,vinnytsia-256,49.208752495399324,28.528553271164593,2024-06-26T10:14:00Z,0,A3,PM2.5,PM2.5,Пил 2.5 мкм,ug/m3,мкг/м³,2.278,null,2024-06-26T10:14:00Z,0,0
256,vinnytsia-256,49.208752495399324,28.528553271164593,2024-06-26T10:14:00Z,0,A2,PM100,PM100,Пил 10 мкм,ug/m3,мкг/м³,8.367,null,2024-06-26T10:14:00Z,0,0
256,vinnytsia-256,49.208752495399324,28.528553271164593,2024-06-26T10:14:00Z,0,E1,Temperature,Temperature,Температура,°C,°C,28.74125,null,2024-06-26T10:14:00Z,0,0
256,vinnytsia-256,49.208752495399324,28.528553271164593,2024-06-26T10:14:00Z,0,E2,Humidity,Humidity,Вологість,%,%,37.60325,null,2024-06-26T10:14:00Z,0,0
256,vinnytsia-256,49.208752495399324,28.528553271164593,2024-06-26T10:14:00Z,0,E3,Pressure,Pressure,Атмосферний тиск,Pa,Паскаль,98460.84375,null,2024-06-26T10:14:00Z,0,0
271,vinnytsia-271,49.236887137498584,28.513305486721826,2024-06-26T10:14:00Z,0,A4,PM1.0,PM1.0,Пил 1.0 мкм,ug/m3,мкг/м³,3.42425,null,2024-06-26T10:14:00Z,0,0
271,vinnytsia-271,49.236887137498584,28.513305486721826,2024-06-26T10:14:00Z,0,A3,PM2.5,PM2.5,Пил 2.5 мкм,ug/m3,мкг/м³,6.006,null,2024-06-26T10:14:00Z,0,0
271,vinnytsia-271,49.236887137498584,28.513305486721826,2024-06-26T10:14:00Z,0,A2,PM100,PM100,Пил 10 мкм,ug/m3,мкг/м³,15.95375,null,2024-06-26T10:14:00Z,0,0
271,vinnytsia-271,49.236887137498584,28.513305486721826,2024-06-26T10:14:00Z,0,E1,Temperature,Temperature,Температура,°C,°C,26.91125,null,2024-06-26T10:14:00Z,0,0
271,vinnytsia-271,49.236887137498584,28.513305486721826,2024-06-26T10:14:00Z,0,E2,Humidity,Humidity,Вологість,%,%,40.85575,null,2024-06-26T10:14:00Z,0,0
271,vinnytsia-271,49.236887137498584,28.513305486721826,2024-06-26T10:14:00Z,0,E3,Pressure,Pressure,Атмосферний тиск,Pa,Паскаль,98915.60549999999,null,2024-06-26T10:14:00Z,0,0
281,vinnytsia-281,49.24192686787152,28.462020923798242,2024-06-26T10:14:00Z,0,A4,PM1.0,PM1.0,Пил 1.0 мкм,ug/m3,мкг/м³,2.81025,null,2024-06-26T10:14:00Z,0,0
281,vinnytsia-281,49.24192686787152,28.462020923798242,2024-06-26T10:14:00Z,0,A3,PM2.5,PM2.5,Пил 2.5 мкм,ug/m3,мкг/м³,4.227,null,2024-06-26T10:14:00Z,0,0
281,vinnytsia-281,49.24192686787152,28.462020923798242,2024-06-26T10:14:00Z,0,A2,PM100,PM100,Пил 10 мкм,ug/m3,мкг/м³,13.09075,null,2024-06-26T10:14:00Z,0,0
281,vinnytsia-281,49.24192686787152,28.462020923798242,2024-06-26T10:14:00Z,0,E1,Temperature,Temperature,Температура,°C,°C,30.04325,null,2024-06-26T10:14:00Z,0,0
281,vinnytsia-281,49.24192686787152,28.462020923798242,2024-06-26T10:14:00Z,0,E2,Humidity,Humidity,Вологість,%,%,35.82475,null,2024-06-26T10:14:00Z,0,0
281,vinnytsia-281,49.24192686787152,28.462020923798242,2024-06-26T10:14:00Z,0,E3,Pressure,Pressure,Атмосферний тиск,Pa,Паскаль,98901.04275,null,2024-06-26T10:14:00Z,0,0
90,vinnytsia-90,49.21773364876253,28.44979464092501,2024-06-26T10:14:00Z,0,A4,PM1.0,PM1.0,Пил 1.0 мкм,ug/m3,мкг/м³,5.33675,null,2024-06-26T10:14:00Z,0,0
90,vinnytsia-90,49.21773364876253,28.44979464092501,2024-06-26T10:14:00Z,0,A3,PM2.5,PM2.5,Пил 2.5 мкм,ug/m3,мкг/м³,8.514,null,2024-06-26T10:14:00Z,0,0
90,vinnytsia-90,49.21773364876253,28.44979464092501,2024-06-26T10:14:00Z,0,A2,PM100,PM100,Пил 10 мкм,ug/m3,мкг/м³,22.94125,null,2024-06-26T10:14:00Z,0,0
90,vinnytsia-90,49.21773364876253,28.44979464092501,2024-06-26T10:14:00Z,0,E1,Temperature,Temperature,Температура,°C,°C,37.09325,null,2024-06-26T10:14:00Z,0,0
90,vinnytsia-90,49.21773364876253,28.44979464092501,2024-06-26T10:14:00Z,0,E2,Humidity,Humidity,Вологість,%,%,30.25375,null,2024-06-26T10:14:00Z,0,0
90,vinnytsia-90,49.21773364876253,28.44979464092501,2024-06-26T10:14:00Z,0,E3,Pressure,Pressure,Атмосферний тиск,Pa,Паскаль,98718.16725,null,2024-06-26T10:14:00Z,0,0
650,дім,49.343484,28.729830,2024-06-26 13:39:39,0,A2,PM10,PM10,Пил 10 мкм,ug/m3,мкг/м³,1.7395,1.0000000000,2024-06-26 13:39:39,0,0
650,дім,49.343484,28.729830,2024-06-26 13:39:39,0,A3,PM2.5,PM2.5,Пил 2.5 мкм,ug/m3,мкг/м³,1.4458,1.0000000000,2024-06-26 13:39:39,0,0
650,дім,49.343484,28.729830,2024-06-26 13:39:39,0,C1,VOC (H₂CO),VOC (H₂CO),ЛОС (Формальдегід),ppb,мкг/м³,9.0000,1.2450000000,2024-06-26 13:39:39,0,0
650,дім,49.343484,28.729830,2024-06-26 13:39:39,0,E1,Temperature,Temperature,Температура,°C,°C,30.3053,1.0000000000,2024-06-26 13:39:39,0,0
650,дім,49.343484,28.729830,2024-06-26 13:39:39,0,E2,Humidity,Humidity,Вологість,%,%,34.3516,1.0000000000,2024-06-26 13:39:39,0,0
650,дім,49.343484,28.729830,2024-06-26 13:39:39,0,E3,Pressure,Pressure,Атмосферний тиск,Pa,мм.рт.ст.,99036.9547,0.0075006168,2024-06-26 13:39:39,0,0
767,Соборна 36,49.232859,28.470453,2024-06-26 13:39:40,0,A2,PM10,PM10,Пил 10 мкм,ug/m3,мкг/м³,2.0760,1.0000000000,2024-06-26 13:39:40,0,0
767,Соборна 36,49.232859,28.470453,2024-06-26 13:39:40,0,A3,PM2.5,PM2.5,Пил 2.5 мкм,ug/m3,мкг/м³,0.2495,1.0000000000,2024-06-26 13:39:40,0,0
774,Станція замостя,49.245473,28.493727,2024-06-26 13:39:52,0,A2,PM10,PM10,Пил 10 мкм,ug/m3,мкг/м³,4.1215,1.0000000000,2024-06-26 13:39:52,0,0
774,Станція замостя,49.245473,28.493727,2024-06-26 13:39:52,0,A3,PM2.5,PM2.5,Пил 2.5 мкм,ug/m3,мкг/м³,2.5175,1.0000000000,2024-06-26 13:39:52,0,0
774,Станція замостя,49.245473,28.493727,2024-06-26 13:39:52,0,E1,Temperature,Temperature,Температура,°C,°C,27.5265,1.0000000000,2024-06-26 13:39:52,0,0
774,Станція замостя,49.245473,28.493727,2024-06-26 13:39:52,0,E2,Humidity,Humidity,Вологість,%,%,34.8040,1.0000000000,2024-06-26 13:39:52,0,0
774,Станція замостя,49.245473,28.493727,2024-06-26 13:39:52,0,E3,Pressure,Pressure,Атмосферний тиск,Pa,мм.рт.ст.,98819.0420,0.0075006168,2024-06-26 13:39:52,0,0
790,станція Вишенька,49.2270093,28.4189984,2024-06-26 13:39:04,0,A2,PM10,PM10,Пил 10 мкм,ug/m3,мкг/м³,5.5707,1.0000000000,2024-06-26 13:39:04,0,0
790,станція Вишенька,49.2270093,28.4189984,2024-06-26 13:39:04,0,A3,PM2.5,PM2.5,Пил 2.5 мкм,ug/m3,мкг/м³,2.0686,1.0000000000,2024-06-26 13:39:04,0,0
790,станція Вишенька,49.2270093,28.4189984,2024-06-26 13:39:04,0,E1,Temperature,Temperature,Температура,°C,°C,29.7164,1.0000000000,2024-06-26 13:39:04,0,0
790,станція Вишенька,49.2270093,28.4189984,2024-06-26 13:39:04,0,E2,Humidity,Humidity,Вологість,%,%,30.4029,1.0000000000,2024-06-26 13:39:04,0,0
790,станція Вишенька,49.2270093,28.4189984,2024-06-26 13:39:04,0,E3,Pressure,Pressure,Атмосферний тиск,Pa,мм.рт.ст.,98810.3036,0.0075006168,2024-06-26 13:39:04,0,0
1315,Vinnytsia National Technical University,49.23327,28.409161,2024-06-26 13:39:06,0,A2,PM10,PM10,Пил 10 мкм,ug/m3,мкг/м³,21.8274,1.0000000000,2024-06-26 13:39:06,0,0
1315,Vinnytsia National Technical University,49.23327,28.409161,2024-06-26 13:39:06,0,A3,PM2.5,PM2.5,Пил 2.5 мкм,ug/m3,мкг/м³,19.2832,1.0000000000,2024-06-26 13:39:06,0,0
1315,Vinnytsia National Technical University,49.23327,28.409161,2024-06-26 13:39:06,0,A4,PM1.0,PM1.0,Пил 1.0 мкм,ug/m3,мкг/м³,16.1011,1.0000000000,2024-06-26 13:39:06,0,0
1315,Vinnytsia National Technical University,49.23327,28.409161,2024-06-26 13:39:06,0,B2,CO,CO,Монооксид вуглецю,ppm,мкг/м³,0.5000,1164.2000000000,2024-06-26 13:39:06,0,0
1315,Vinnytsia National Technical University,49.23327,28.409161,2024-06-26 13:39:06,0,B3,O₃,O₃,O₃,ppm,мкг/м³,0.0353,1995.7000000000,2024-06-26 13:39:06,0,0
1315,Vinnytsia National Technical University,49.23327,28.409161,2024-06-26 13:39:06,0,C1,VOC (H₂CO),VOC (H₂CO),ЛОС (Формальдегід),mg/m3,мкг/м³,0.0115,1000.0000000000,2024-06-26 13:39:06,0,0
1315,Vinnytsia National Technical University,49.23327,28.409161,2024-06-26 13:39:06,0,E1,Temperature,Temperature,Температура,°C,°C,26.1895,1.0000000000,2024-06-26 13:39:06,0,0
1315,Vinnytsia National Technical University,49.23327,28.409161,2024-06-26 13:39:06,0,E1,Temperature,Temperature,Температура,°C,°C,19.5632,1.0000000000,2024-06-26 13:39:06,0,0
1315,Vinnytsia National Technical University,49.23327,28.409161,2024-06-26 13:39:06,0,E1,Temperature,Temperature,Температура,°C,°C,27.0874,1.0000000000,2024-06-26 13:39:06,0,0
1315,Vinnytsia National Technical University,49.23327,28.409161,2024-06-26 13:39:06,0,E2,Humidity,Humidity,Вологість,%,%,41.4147,1.0000000000,2024-06-26 13:39:06,0,0
1315,Vinnytsia National Technical University,49.23327,28.409161,2024-06-26 13:39:06,0,E2,Humidity,Humidity,Вологість,%,%,54.2063,1.0000000000,2024-06-26 13:39:06,0,0
1315,Vinnytsia National Technical University,49.23327,28.409161,2024-06-26 13:39:06,0,E3,Pressure,Pressure,Атмосферний тиск,Pa,мм.рт.ст.,98812.8053,0.0075006168,2024-06-26 13:39:06,0,0
1811,EcoCity станція моніторингу Хмільник,49.558012,27.956897,2024-06-26 13:39:09,0,A2,PM10,PM10,Пил 10 мкм,ug/m3,мкг/м³,5.4526,1.0000000000,2024-06-26 13:39:09,0,0
1811,EcoCity станція моніторингу Хмільник,49.558012,27.956897,2024-06-26 13:39:09,0,A3,PM2.5,PM2.5,Пил 2.5 мкм,ug/m3,мкг/м³,2.0474,1.0000000000,2024-06-26 13:39:09,0,0
1811,EcoCity станція моніторингу Хмільник,49.558012,27.956897,2024-06-26 13:39:09,0,D1,RAD,RAD,Радіаційний фон,uR/h,мкР/год,13.3158,1.0000000000,2024-06-26 13:39:09,0,0
1811,EcoCity станція моніторингу Хмільник,49.558012,27.956897,2024-06-26 13:39:09,0,E1,Temperature,Temperature,Температура,°C,°C,36.9153,1.0000000000,2024-06-26 13:39:09,0,0
1811,EcoCity станція моніторингу Хмільник,49.558012,27.956897,2024-06-26 13:39:09,0,E1,Temperature,Temperature,Температура,°C,°C,37.4189,1.0000000000,2024-06-26 13:39:09,0,0
1811,EcoCity станція моніторингу Хмільник,49.558012,27.956897,2024-06-26 13:39:09,0,E2,Humidity,Humidity,Вологість,%,%,24.7068,1.0000000000,2024-06-26 13:39:09,0,0
1811,EcoCity станція моніторингу Хмільник,49.558012,27.956897,2024-06-26 13:39:09,0,E3,Pressure,Pressure,Атмосферний тиск,Pa,мм.рт.ст.,99100.4989,0.0075006168,2024-06-26 13:39:09,0,0
1825,Центральна площа,49.105637,29.206617,2024-06-26 13:39:02,0,A2,PM10,PM10,Пил 10 мкм,ug/m3,мкг/м³,5.1263,1.0000000000,2024-06-26 13:39:02,0,0
1825,Центральна площа,49.105637,29.206617,2024-06-26 13:39:02,0,A3,PM2.5,PM2.5,Пил 2.5 мкм,ug/m3,мкг/м³,2.0579,1.0000000000,2024-06-26 13:39:02,0,0
1825,Центральна площа,49.105637,29.206617,2024-06-26 13:39:02,0,D1,RAD,RAD,Радіаційний фон,uR/h,мкР/год,13.9289,1.0000000000,2024-06-26 13:39:02,0,0
1825,Центральна площа,49.105637,29.206617,2024-06-26 13:39:02,0,E1,Temperature,Temperature,Температура,°C,°C,27.9853,1.0000000000,2024-06-26 13:39:02,0,0
1825,Центральна площа,49.105637,29.206617,2024-06-26 13:39:02,0,E1,Temperature,Temperature,Температура,°C,°C,28.9368,1.0000000000,2024-06-26 13:39:02,0,0
1825,Центральна площа,49.105637,29.206617,2024-06-26 13:39:02,0,E2,Humidity,Humidity,Вологість,%,%,36.6632,1.0000000000,2024-06-26 13:39:02,0,0
1825,Центральна площа,49.105637,29.206617,2024-06-26 13:39:02,0,E3,Pressure,Pressure,Атмосферний тиск,Pa,мм.рт.ст.,99458.0784,0.0075006168,2024-06-26 13:39:02,0,0
1866,Северинівка,48.516638,29.184421,2024-06-26 13:39:25,0,A2,PM10,PM10,Пил 10 мкм,ug/m3,мкг/м³,3.5500,1.0000000000,2024-06-26 13:39:25,0,0
1866,Северинівка,48.516638,29.184421,2024-06-26 13:39:25,0,A3,PM2.5,PM2.5,Пил 2.5 мкм,ug/m3,мкг/м³,1.4150,1.0000000000,2024-06-26 13:39:25,0,0
1866,Северинівка,48.516638,29.184421,2024-06-26 13:39:25,0,D1,RAD,RAD,Радіаційний фон,uR/h,мкР/год,12.1090,1.0000000000,2024-06-26 13:39:25,0,0
1866,Северинівка,48.516638,29.184421,2024-06-26 13:39:25,0,E1,Temperature,Temperature,Температура,°C,°C,27.9290,1.0000000000,2024-06-26 13:39:25,0,0
1866,Северинівка,48.516638,29.184421,2024-06-26 13:39:25,0,E1,Temperature,Temperature,Температура,°C,°C,29.0305,1.0000000000,2024-06-26 13:39:25,0,0
1866,Северинівка,48.516638,29.184421,2024-06-26 13:39:25,0,E2,Humidity,Humidity,Вологість,%,%,37.3545,1.0000000000,2024-06-26 13:39:25,0,0
1866,Северинівка,48.516638,29.184421,2024-06-26 13:39:25,0,E3,Pressure,Pressure,Атмосферний тиск,Pa,мм.рт.ст.,99700.7825,0.0075006168,2024-06-26 13:39:25,0,0
1919,Поділля-Коріатовичів,49.2195278,28.45438,2024-06-26 13:39:19,0,A2,PM10,PM10,Пил 10 мкм,ug/m3,мкг/м³,4.5632,1.0000000000,2024-06-26 13:39:19,0,0
1919,Поділля-Коріатовичів,49.2195278,28.45438,2024-06-26 13:39:19,0,A3,PM2.5,PM2.5,Пил 2.5 мкм,ug/m3,мкг/м³,2.4474,1.0000000000,2024-06-26 13:39:19,0,0
1919,Поділля-Коріатовичів,49.2195278,28.45438,2024-06-26 13:39:19,0,D1,RAD,RAD,Радіаційний фон,uR/h,мкР/год,14.4453,1.0000000000,2024-06-26 13:39:19,0,0
1919,Поділля-Коріатовичів,49.2195278,28.45438,2024-06-26 13:39:19,0,E1,Temperature,Temperature,Температура,°C,°C,26.1705,1.0000000000,2024-06-26 13:39:19,0,0
1919,Поділля-Коріатовичів,49.2195278,28.45438,2024-06-26 13:39:19,0,E1,Temperature,Temperature,Температура,°C,°C,26.4874,1.0000000000,2024-06-26 13:39:19,0,0
1919,Поділля-Коріатовичів,49.2195278,28.45438,2024-06-26 13:39:19,0,E2,Humidity,Humidity,Вологість,%,%,44.4026,1.0000000000,2024-06-26 13:39:19,0,0
1919,Поділля-Коріатовичів,49.2195278,28.45438,2024-06-26 13:39:19,0,E3,Pressure,Pressure,Атмосферний тиск,Pa,мм.рт.ст.,98907.9316,0.0075006168,2024-06-26 13:39:19,0,0
1921,Ладижин,48.6925368,29.2325729,2024-06-26 13:39:27,0,A2,PM10,PM10,Пил 10 мкм,ug/m3,мкг/м³,4.3158,1.0000000000,2024-06-26 13:39:27,0,0
1921,Ладижин,48.6925368,29.2325729,2024-06-26 13:39:27,0,A3,PM2.5,PM2.5,Пил 2.5 мкм,ug/m3,мкг/м³,2.1053,1.0000000000,2024-06-26 13:39:27,0,0
1921,Ладижин,48.6925368,29.2325729,2024-06-26 13:39:27,0,B1,NO₂,NO₂,Діоксид азоту,ppm,мкг/м³,0.0466,1912.5000000000,2024-06-26 13:39:27,0,0
1921,Ладижин,48.6925368,29.2325729,2024-06-26 13:39:27,0,B2,CO,CO,Монооксид вуглецю,ppm,мкг/м³,1.0931,1164.2000000000,2024-06-26 13:39:27,0,0
1921,Ладижин,48.6925368,29.2325729,2024-06-26 13:39:27,0,C2,NH₃,NH₃,Аміак,ppm,мкг/м³,0.0004,696.5200000000,2024-06-26 13:39:27,0,0
1921,Ладижин,48.6925368,29.2325729,2024-06-26 13:39:27,0,D1,RAD,RAD,Радіаційний фон,uR/h,мкР/год,11.7411,1.0000000000,2024-06-26 13:39:27,0,0
1921,Ладижин,48.6925368,29.2325729,2024-06-26 13:39:27,0,E1,Temperature,Temperature,Температура,°C,°C,32.9126,1.0000000000,2024-06-26 13:39:27,0,0
1921,Ладижин,48.6925368,29.2325729,2024-06-26 13:39:27,0,E1,Temperature,Temperature,Температура,°C,°C,32.7658,1.0000000000,2024-06-26 13:39:27,0,0
1921,Ладижин,48.6925368,29.2325729,2024-06-26 13:39:27,0,E2,Humidity,Humidity,Вологість,%,%,42.1547,1.0000000000,2024-06-26 13:39:27,0,0
1921,Ладижин,48.6925368,29.2325729,2024-06-26 13:39:27,0,E3,Pressure,Pressure,Атмосферний тиск,Pa,мм.рт.ст.,99781.9158,0.0075006168,2024-06-26 13:39:27,0,0
256,vinnytsia-256,49.208752495399324,28.528553271164593,2024-06-26T10:34:00Z,0,A4,PM1.0,PM1.0,Пил 1.0 мкм,ug/m3,мкг/м³,1.8490000000000002,null,2024-06-26T10:34:00Z,0,0
256,vinnytsia-256,49.208752495399324,28.528553271164593,2024-06-26T10:34:00Z,0,A3,PM2.5,PM2.5,Пил 2.5 мкм,ug/m3,мкг/м³,2.3417499999999998,null,2024-06-26T10:34:00Z,0,0
256,vinnytsia-256,49.208752495399324,28.528553271164593,2024-06-26T10:34:00Z,0,A2,PM100,PM100,Пил 10 мкм,ug/m3,мкг/м³,8.685,null,2024-06-26T10:34:00Z,0,0
256,vinnytsia-256,49.208752495399324,28.528553271164593,2024-06-26T10:34:00Z,0,E1,Temperature,Temperature,Температура,°C,°C,28.947249999999997,null,2024-06-26T10:34:00Z,0,0
256,vinnytsia-256,49.208752495399324,28.528553271164593,2024-06-26T10:34:00Z,0,E2,Humidity,Humidity,Вологість,%,%,36.54875,null,2024-06-26T10:34:00Z,0,0
256,vinnytsia-256,49.208752495399324,28.528553271164593,2024-06-26T10:34:00Z,0,E3,Pressure,Pressure,Атмосферний тиск,Pa,Паскаль,98457.827,null,2024-06-26T10:34:00Z,0,0
271,vinnytsia-271,49.236887137498584,28.513305486721826,2024-06-26T10:34:00Z,0,A4,PM1.0,PM1.0,Пил 1.0 мкм,ug/m3,мкг/м³,3.89975,null,2024-06-26T10:34:00Z,0,0
271,vinnytsia-271,49.236887137498584,28.513305486721826,2024-06-26T10:34:00Z,0,A3,PM2.5,PM2.5,Пил 2.5 мкм,ug/m3,мкг/м³,6.819,null,2024-06-26T10:34:00Z,0,0
271,vinnytsia-271,49.236887137498584,28.513305486721826,2024-06-26T10:34:00Z,0,A2,PM100,PM100,Пил 10 мкм,ug/m3,мкг/м³,17.4865,null,2024-06-26T10:34:00Z,0,0
271,vinnytsia-271,49.236887137498584,28.513305486721826,2024-06-26T10:34:00Z,0,E1,Temperature,Temperature,Температура,°C,°C,27.078249999999997,null,2024-06-26T10:34:00Z,0,0
271,vinnytsia-271,49.236887137498584,28.513305486721826,2024-06-26T10:34:00Z,0,E2,Humidity,Humidity,Вологість,%,%,40.88075,null,2024-06-26T10:34:00Z,0,0
271,vinnytsia-271,49.236887137498584,28.513305486721826,2024-06-26T10:34:00Z,0,E3,Pressure,Pressure,Атмосферний тиск,Pa,Паскаль,98911.84,null,2024-06-26T10:34:00Z,0,0
281,vinnytsia-281,49.24192686787152,28.462020923798242,2024-06-26T10:34:00Z,0,A4,PM1.0,PM1.0,Пил 1.0 мкм,ug/m3,мкг/м³,3.7119999999999997,null,2024-06-26T10:34:00Z,0,0
281,vinnytsia-281,49.24192686787152,28.462020923798242,2024-06-26T10:34:00Z,0,A3,PM2.5,PM2.5,Пил 2.5 мкм,ug/m3,мкг/м³,5.632,null,2024-06-26T10:34:00Z,0,0
281,vinnytsia-281,49.24192686787152,28.462020923798242,2024-06-26T10:34:00Z,0,A2,PM100,PM100,Пил 10 мкм,ug/m3,мкг/м³,16.704,null,2024-06-26T10:34:00Z,0,0
281,vinnytsia-281,49.24192686787152,28.462020923798242,2024-06-26T10:34:00Z,0,E1,Temperature,Temperature,Температура,°C,°C,35.083,null,2024-06-26T10:34:00Z,0,0
281,vinnytsia-281,49.24192686787152,28.462020923798242,2024-06-26T10:34:00Z,0,E2,Humidity,Humidity,Вологість,%,%,28.317,null,2024-06-26T10:34:00Z,0,0
281,vinnytsia-281,49.24192686787152,28.462020923798242,2024-06-26T10:34:00Z,0,E3,Pressure,Pressure,Атмосферний тиск,Pa,Паскаль,98896.9505,null,2024-06-26T10:34:00Z,0,0
90,vinnytsia-90,49.21773364876253,28.44979464092501,2024-06-26T10:34:00Z,0,A4,PM1.0,PM1.0,Пил 1.0 мкм,ug/m3,мкг/м³,5.0145,null,2024-06-26T10:34:00Z,0,0
90,vinnytsia-90,49.21773364876253,28.44979464092501,2024-06-26T10:34:00Z,0,A3,PM2.5,PM2.5,Пил 2.5 мкм,ug/m3,мкг/м³,8.4055,null,2024-06-26T10:34:00Z,0,0
90,vinnytsia-90,49.21773364876253,28.44979464092501,2024-06-26T10:34:00Z,0,A2,PM100,PM100,Пил 10 мкм,ug/m3,мкг/м³,22.0285,null,2024-06-26T10:34:00Z,0,0
90,vinnytsia-90,49.21773364876253,28.44979464092501,2024-06-26T10:34:00Z,0,E1,Temperature,Temperature,Температура,°C,°C,34.71375,null,2024-06-26T10:34:00Z,0,0
90,vinnytsia-90,49.21773364876253,28.44979464092501,2024-06-26T10:34:00Z,0,E2,Humidity,Humidity,Вологість,%,%,34.433,null,2024-06-26T10:34:00Z,0,0
90,vinnytsia-90,49.21773364876253,28.44979464092501,2024-06-26T10:34:00Z,0,E3,Pressure,Pressure,Атмосферний тиск,Pa,Паскаль,98716.30374999999,null,2024-06-26T10:34:00Z,0,0
650,дім,49.343484,28.729830,2024-06-26 13:58:19,0,A2,PM10,PM10,Пил 10 мкм,ug/m3,мкг/м³,2.5544,1.0000000000,2024-06-26 13:58:19,0,0
650,дім,49.343484,28.729830,2024-06-26 13:58:19,0,A3,PM2.5,PM2.5,Пил 2.5 мкм,ug/m3,мкг/м³,1.6911,1.0000000000,2024-06-26 13:58:19,0,0
650,дім,49.343484,28.729830,2024-06-26 13:58:19,0,C1,VOC (H₂CO),VOC (H₂CO),ЛОС (Формальдегід),ppb,мкг/м³,9.0000,1.2450000000,2024-06-26 13:58:19,0,0
650,дім,49.343484,28.729830,2024-06-26 13:58:19,0,E1,Temperature,Temperature,Температура,°C,°C,30.3111,1.0000000000,2024-06-26 13:58:19,0,0
650,дім,49.343484,28.729830,2024-06-26 13:58:19,0,E2,Humidity,Humidity,Вологість,%,%,33.8194,1.0000000000,2024-06-26 13:58:19,0,0
650,дім,49.343484,28.729830,2024-06-26 13:58:19,0,E3,Pressure,Pressure,Атмосферний тиск,Pa,мм.рт.ст.,99022.2211,0.0075006168,2024-06-26 13:58:19,0,0
767,Соборна 36,49.232859,28.470453,2024-06-26 13:59:17,0,A2,PM10,PM10,Пил 10 мкм,ug/m3,мкг/м³,1.1695,1.0000000000,2024-06-26 13:59:17,0,0
767,Соборна 36,49.232859,28.470453,2024-06-26 13:59:17,0,A3,PM2.5,PM2.5,Пил 2.5 мкм,ug/m3,мкг/м³,0.2205,1.0000000000,2024-06-26 13:59:17,0,0
774,Станція замостя,49.245473,28.493727,2024-06-26 13:59:29,0,A2,PM10,PM10,Пил 10 мкм,ug/m3,мкг/м³,4.5937,1.0000000000,2024-06-26 13:59:29,0,0
774,Станція замостя,49.245473,28.493727,2024-06-26 13:59:29,0,A3,PM2.5,PM2.5,Пил 2.5 мкм,ug/m3,мкг/м³,2.6716,1.0000000000,2024-06-26 13:59:29,0,0
774,Станція замостя,49.245473,28.493727,2024-06-26 13:59:29,0,E1,Temperature,Temperature,Температура,°C,°C,27.5447,1.0000000000,2024-06-26 13:59:29,0,0
774,Станція замостя,49.245473,28.493727,2024-06-26 13:59:29,0,E2,Humidity,Humidity,Вологість,%,%,33.9516,1.0000000000,2024-06-26 13:59:29,0,0
774,Станція замостя,49.245473,28.493727,2024-06-26 13:59:29,0,E3,Pressure,Pressure,Атмосферний тиск,Pa,мм.рт.ст.,98805.1742,0.0075006168,2024-06-26 13:59:29,0,0
790,станція Вишенька,49.2270093,28.4189984,2024-06-26 13:58:59,0,A2,PM10,PM10,Пил 10 мкм,ug/m3,мкг/м³,6.2821,1.0000000000,2024-06-26 13:58:59,0,0
790,станція Вишенька,49.2270093,28.4189984,2024-06-26 13:58:59,0,A3,PM2.5,PM2.5,Пил 2.5 мкм,ug/m3,мкг/м³,2.8274,1.0000000000,2024-06-26 13:58:59,0,0
790,станція Вишенька,49.2270093,28.4189984,2024-06-26 13:58:59,0,E1,Temperature,Temperature,Температура,°C,°C,29.1121,1.0000000000,2024-06-26 13:58:59,0,0
790,станція Вишенька,49.2270093,28.4189984,2024-06-26 13:58:59,0,E2,Humidity,Humidity,Вологість,%,%,30.5821,1.0000000000,2024-06-26 13:58:59,0,0
790,станція Вишенька,49.2270093,28.4189984,2024-06-26 13:58:59,0,E3,Pressure,Pressure,Атмосферний тиск,Pa,мм.рт.ст.,98792.5832,0.0075006168,2024-06-26 13:58:59,0,0
1315,Vinnytsia National Technical University,49.23327,28.409161,2024-06-26 13:59:23,0,A2,PM10,PM10,Пил 10 мкм,ug/m3,мкг/м³,21.4855,1.0000000000,2024-06-26 13:59:23,0,0
1315,Vinnytsia National Technical University,49.23327,28.409161,2024-06-26 13:59:23,0,A3,PM2.5,PM2.5,Пил 2.5 мкм,ug/m3,мкг/м³,19.0630,1.0000000000,2024-06-26 13:59:23,0,0
1315,Vinnytsia National Technical University,49.23327,28.409161,2024-06-26 13:59:23,0,A4,PM1.0,PM1.0,Пил 1.0 мкм,ug/m3,мкг/м³,15.8765,1.0000000000,2024-06-26 13:59:23,0,0
1315,Vinnytsia National Technical University,49.23327,28.409161,2024-06-26 13:59:23,0,B2,CO,CO,Монооксид вуглецю,ppm,мкг/м³,0.5000,1164.2000000000,2024-06-26 13:59:23,0,0
1315,Vinnytsia National Technical University,49.23327,28.409161,2024-06-26 13:59:23,0,B3,O₃,O₃,O₃,ppm,мкг/м³,0.0535,1995.7000000000,2024-06-26 13:59:23,0,0
1315,Vinnytsia National Technical University,49.23327,28.409161,2024-06-26 13:59:23,0,C1,VOC (H₂CO),VOC (H₂CO),ЛОС (Формальдегід),mg/m3,мкг/м³,0.0106,1000.0000000000,2024-06-26 13:59:23,0,0
1315,Vinnytsia National Technical University,49.23327,28.409161,2024-06-26 13:59:23,0,E1,Temperature,Temperature,Температура,°C,°C,25.9345,1.0000000000,2024-06-26 13:59:23,0,0
1315,Vinnytsia National Technical University,49.23327,28.409161,2024-06-26 13:59:23,0,E1,Temperature,Temperature,Температура,°C,°C,19.3550,1.0000000000,2024-06-26 13:59:23,0,0
1315,Vinnytsia National Technical University,49.23327,28.409161,2024-06-26 13:59:23,0,E1,Temperature,Temperature,Температура,°C,°C,26.8335,1.0000000000,2024-06-26 13:59:23,0,0
1315,Vinnytsia National Technical University,49.23327,28.409161,2024-06-26 13:59:23,0,E2,Humidity,Humidity,Вологість,%,%,41.4760,1.0000000000,2024-06-26 13:59:23,0,0
1315,Vinnytsia National Technical University,49.23327,28.409161,2024-06-26 13:59:23,0,E2,Humidity,Humidity,Вологість,%,%,53.9865,1.0000000000,2024-06-26 13:59:23,0,0
1315,Vinnytsia National Technical University,49.23327,28.409161,2024-06-26 13:59:23,0,E3,Pressure,Pressure,Атмосферний тиск,Pa,мм.рт.ст.,98799.5465,0.0075006168,2024-06-26 13:59:23,0,0
1811,EcoCity станція моніторингу Хмільник,49.558012,27.956897,2024-06-26 13:59:21,0,A2,PM10,PM10,Пил 10 мкм,ug/m3,мкг/м³,6.3800,1.0000000000,2024-06-26 13:59:21,0,0
1811,EcoCity станція моніторингу Хмільник,49.558012,27.956897,2024-06-26 13:59:21,0,A3,PM2.5,PM2.5,Пил 2.5 мкм,ug/m3,мкг/м³,2.1500,1.0000000000,2024-06-26 13:59:21,0,0
1811,EcoCity станція моніторингу Хмільник,49.558012,27.956897,2024-06-26 13:59:21,0,D1,RAD,RAD,Радіаційний фон,uR/h,мкР/год,13.1870,1.0000000000,2024-06-26 13:59:21,0,0
1811,EcoCity станція моніторингу Хмільник,49.558012,27.956897,2024-06-26 13:59:21,0,E1,Temperature,Temperature,Температура,°C,°C,35.9460,1.0000000000,2024-06-26 13:59:21,0,0
1811,EcoCity станція моніторингу Хмільник,49.558012,27.956897,2024-06-26 13:59:21,0,E1,Temperature,Temperature,Температура,°C,°C,36.4570,1.0000000000,2024-06-26 13:59:21,0,0
1811,EcoCity станція моніторингу Хмільник,49.558012,27.956897,2024-06-26 13:59:21,0,E2,Humidity,Humidity,Вологість,%,%,26.7530,1.0000000000,2024-06-26 13:59:21,0,0
1811,EcoCity станція моніторингу Хмільник,49.558012,27.956897,2024-06-26 13:59:21,0,E3,Pressure,Pressure,Атмосферний тиск,Pa,мм.рт.ст.,99080.3060,0.0075006168,2024-06-26 13:59:21,0,0
1825,Центральна площа,49.105637,29.206617,2024-06-26 13:59:13,0,A2,PM10,PM10,Пил 10 мкм,ug/m3,мкг/м³,5.6650,1.0000000000,2024-06-26 13:59:13,0,0
1825,Центральна площа,49.105637,29.206617,2024-06-26 13:59:13,0,A3,PM2.5,PM2.5,Пил 2.5 мкм,ug/m3,мкг/м³,2.0900,1.0000000000,2024-06-26 13:59:13,0,0
1825,Центральна площа,49.105637,29.206617,2024-06-26 13:59:13,0,D1,RAD,RAD,Радіаційний фон,uR/h,мкР/год,12.8100,1.0000000000,2024-06-26 13:59:13,0,0
1825,Центральна площа,49.105637,29.206617,2024-06-26 13:59:13,0,E1,Temperature,Temperature,Температура,°C,°C,27.9985,1.0000000000,2024-06-26 13:59:13,0,0
1825,Центральна площа,49.105637,29.206617,2024-06-26 13:59:13,0,E1,Temperature,Temperature,Температура,°C,°C,28.9475,1.0000000000,2024-06-26 13:59:13,0,0
1825,Центральна площа,49.105637,29.206617,2024-06-26 13:59:13,0,E2,Humidity,Humidity,Вологість,%,%,36.8695,1.0000000000,2024-06-26 13:59:13,0,0
1825,Центральна площа,49.105637,29.206617,2024-06-26 13:59:13,0,E3,Pressure,Pressure,Атмосферний тиск,Pa,мм.рт.ст.,99449.6805,0.0075006168,2024-06-26 13:59:13,0,0
1866,Северинівка,48.516638,29.184421,2024-06-26 13:59:36,0,A2,PM10,PM10,Пил 10 мкм,ug/m3,мкг/м³,3.7100,1.0000000000,2024-06-26 13:59:36,0,0
1866,Северинівка,48.516638,29.184421,2024-06-26 13:59:36,0,A3,PM2.5,PM2.5,Пил 2.5 мкм,ug/m3,мкг/м³,1.3750,1.0000000000,2024-06-26 13:59:36,0,0
1866,Северинівка,48.516638,29.184421,2024-06-26 13:59:36,0,D1,RAD,RAD,Радіаційний фон,uR/h,мкР/год,13.1815,1.0000000000,2024-06-26 13:59:36,0,0
1866,Северинівка,48.516638,29.184421,2024-06-26 13:59:36,0,E1,Temperature,Temperature,Температура,°C,°C,28.0450,1.0000000000,2024-06-26 13:59:36,0,0
1866,Северинівка,48.516638,29.184421,2024-06-26 13:59:36,0,E1,Temperature,Temperature,Температура,°C,°C,29.1415,1.0000000000,2024-06-26 13:59:36,0,0
1866,Северинівка,48.516638,29.184421,2024-06-26 13:59:36,0,E2,Humidity,Humidity,Вологість,%,%,37.4065,1.0000000000,2024-06-26 13:59:36,0,0
1866,Северинівка,48.516638,29.184421,2024-06-26 13:59:36,0,E3,Pressure,Pressure,Атмосферний тиск,Pa,мм.рт.ст.,99683.9290,0.0075006168,2024-06-26 13:59:36,0,0
1919,Поділля-Коріатовичів,49.2195278,28.45438,2024-06-26 13:59:00,0,A2,PM10,PM10,Пил 10 мкм,ug/m3,мкг/м³,4.9053,1.0000000000,2024-06-26 13:59:00,0,0
1919,Поділля-Коріатовичів,49.2195278,28.45438,2024-06-26 13:59:00,0,A3,PM2.5,PM2.5,Пил 2.5 мкм,ug/m3,мкг/м³,2.3421,1.0000000000,2024-06-26 13:59:00,0,0
1919,Поділля-Коріатовичів,49.2195278,28.45438,2024-06-26 13:59:00,0,D1,RAD,RAD,Радіаційний фон,uR/h,мкР/год,14.8074,1.0000000000,2024-06-26 13:59:00,0,0
1919,Поділля-Коріатовичів,49.2195278,28.45438,2024-06-26 13:59:00,0,E1,Temperature,Temperature,Температура,°C,°C,27.8279,1.0000000000,2024-06-26 13:59:00,0,0
1919,Поділля-Коріатовичів,49.2195278,28.45438,2024-06-26 13:59:00,0,E1,Temperature,Temperature,Температура,°C,°C,28.1695,1.0000000000,2024-06-26 13:59:00,0,0
1919,Поділля-Коріатовичів,49.2195278,28.45438,2024-06-26 13:59:00,0,E2,Humidity,Humidity,Вологість,%,%,42.2447,1.0000000000,2024-06-26 13:59:00,0,0
1919,Поділля-Коріатовичів,49.2195278,28.45438,2024-06-26 13:59:00,0,E3,Pressure,Pressure,Атмосферний тиск,Pa,мм.рт.ст.,98895.1979,0.0075006168,2024-06-26 13:59:00,0,0
1921,Ладижин,48.6925368,29.2325729,2024-06-26 13:59:18,0,A2,PM10,PM10,Пил 10 мкм,ug/m3,мкг/м³,4.1421,1.0000000000,2024-06-26 13:59:18,0,0
1921,Ладижин,48.6925368,29.2325729,2024-06-26 13:59:18,0,A3,PM2.5,PM2.5,Пил 2.5 мкм,ug/m3,мкг/м³,2.0737,1.0000000000,2024-06-26 13:59:18,0,0
1921,Ладижин,48.6925368,29.2325729,2024-06-26 13:59:18,0,B1,NO₂,NO₂,Діоксид азоту,ppm,мкг/м³,0.0460,1912.5000000000,2024-06-26 13:59:18,0,0
1921,Ладижин,48.6925368,29.2325729,2024-06-26 13:59:18,0,B2,CO,CO,Монооксид вуглецю,ppm,мкг/м³,1.1479,1164.2000000000,2024-06-26 13:59:18,0,0
1921,Ладижин,48.6925368,29.2325729,2024-06-26 13:59:18,0,C2,NH₃,NH₃,Аміак,ppm,мкг/м³,0.0004,696.5200000000,2024-06-26 13:59:18,0,0
1921,Ладижин,48.6925368,29.2325729,2024-06-26 13:59:18,0,D1,RAD,RAD,Радіаційний фон,uR/h,мкР/год,12.0574,1.0000000000,2024-06-26 13:59:18,0,0
1921,Ладижин,48.6925368,29.2325729,2024-06-26 13:59:18,0,E1,Temperature,Temperature,Температура,°C,°C,33.3221,1.0000000000,2024-06-26 13:59:18,0,0
1921,Ладижин,48.6925368,29.2325729,2024-06-26 13:59:18,0,E1,Temperature,Temperature,Температура,°C,°C,33.1863,1.0000000000,2024-06-26 13:59:18,0,0
1921,Ладижин,48.6925368,29.2325729,2024-06-26 13:59:18,0,E2,Humidity,Humidity,Вологість,%,%,42.1895,1.0000000000,2024-06-26 13:59:18,0,0
1921,Ладижин,48.6925368,29.2325729,2024-06-26 13:59:18,0,E3,Pressure,Pressure,Атмосферний тиск,Pa,мм.рт.ст.,99769.9689,0.0075006168,2024-06-26 13:59:18,0,0
256,vinnytsia-256,49.208752495399324,28.528553271164593,2024-06-26T10:54:00Z,0,A4,PM1.0,PM1.0,Пил 1.0 мкм,ug/m3,мкг/м³,2.03775,null,2024-06-26T10:54:00Z,0,0
256,vinnytsia-256,49.208752495399324,28.528553271164593,2024-06-26T10:54:00Z,0,A3,PM2.5,PM2.5,Пил 2.5 мкм,ug/m3,мкг/м³,2.70725,null,2024-06-26T10:54:00Z,0,0
256,vinnytsia-256,49.208752495399324,28.528553271164593,2024-06-26T10:54:00Z,0,A2,PM100,PM100,Пил 10 мкм,ug/m3,мкг/м³,9.48775,null,2024-06-26T10:54:00Z,0,0
256,vinnytsia-256,49.208752495399324,28.528553271164593,2024-06-26T10:54:00Z,0,E1,Temperature,Temperature,Температура,°C,°C,29.36725,null,2024-06-26T10:54:00Z,0,0
256,vinnytsia-256,49.208752495399324,28.528553271164593,2024-06-26T10:54:00Z,0,E2,Humidity,Humidity,Вологість,%,%,37.49850000000001,null,2024-06-26T10:54:00Z,0,0
256,vinnytsia-256,49.208752495399324,28.528553271164593,2024-06-26T10:54:00Z,0,E3,Pressure,Pressure,Атмосферний тиск,Pa,Паскаль,98441.59,null,2024-06-26T10:54:00Z,0,0
271,vinnytsia-271,49.236887137498584,28.513305486721826,2024-06-26T10:54:00Z,0,A4,PM1.0,PM1.0,Пил 1.0 мкм,ug/m3,мкг/м³,3.4987500000000002,null,2024-06-26T10:54:00Z,0,0
271,vinnytsia-271,49.236887137498584,28.513305486721826,2024-06-26T10:54:00Z,0,A3,PM2.5,PM2.5,Пил 2.5 мкм,ug/m3,мкг/м³,6.165,null,2024-06-26T10:54:00Z,0,0
271,vinnytsia-271,49.236887137498584,28.513305486721826,2024-06-26T10:54:00Z,0,A2,PM100,PM100,Пил 10 мкм,ug/m3,мкг/м³,16.25175,null,2024-06-26T10:54:00Z,0,0
271,vinnytsia-271,49.236887137498584,28.513305486721826,2024-06-26T10:54:00Z,0,E1,Temperature,Temperature,Температура,°C,°C,26.858,null,2024-06-26T10:54:00Z,0,0
271,vinnytsia-271,49.236887137498584,28.513305486721826,2024-06-26T10:54:00Z,0,E2,Humidity,Humidity,Вологість,%,%,40.976749999999996,null,2024-06-26T10:54:00Z,0,0
271,vinnytsia-271,49.236887137498584,28.513305486721826,2024-06-26T10:54:00Z,0,E3,Pressure,Pressure,Атмосферний тиск,Pa,Паскаль,98894.4755,null,2024-06-26T10:54:00Z,0,0
281,vinnytsia-281,49.24192686787152,28.462020923798242,2024-06-26T10:54:00Z,0,A4,PM1.0,PM1.0,Пил 1.0 мкм,ug/m3,мкг/м³,3.30475,null,2024-06-26T10:54:00Z,0,0
281,vinnytsia-281,49.24192686787152,28.462020923798242,2024-06-26T10:54:00Z,0,A3,PM2.5,PM2.5,Пил 2.5 мкм,ug/m3,мкг/м³,5.378500000000001,null,2024-06-26T10:54:00Z,0,0
281,vinnytsia-281,49.24192686787152,28.462020923798242,2024-06-26T10:54:00Z,0,A2,PM100,PM100,Пил 10 мкм,ug/m3,мкг/м³,17.84675,null,2024-06-26T10:54:00Z,0,0
281,vinnytsia-281,49.24192686787152,28.462020923798242,2024-06-26T10:54:00Z,0,E1,Temperature,Temperature,Температура,°C,°C,38.4255,null,2024-06-26T10:54:00Z,0,0
281,vinnytsia-281,49.24192686787152,28.462020923798242,2024-06-26T10:54:00Z,0,E2,Humidity,Humidity,Вологість,%,%,24.5615,null,2024-06-26T10:54:00Z,0,0
281,vinnytsia-281,49.24192686787152,28.462020923798242,2024-06-26T10:54:00Z,0,E3,Pressure,Pressure,Атмосферний тиск,Pa,Паскаль,98907.06375,null,2024-06-26T10:54:00Z,0,0
90,vinnytsia-90,49.21773364876253,28.44979464092501,2024-06-26T10:54:00Z,0,A4,PM1.0,PM1.0,Пил 1.0 мкм,ug/m3,мкг/м³,5.86675,null,2024-06-26T10:54:00Z,0,0
90,vinnytsia-90,49.21773364876253,28.44979464092501,2024-06-26T10:54:00Z,0,A3,PM2.5,PM2.5,Пил 2.5 мкм,ug/m3,мкг/м³,9.38275,null,2024-06-26T10:54:00Z,0,0
90,vinnytsia-90,49.21773364876253,28.44979464092501,2024-06-26T10:54:00Z,0,A2,PM100,PM100,Пил 10 мкм,ug/m3,мкг/м³,25.02175,null,2024-06-26T10:54:00Z,0,0
90,vinnytsia-90,49.21773364876253,28.44979464092501,2024-06-26T10:54:00Z,0,E1,Temperature,Temperature,Температура,°C,°C,38.786,null,2024-06-26T10:54:00Z,0,0
90,vinnytsia-90,49.21773364876253,28.44979464092501,2024-06-26T10:54:00Z,0,E2,Humidity,Humidity,Вологість,%,%,28.87875,null,2024-06-26T10:54:00Z,0,0
90,vinnytsia-90,49.21773364876253,28.44979464092501,2024-06-26T10:54:00Z,0,E3,Pressure,Pressure,Атмосферний тиск,Pa,Паскаль,98706.46875,null,2024-06-26T10:54:00Z,0,0
767,Соборна 36,49.232859,28.470453,2024-06-26 14:18:01,0,A2,PM10,PM10,Пил 10 мкм,ug/m3,мкг/м³,1.1211,1.0000000000,2024-06-26 14:18:01,0,0
767,Соборна 36,49.232859,28.470453,2024-06-26 14:18:01,0,A3,PM2.5,PM2.5,Пил 2.5 мкм,ug/m3,мкг/м³,0.3617,1.0000000000,2024-06-26 14:18:01,0,0
774,Станція замостя,49.245473,28.493727,2024-06-26 14:19:19,0,A2,PM10,PM10,Пил 10 мкм,ug/m3,мкг/м³,4.3021,1.0000000000,2024-06-26 14:19:19,0,0
774,Станція замостя,49.245473,28.493727,2024-06-26 14:19:19,0,A3,PM2.5,PM2.5,Пил 2.5 мкм,ug/m3,мкг/м³,2.6900,1.0000000000,2024-06-26 14:19:19,0,0
774,Станція замостя,49.245473,28.493727,2024-06-26 14:19:19,0,E1,Temperature,Temperature,Температура,°C,°C,27.8089,1.0000000000,2024-06-26 14:19:19,0,0
774,Станція замостя,49.245473,28.493727,2024-06-26 14:19:19,0,E2,Humidity,Humidity,Вологість,%,%,33.8763,1.0000000000,2024-06-26 14:19:19,0,0
774,Станція замостя,49.245473,28.493727,2024-06-26 14:19:19,0,E3,Pressure,Pressure,Атмосферний тиск,Pa,мм.рт.ст.,98795.2579,0.0075006168,2024-06-26 14:19:19,0,0
790,станція Вишенька,49.2270093,28.4189984,2024-06-26 14:18:32,0,A2,PM10,PM10,Пил 10 мкм,ug/m3,мкг/м³,8.1487,1.0000000000,2024-06-26 14:18:32,0,0
790,станція Вишенька,49.2270093,28.4189984,2024-06-26 14:18:32,0,A3,PM2.5,PM2.5,Пил 2.5 мкм,ug/m3,мкг/м³,3.6133,1.0000000000,2024-06-26 14:18:32,0,0
790,станція Вишенька,49.2270093,28.4189984,2024-06-26 14:18:32,0,E1,Temperature,Temperature,Температура,°C,°C,29.1320,1.0000000000,2024-06-26 14:18:32,0,0
790,станція Вишенька,49.2270093,28.4189984,2024-06-26 14:18:32,0,E2,Humidity,Humidity,Вологість,%,%,31.4333,1.0000000000,2024-06-26 14:18:32,0,0
790,станція Вишенька,49.2270093,28.4189984,2024-06-26 14:18:32,0,E3,Pressure,Pressure,Атмосферний тиск,Pa,мм.рт.ст.,98783.4073,0.0075006168,2024-06-26 14:18:32,0,0
1315,Vinnytsia National Technical University,49.23327,28.409161,2024-06-26 14:19:37,0,A2,PM10,PM10,Пил 10 мкм,ug/m3,мкг/м³,21.0415,1.0000000000,2024-06-26 14:19:37,0,0
1315,Vinnytsia National Technical University,49.23327,28.409161,2024-06-26 14:19:37,0,A3,PM2.5,PM2.5,Пил 2.5 мкм,ug/m3,мкг/м³,18.7995,1.0000000000,2024-06-26 14:19:37,0,0
1315,Vinnytsia National Technical University,49.23327,28.409161,2024-06-26 14:19:37,0,A4,PM1.0,PM1.0,Пил 1.0 мкм,ug/m3,мкг/м³,15.7360,1.0000000000,2024-06-26 14:19:37,0,0
1315,Vinnytsia National Technical University,49.23327,28.409161,2024-06-26 14:19:37,0,B2,CO,CO,Монооксид вуглецю,ppm,мкг/м³,0.5000,1164.2000000000,2024-06-26 14:19:37,0,0
1315,Vinnytsia National Technical University,49.23327,28.409161,2024-06-26 14:19:37,0,B3,O₃,O₃,O₃,ppm,мкг/м³,0.0385,1995.7000000000,2024-06-26 14:19:37,0,0
1315,Vinnytsia National Technical University,49.23327,28.409161,2024-06-26 14:19:37,0,C1,VOC (H₂CO),VOC (H₂CO),ЛОС (Формальдегід),mg/m3,мкг/м³,0.0111,1000.0000000000,2024-06-26 14:19:37,0,0
1315,Vinnytsia National Technical University,49.23327,28.409161,2024-06-26 14:19:37,0,E1,Temperature,Temperature,Температура,°C,°C,26.8475,1.0000000000,2024-06-26 14:19:37,0,0
1315,Vinnytsia National Technical University,49.23327,28.409161,2024-06-26 14:19:37,0,E1,Temperature,Temperature,Температура,°C,°C,25.9600,1.0000000000,2024-06-26 14:19:37,0,0
1315,Vinnytsia National Technical University,49.23327,28.409161,2024-06-26 14:19:37,0,E1,Temperature,Temperature,Температура,°C,°C,19.2850,1.0000000000,2024-06-26 14:19:37,0,0
1315,Vinnytsia National Technical University,49.23327,28.409161,2024-06-26 14:19:37,0,E2,Humidity,Humidity,Вологість,%,%,42.3290,1.0000000000,2024-06-26 14:19:37,0,0
1315,Vinnytsia National Technical University,49.23327,28.409161,2024-06-26 14:19:37,0,E2,Humidity,Humidity,Вологість,%,%,54.7550,1.0000000000,2024-06-26 14:19:37,0,0
1315,Vinnytsia National Technical University,49.23327,28.409161,2024-06-26 14:19:37,0,E3,Pressure,Pressure,Атмосферний тиск,Pa,мм.рт.ст.,98785.1410,0.0075006168,2024-06-26 14:19:37,0,0
1811,EcoCity станція моніторингу Хмільник,49.558012,27.956897,2024-06-26 14:19:30,0,A2,PM10,PM10,Пил 10 мкм,ug/m3,мкг/м³,6.4000,1.0000000000,2024-06-26 14:19:30,0,0
1811,EcoCity станція моніторингу Хмільник,49.558012,27.956897,2024-06-26 14:19:30,0,A3,PM2.5,PM2.5,Пил 2.5 мкм,ug/m3,мкг/м³,2.1000,1.0000000000,2024-06-26 14:19:30,0,0
1811,EcoCity станція моніторингу Хмільник,49.558012,27.956897,2024-06-26 14:19:30,0,D1,RAD,RAD,Радіаційний фон,uR/h,мкР/год,14.1780,1.0000000000,2024-06-26 14:19:30,0,0
1811,EcoCity станція моніторингу Хмільник,49.558012,27.956897,2024-06-26 14:19:30,0,E1,Temperature,Temperature,Температура,°C,°C,37.5895,1.0000000000,2024-06-26 14:19:30,0,0
1811,EcoCity станція моніторингу Хмільник,49.558012,27.956897,2024-06-26 14:19:30,0,E1,Temperature,Temperature,Температура,°C,°C,37.1040,1.0000000000,2024-06-26 14:19:30,0,0
1811,EcoCity станція моніторингу Хмільник,49.558012,27.956897,2024-06-26 14:19:30,0,E2,Humidity,Humidity,Вологість,%,%,25.3995,1.0000000000,2024-06-26 14:19:30,0,0
1811,EcoCity станція моніторингу Хмільник,49.558012,27.956897,2024-06-26 14:19:30,0,E3,Pressure,Pressure,Атмосферний тиск,Pa,мм.рт.ст.,99079.7245,0.0075006168,2024-06-26 14:19:30,0,0
1825,Центральна площа,49.105637,29.206617,2024-06-26 14:19:26,0,A2,PM10,PM10,Пил 10 мкм,ug/m3,мкг/м³,5.4050,1.0000000000,2024-06-26 14:19:26,0,0
1825,Центральна площа,49.105637,29.206617,2024-06-26 14:19:26,0,A3,PM2.5,PM2.5,Пил 2.5 мкм,ug/m3,мкг/м³,2.0700,1.0000000000,2024-06-26 14:19:26,0,0
1825,Центральна площа,49.105637,29.206617,2024-06-26 14:19:26,0,D1,RAD,RAD,Радіаційний фон,uR/h,мкР/год,14.3505,1.0000000000,2024-06-26 14:19:26,0,0
1825,Центральна площа,49.105637,29.206617,2024-06-26 14:19:26,0,E1,Temperature,Temperature,Температура,°C,°C,29.0190,1.0000000000,2024-06-26 14:19:26,0,0
1825,Центральна площа,49.105637,29.206617,2024-06-26 14:19:26,0,E1,Temperature,Temperature,Температура,°C,°C,28.0630,1.0000000000,2024-06-26 14:19:26,0,0
1825,Центральна площа,49.105637,29.206617,2024-06-26 14:19:26,0,E2,Humidity,Humidity,Вологість,%,%,36.7360,1.0000000000,2024-06-26 14:19:26,0,0
1825,Центральна площа,49.105637,29.206617,2024-06-26 14:19:26,0,E3,Pressure,Pressure,Атмосферний тиск,Pa,мм.рт.ст.,99429.5570,0.0075006168,2024-06-26 14:19:26,0,0
1830,Центр Безпеки громадян Війтівецької сільської ради,49.6288314,27.89884,2024-06-26 14:19:28,0,A2,PM10,PM10,Пил 10 мкм,ug/m3,мкг/м³,2.7000,1.0000000000,2024-06-26 14:19:28,0,0
1830,Центр Безпеки громадян Війтівецької сільської ради,49.6288314,27.89884,2024-06-26 14:19:28,0,A3,PM2.5,PM2.5,Пил 2.5 мкм,ug/m3,мкг/м³,1.6333,1.0000000000,2024-06-26 14:19:28,0,0
1830,Центр Безпеки громадян Війтівецької сільської ради,49.6288314,27.89884,2024-06-26 14:19:28,0,D1,RAD,RAD,Радіаційний фон,uR/h,мкР/год,10.2233,1.0000000000,2024-06-26 14:19:28,0,0
1830,Центр Безпеки громадян Війтівецької сільської ради,49.6288314,27.89884,2024-06-26 14:19:28,0,E1,Temperature,Temperature,Температура,°C,°C,26.6933,1.0000000000,2024-06-26 14:19:28,0,0
1830,Центр Безпеки громадян Війтівецької сільської ради,49.6288314,27.89884,2024-06-26 14:19:28,0,E1,Temperature,Temperature,Температура,°C,°C,26.1300,1.0000000000,2024-06-26 14:19:28,0,0
1830,Центр Безпеки громадян Війтівецької сільської ради,49.6288314,27.89884,2024-06-26 14:19:28,0,E2,Humidity,Humidity,Вологість,%,%,43.5567,1.0000000000,2024-06-26 14:19:28,0,0
1830,Центр Безпеки громадян Війтівецької сільської ради,49.6288314,27.89884,2024-06-26 14:19:28,0,E3,Pressure,Pressure,Атмосферний тиск,Pa,мм.рт.ст.,98852.9633,0.0075006168,2024-06-26 14:19:28,0,0
1866,Северинівка,48.516638,29.184421,2024-06-26 14:19:46,0,A2,PM10,PM10,Пил 10 мкм,ug/m3,мкг/м³,3.9450,1.0000000000,2024-06-26 14:19:46,0,0
1866,Северинівка,48.516638,29.184421,2024-06-26 14:19:46,0,A3,PM2.5,PM2.5,Пил 2.5 мкм,ug/m3,мкг/м³,1.4450,1.0000000000,2024-06-26 14:19:46,0,0
1866,Северинівка,48.516638,29.184421,2024-06-26 14:19:46,0,D1,RAD,RAD,Радіаційний фон,uR/h,мкР/год,11.7225,1.0000000000,2024-06-26 14:19:46,0,0
1866,Северинівка,48.516638,29.184421,2024-06-26 14:19:46,0,E1,Temperature,Temperature,Температура,°C,°C,28.5590,1.0000000000,2024-06-26 14:19:46,0,0
1866,Северинівка,48.516638,29.184421,2024-06-26 14:19:46,0,E1,Temperature,Temperature,Температура,°C,°C,27.4610,1.0000000000,2024-06-26 14:19:46,0,0
1866,Северинівка,48.516638,29.184421,2024-06-26 14:19:46,0,E2,Humidity,Humidity,Вологість,%,%,38.7030,1.0000000000,2024-06-26 14:19:46,0,0
1866,Северинівка,48.516638,29.184421,2024-06-26 14:19:46,0,E3,Pressure,Pressure,Атмосферний тиск,Pa,мм.рт.ст.,99666.1680,0.0075006168,2024-06-26 14:19:46,0,0
1919,Поділля-Коріатовичів,49.2195278,28.45438,2024-06-26 14:19:42,0,A2,PM10,PM10,Пил 10 мкм,ug/m3,мкг/м³,4.8150,1.0000000000,2024-06-26 14:19:42,0,0
1919,Поділля-Коріатовичів,49.2195278,28.45438,2024-06-26 14:19:42,0,A3,PM2.5,PM2.5,Пил 2.5 мкм,ug/m3,мкг/м³,2.2500,1.0000000000,2024-06-26 14:19:42,0,0
1919,Поділля-Коріатовичів,49.2195278,28.45438,2024-06-26 14:19:42,0,D1,RAD,RAD,Радіаційний фон,uR/h,мкР/год,14.3190,1.0000000000,2024-06-26 14:19:42,0,0
1919,Поділля-Коріатовичів,49.2195278,28.45438,2024-06-26 14:19:42,0,E1,Temperature,Temperature,Температура,°C,°C,27.7050,1.0000000000,2024-06-26 14:19:42,0,0
1919,Поділля-Коріатовичів,49.2195278,28.45438,2024-06-26 14:19:42,0,E1,Temperature,Temperature,Температура,°C,°C,27.3720,1.0000000000,2024-06-26 14:19:42,0,0
1919,Поділля-Коріатовичів,49.2195278,28.45438,2024-06-26 14:19:42,0,E2,Humidity,Humidity,Вологість,%,%,42.2615,1.0000000000,2024-06-26 14:19:42,0,0
1919,Поділля-Коріатовичів,49.2195278,28.45438,2024-06-26 14:19:42,0,E3,Pressure,Pressure,Атмосферний тиск,Pa,мм.рт.ст.,98884.4990,0.0075006168,2024-06-26 14:19:42,0,0
1921,Ладижин,48.6925368,29.2325729,2024-06-26 14:19:08,0,A2,PM10,PM10,Пил 10 мкм,ug/m3,мкг/м³,3.9842,1.0000000000,2024-06-26 14:19:08,0,0
1921,Ладижин,48.6925368,29.2325729,2024-06-26 14:19:08,0,A3,PM2.5,PM2.5,Пил 2.5 мкм,ug/m3,мкг/м³,1.9895,1.0000000000,2024-06-26 14:19:08,0,0
1921,Ладижин,48.6925368,29.2325729,2024-06-26 14:19:08,0,B1,NO₂,NO₂,Діоксид азоту,ppm,мкг/м³,0.0462,1912.5000000000,2024-06-26 14:19:08,0,0
1921,Ладижин,48.6925368,29.2325729,2024-06-26 14:19:08,0,B2,CO,CO,Монооксид вуглецю,ppm,мкг/м³,1.1770,1164.2000000000,2024-06-26 14:19:08,0,0
1921,Ладижин,48.6925368,29.2325729,2024-06-26 14:19:08,0,C2,NH₃,NH₃,Аміак,ppm,мкг/м³,0.0004,696.5200000000,2024-06-26 14:19:08,0,0
1921,Ладижин,48.6925368,29.2325729,2024-06-26 14:19:08,0,D1,RAD,RAD,Радіаційний фон,uR/h,мкР/год,11.7711,1.0000000000,2024-06-26 14:19:08,0,0
1921,Ладижин,48.6925368,29.2325729,2024-06-26 14:19:08,0,E1,Temperature,Temperature,Температура,°C,°C,33.2111,1.0000000000,2024-06-26 14:19:08,0,0
1921,Ладижин,48.6925368,29.2325729,2024-06-26 14:19:08,0,E1,Temperature,Temperature,Температура,°C,°C,33.3579,1.0000000000,2024-06-26 14:19:08,0,0
1921,Ладижин,48.6925368,29.2325729,2024-06-26 14:19:08,0,E2,Humidity,Humidity,Вологість,%,%,42.0021,1.0000000000,2024-06-26 14:19:08,0,0
1921,Ладижин,48.6925368,29.2325729,2024-06-26 14:19:08,0,E3,Pressure,Pressure,Атмосферний тиск,Pa,мм.рт.ст.,99748.9274,0.0075006168,2024-06-26 14:19:08,0,0
271,vinnytsia-271,49.236887137498584,28.513305486721826,2024-06-26T11:14:00Z,0,A4,PM1.0,PM1.0,Пил 1.0 мкм,ug/m3,мкг/м³,3.7195,null,2024-06-26T11:14:00Z,0,0
271,vinnytsia-271,49.236887137498584,28.513305486721826,2024-06-26T11:14:00Z,0,A3,PM2.5,PM2.5,Пил 2.5 мкм,ug/m3,мкг/м³,6.464,null,2024-06-26T11:14:00Z,0,0
271,vinnytsia-271,49.236887137498584,28.513305486721826,2024-06-26T11:14:00Z,0,A2,PM100,PM100,Пил 10 мкм,ug/m3,мкг/м³,16.88225,null,2024-06-26T11:14:00Z,0,0
271,vinnytsia-271,49.236887137498584,28.513305486721826,2024-06-26T11:14:00Z,0,E1,Temperature,Temperature,Температура,°C,°C,26.90375,null,2024-06-26T11:14:00Z,0,0
271,vinnytsia-271,49.236887137498584,28.513305486721826,2024-06-26T11:14:00Z,0,E2,Humidity,Humidity,Вологість,%,%,40.619,null,2024-06-26T11:14:00Z,0,0
271,vinnytsia-271,49.236887137498584,28.513305486721826,2024-06-26T11:14:00Z,0,E3,Pressure,Pressure,Атмосферний тиск,Pa,Паскаль,98890.18,null,2024-06-26T11:14:00Z,0,0
281,vinnytsia-281,49.24192686787152,28.462020923798242,2024-06-26T11:14:00Z,0,A4,PM1.0,PM1.0,Пил 1.0 мкм,ug/m3,мкг/м³,3.5694999999999997,null,2024-06-26T11:14:00Z,0,0
281,vinnytsia-281,49.24192686787152,28.462020923798242,2024-06-26T11:14:00Z,0,A3,PM2.5,PM2.5,Пил 2.5 мкм,ug/m3,мкг/м³,5.89375,null,2024-06-26T11:14:00Z,0,0
281,vinnytsia-281,49.24192686787152,28.462020923798242,2024-06-26T11:14:00Z,0,A2,PM100,PM100,Пил 10 мкм,ug/m3,мкг/м³,18.949749999999998,null,2024-06-26T11:14:00Z,0,0
281,vinnytsia-281,49.24192686787152,28.462020923798242,2024-06-26T11:14:00Z,0,E1,Temperature,Temperature,Температура,°C,°C,39.03225,null,2024-06-26T11:14:00Z,0,0
281,vinnytsia-281,49.24192686787152,28.462020923798242,2024-06-26T11:14:00Z,0,E2,Humidity,Humidity,Вологість,%,%,24.12775,null,2024-06-26T11:14:00Z,0,0
281,vinnytsia-281,49.24192686787152,28.462020923798242,2024-06-26T11:14:00Z,0,E3,Pressure,Pressure,Атмосферний тиск,Pa,Паскаль,98904.91325000001,null,2024-06-26T11:14:00Z,0,0
315,vinnytsia-315,49.2436875857327,28.496432230155264,2024-06-26T11:14:00Z,0,A4,PM1.0,PM1.0,Пил 1.0 мкм,ug/m3,мкг/м³,5.692499999999999,null,2024-06-26T11:14:00Z,0,0
315,vinnytsia-315,49.2436875857327,28.496432230155264,2024-06-26T11:14:00Z,0,A3,PM2.5,PM2.5,Пил 2.5 мкм,ug/m3,мкг/м³,8.80875,null,2024-06-26T11:14:00Z,0,0
315,vinnytsia-315,49.2436875857327,28.496432230155264,2024-06-26T11:14:00Z,0,A2,PM100,PM100,Пил 10 мкм,ug/m3,мкг/м³,23.892,null,2024-06-26T11:14:00Z,0,0
315,vinnytsia-315,49.2436875857327,28.496432230155264,2024-06-26T11:14:00Z,0,E1,Temperature,Temperature,Температура,°C,°C,39.5155,null,2024-06-26T11:14:00Z,0,0
315,vinnytsia-315,49.2436875857327,28.496432230155264,2024-06-26T11:14:00Z,0,E2,Humidity,Humidity,Вологість,%,%,25.17425,null,2024-06-26T11:14:00Z,0,0
315,vinnytsia-315,49.2436875857327,28.496432230155264,2024-06-26T11:14:00Z,0,E3,Pressure,Pressure,Атмосферний тиск,Pa,Паскаль,null,null,2024-06-26T11:14:00Z,0,0
90,vinnytsia-90,49.21773364876253,28.44979464092501,2024-06-26T11:14:00Z,0,A4,PM1.0,PM1.0,Пил 1.0 мкм,ug/m3,мкг/м³,6.5,null,2024-06-26T11:14:00Z,0,0
90,vinnytsia-90,49.21773364876253,28.44979464092501,2024-06-26T11:14:00Z,0,A3,PM2.5,PM2.5,Пил 2.5 мкм,ug/m3,мкг/м³,10.495000000000001,null,2024-06-26T11:14:00Z,0,0
90,vinnytsia-90,49.21773364876253,28.44979464092501,2024-06-26T11:14:00Z,0,A2,PM100,PM100,Пил 10 мкм,ug/m3,мкг/м³,26.8965,null,2024-06-26T11:14:00Z,0,0
90,vinnytsia-90,49.21773364876253,28.44979464092501,2024-06-26T11:14:00Z,0,E1,Temperature,Temperature,Температура,°C,°C,39.798249999999996,null,2024-06-26T11:14:00Z,0,0
90,vinnytsia-90,49.21773364876253,28.44979464092501,2024-06-26T11:14:00Z,0,E2,Humidity,Humidity,Вологість,%,%,27.994,null,2024-06-26T11:14:00Z,0,0
90,vinnytsia-90,49.21773364876253,28.44979464092501,2024-06-26T11:14:00Z,0,E3,Pressure,Pressure,Атмосферний тиск,Pa,Паскаль,98698.88125,null,2024-06-26T11:14:00Z,0,0
767,Соборна 36,49.232859,28.470453,2024-06-26 14:39:10,0,A2,PM10,PM10,Пил 10 мкм,ug/m3,мкг/м³,1.6900,1.0000000000,2024-06-26 14:39:10,0,0
767,Соборна 36,49.232859,28.470453,2024-06-26 14:39:10,0,A3,PM2.5,PM2.5,Пил 2.5 мкм,ug/m3,мкг/м³,0.3079,1.0000000000,2024-06-26 14:39:10,0,0
774,Станція замостя,49.245473,28.493727,2024-06-26 14:39:07,0,A2,PM10,PM10,Пил 10 мкм,ug/m3,мкг/м³,4.5595,1.0000000000,2024-06-26 14:39:07,0,0
774,Станція замостя,49.245473,28.493727,2024-06-26 14:39:07,0,A3,PM2.5,PM2.5,Пил 2.5 мкм,ug/m3,мкг/м³,2.6284,1.0000000000,2024-06-26 14:39:07,0,0
774,Станція замостя,49.245473,28.493727,2024-06-26 14:39:07,0,E1,Temperature,Temperature,Температура,°C,°C,27.9537,1.0000000000,2024-06-26 14:39:07,0,0
774,Станція замостя,49.245473,28.493727,2024-06-26 14:39:07,0,E2,Humidity,Humidity,Вологість,%,%,33.9153,1.0000000000,2024-06-26 14:39:07,0,0
774,Станція замостя,49.245473,28.493727,2024-06-26 14:39:07,0,E3,Pressure,Pressure,Атмосферний тиск,Pa,мм.рт.ст.,98782.2863,0.0075006168,2024-06-26 14:39:07,0,0
790,станція Вишенька,49.2270093,28.4189984,2024-06-26 14:39:10,0,A2,PM10,PM10,Пил 10 мкм,ug/m3,мкг/м³,6.0156,1.0000000000,2024-06-26 14:39:10,0,0
790,станція Вишенька,49.2270093,28.4189984,2024-06-26 14:39:10,0,A3,PM2.5,PM2.5,Пил 2.5 мкм,ug/m3,мкг/м³,2.8019,1.0000000000,2024-06-26 14:39:10,0,0
790,станція Вишенька,49.2270093,28.4189984,2024-06-26 14:39:10,0,E1,Temperature,Temperature,Температура,°C,°C,28.7056,1.0000000000,2024-06-26 14:39:10,0,0
790,станція Вишенька,49.2270093,28.4189984,2024-06-26 14:39:10,0,E2,Humidity,Humidity,Вологість,%,%,32.4306,1.0000000000,2024-06-26 14:39:10,0,0
790,станція Вишенька,49.2270093,28.4189984,2024-06-26 14:39:10,0,E3,Pressure,Pressure,Атмосферний тиск,Pa,мм.рт.ст.,98775.4919,0.0075006168,2024-06-26 14:39:10,0,0
1315,Vinnytsia National Technical University,49.23327,28.409161,2024-06-26 14:39:52,0,A2,PM10,PM10,Пил 10 мкм,ug/m3,мкг/м³,20.7180,1.0000000000,2024-06-26 14:39:52,0,0
1315,Vinnytsia National Technical University,49.23327,28.409161,2024-06-26 14:39:52,0,A3,PM2.5,PM2.5,Пил 2.5 мкм,ug/m3,мкг/м³,18.5860,1.0000000000,2024-06-26 14:39:52,0,0
1315,Vinnytsia National Technical University,49.23327,28.409161,2024-06-26 14:39:52,0,A4,PM1.0,PM1.0,Пил 1.0 мкм,ug/m3,мкг/м³,15.5815,1.0000000000,2024-06-26 14:39:52,0,0
1315,Vinnytsia National Technical University,49.23327,28.409161,2024-06-26 14:39:52,0,B2,CO,CO,Монооксид вуглецю,ppm,мкг/м³,0.5000,1164.2000000000,2024-06-26 14:39:52,0,0
1315,Vinnytsia National Technical University,49.23327,28.409161,2024-06-26 14:39:52,0,B3,O₃,O₃,O₃,ppm,мкг/м³,0.0395,1995.7000000000,2024-06-26 14:39:52,0,0
1315,Vinnytsia National Technical University,49.23327,28.409161,2024-06-26 14:39:52,0,C1,VOC (H₂CO),VOC (H₂CO),ЛОС (Формальдегід),mg/m3,мкг/м³,0.0111,1000.0000000000,2024-06-26 14:39:52,0,0
1315,Vinnytsia National Technical University,49.23327,28.409161,2024-06-26 14:39:52,0,E1,Temperature,Temperature,Температура,°C,°C,27.3890,1.0000000000,2024-06-26 14:39:52,0,0
1315,Vinnytsia National Technical University,49.23327,28.409161,2024-06-26 14:39:52,0,E1,Temperature,Temperature,Температура,°C,°C,26.5025,1.0000000000,2024-06-26 14:39:52,0,0
1315,Vinnytsia National Technical University,49.23327,28.409161,2024-06-26 14:39:52,0,E1,Temperature,Temperature,Температура,°C,°C,19.8550,1.0000000000,2024-06-26 14:39:52,0,0
1315,Vinnytsia National Technical University,49.23327,28.409161,2024-06-26 14:39:52,0,E2,Humidity,Humidity,Вологість,%,%,41.2170,1.0000000000,2024-06-26 14:39:52,0,0
1315,Vinnytsia National Technical University,49.23327,28.409161,2024-06-26 14:39:52,0,E2,Humidity,Humidity,Вологість,%,%,54.0045,1.0000000000,2024-06-26 14:39:52,0,0
1315,Vinnytsia National Technical University,49.23327,28.409161,2024-06-26 14:39:52,0,E3,Pressure,Pressure,Атмосферний тиск,Pa,мм.рт.ст.,98776.7980,0.0075006168,2024-06-26 14:39:52,0,0
1811,EcoCity станція моніторингу Хмільник,49.558012,27.956897,2024-06-26 14:39:41,0,A2,PM10,PM10,Пил 10 мкм,ug/m3,мкг/м³,5.7150,1.0000000000,2024-06-26 14:39:41,0,0
1811,EcoCity станція моніторингу Хмільник,49.558012,27.956897,2024-06-26 14:39:41,0,A3,PM2.5,PM2.5,Пил 2.5 мкм,ug/m3,мкг/м³,1.9850,1.0000000000,2024-06-26 14:39:41,0,0
1811,EcoCity станція моніторингу Хмільник,49.558012,27.956897,2024-06-26 14:39:41,0,D1,RAD,RAD,Радіаційний фон,uR/h,мкР/год,12.8595,1.0000000000,2024-06-26 14:39:41,0,0
1811,EcoCity станція моніторингу Хмільник,49.558012,27.956897,2024-06-26 14:39:41,0,E1,Temperature,Temperature,Температура,°C,°C,38.4000,1.0000000000,2024-06-26 14:39:41,0,0
1811,EcoCity станція моніторингу Хмільник,49.558012,27.956897,2024-06-26 14:39:41,0,E1,Temperature,Temperature,Температура,°C,°C,37.9195,1.0000000000,2024-06-26 14:39:41,0,0
1811,EcoCity станція моніторингу Хмільник,49.558012,27.956897,2024-06-26 14:39:41,0,E2,Humidity,Humidity,Вологість,%,%,22.8065,1.0000000000,2024-06-26 14:39:41,0,0
1811,EcoCity станція моніторингу Хмільник,49.558012,27.956897,2024-06-26 14:39:41,0,E3,Pressure,Pressure,Атмосферний тиск,Pa,мм.рт.ст.,99070.4330,0.0075006168,2024-06-26 14:39:41,0,0
1813,Якушинці,49.2571196,28.3671704,2024-06-26 14:39:52,0,A2,PM10,PM10,Пил 10 мкм,ug/m3,мкг/м³,5.2778,1.0000000000,2024-06-26 14:39:52,0,0
1813,Якушинці,49.2571196,28.3671704,2024-06-26 14:39:52,0,A3,PM2.5,PM2.5,Пил 2.5 мкм,ug/m3,мкг/м³,2.2167,1.0000000000,2024-06-26 14:39:52,0,0
1813,Якушинці,49.2571196,28.3671704,2024-06-26 14:39:52,0,D1,RAD,RAD,Радіаційний фон,uR/h,мкР/год,11.1917,1.0000000000,2024-06-26 14:39:52,0,0
1813,Якушинці,49.2571196,28.3671704,2024-06-26 14:39:52,0,E1,Temperature,Temperature,Температура,°C,°C,26.8928,1.0000000000,2024-06-26 14:39:52,0,0
1813,Якушинці,49.2571196,28.3671704,2024-06-26 14:39:52,0,E1,Temperature,Temperature,Температура,°C,°C,25.9100,1.0000000000,2024-06-26 14:39:52,0,0
1813,Якушинці,49.2571196,28.3671704,2024-06-26 14:39:52,0,E2,Humidity,Humidity,Вологість,%,%,39.6167,1.0000000000,2024-06-26 14:39:52,0,0
1813,Якушинці,49.2571196,28.3671704,2024-06-26 14:39:52,0,E3,Pressure,Pressure,Атмосферний тиск,Pa,мм.рт.ст.,98612.6706,0.0075006168,2024-06-26 14:39:52,0,0
1825,Центральна площа,49.105637,29.206617,2024-06-26 14:39:37,0,A2,PM10,PM10,Пил 10 мкм,ug/m3,мкг/м³,5.1550,1.0000000000,2024-06-26 14:39:37,0,0
1825,Центральна площа,49.105637,29.206617,2024-06-26 14:39:37,0,A3,PM2.5,PM2.5,Пил 2.5 мкм,ug/m3,мкг/м³,1.9150,1.0000000000,2024-06-26 14:39:37,0,0
1825,Центральна площа,49.105637,29.206617,2024-06-26 14:39:37,0,D1,RAD,RAD,Радіаційний фон,uR/h,мкР/год,14.5545,1.0000000000,2024-06-26 14:39:37,0,0
1825,Центральна площа,49.105637,29.206617,2024-06-26 14:39:37,0,E1,Temperature,Temperature,Температура,°C,°C,29.2015,1.0000000000,2024-06-26 14:39:37,0,0
1825,Центральна площа,49.105637,29.206617,2024-06-26 14:39:37,0,E1,Temperature,Temperature,Температура,°C,°C,28.2550,1.0000000000,2024-06-26 14:39:37,0,0
1825,Центральна площа,49.105637,29.206617,2024-06-26 14:39:37,0,E2,Humidity,Humidity,Вологість,%,%,36.0555,1.0000000000,2024-06-26 14:39:37,0,0
1825,Центральна площа,49.105637,29.206617,2024-06-26 14:39:37,0,E3,Pressure,Pressure,Атмосферний тиск,Pa,мм.рт.ст.,99412.7240,0.0075006168,2024-06-26 14:39:37,0,0
1830,Центр Безпеки громадян Війтівецької сільської ради,49.6288314,27.89884,2024-06-26 14:39:09,0,A2,PM10,PM10,Пил 10 мкм,ug/m3,мкг/м³,3.0200,1.0000000000,2024-06-26 14:39:09,0,0
1830,Центр Безпеки громадян Війтівецької сільської ради,49.6288314,27.89884,2024-06-26 14:39:09,0,A3,PM2.5,PM2.5,Пил 2.5 мкм,ug/m3,мкг/м³,1.6467,1.0000000000,2024-06-26 14:39:09,0,0
1830,Центр Безпеки громадян Війтівецької сільської ради,49.6288314,27.89884,2024-06-26 14:39:09,0,D1,RAD,RAD,Радіаційний фон,uR/h,мкР/год,11.0313,1.0000000000,2024-06-26 14:39:09,0,0
1830,Центр Безпеки громадян Війтівецької сільської ради,49.6288314,27.89884,2024-06-26 14:39:09,0,E1,Temperature,Temperature,Температура,°C,°C,27.4840,1.0000000000,2024-06-26 14:39:09,0,0
1830,Центр Безпеки громадян Війтівецької сільської ради,49.6288314,27.89884,2024-06-26 14:39:09,0,E1,Temperature,Temperature,Температура,°C,°C,26.9280,1.0000000000,2024-06-26 14:39:09,0,0
1830,Центр Безпеки громадян Війтівецької сільської ради,49.6288314,27.89884,2024-06-26 14:39:09,0,E2,Humidity,Humidity,Вологість,%,%,43.0920,1.0000000000,2024-06-26 14:39:09,0,0
1830,Центр Безпеки громадян Війтівецької сільської ради,49.6288314,27.89884,2024-06-26 14:39:09,0,E3,Pressure,Pressure,Атмосферний тиск,Pa,мм.рт.ст.,98846.5533,0.0075006168,2024-06-26 14:39:09,0,0
1866,Северинівка,48.516638,29.184421,2024-06-26 14:39:58,0,A2,PM10,PM10,Пил 10 мкм,ug/m3,мкг/м³,3.4850,1.0000000000,2024-06-26 14:39:58,0,0
1866,Северинівка,48.516638,29.184421,2024-06-26 14:39:58,0,A3,PM2.5,PM2.5,Пил 2.5 мкм,ug/m3,мкг/м³,1.3900,1.0000000000,2024-06-26 14:39:58,0,0
1866,Северинівка,48.516638,29.184421,2024-06-26 14:39:58,0,D1,RAD,RAD,Радіаційний фон,uR/h,мкР/год,12.3945,1.0000000000,2024-06-26 14:39:58,0,0
1866,Северинівка,48.516638,29.184421,2024-06-26 14:39:58,0,E1,Temperature,Temperature,Температура,°C,°C,28.4380,1.0000000000,2024-06-26 14:39:58,0,0
1866,Северинівка,48.516638,29.184421,2024-06-26 14:39:58,0,E1,Temperature,Temperature,Температура,°C,°C,27.3480,1.0000000000,2024-06-26 14:39:58,0,0
1866,Северинівка,48.516638,29.184421,2024-06-26 14:39:58,0,E2,Humidity,Humidity,Вологість,%,%,36.9385,1.0000000000,2024-06-26 14:39:58,0,0
1866,Северинівка,48.516638,29.184421,2024-06-26 14:39:58,0,E3,Pressure,Pressure,Атмосферний тиск,Pa,мм.рт.ст.,99658.7575,0.0075006168,2024-06-26 14:39:58,0,0
1919,Поділля-Коріатовичів,49.2195278,28.45438,2024-06-26 14:39:25,0,A2,PM10,PM10,Пил 10 мкм,ug/m3,мкг/м³,5.0842,1.0000000000,2024-06-26 14:39:25,0,0
1919,Поділля-Коріатовичів,49.2195278,28.45438,2024-06-26 14:39:25,0,A3,PM2.5,PM2.5,Пил 2.5 мкм,ug/m3,мкг/м³,2.4105,1.0000000000,2024-06-26 14:39:25,0,0
1919,Поділля-Коріатовичів,49.2195278,28.45438,2024-06-26 14:39:25,0,D1,RAD,RAD,Радіаційний фон,uR/h,мкР/год,13.4979,1.0000000000,2024-06-26 14:39:25,0,0
1919,Поділля-Коріатовичів,49.2195278,28.45438,2024-06-26 14:39:25,0,E1,Temperature,Temperature,Температура,°C,°C,28.1295,1.0000000000,2024-06-26 14:39:25,0,0
1919,Поділля-Коріатовичів,49.2195278,28.45438,2024-06-26 14:39:25,0,E1,Temperature,Temperature,Температура,°C,°C,27.7937,1.0000000000,2024-06-26 14:39:25,0,0
1919,Поділля-Коріатовичів,49.2195278,28.45438,2024-06-26 14:39:25,0,E2,Humidity,Humidity,Вологість,%,%,42.0116,1.0000000000,2024-06-26 14:39:25,0,0
1919,Поділля-Коріатовичів,49.2195278,28.45438,2024-06-26 14:39:25,0,E3,Pressure,Pressure,Атмосферний тиск,Pa,мм.рт.ст.,98871.5100,0.0075006168,2024-06-26 14:39:25,0,0
1921,Ладижин,48.6925368,29.2325729,2024-06-26 14:39:07,0,A2,PM10,PM10,Пил 10 мкм,ug/m3,мкг/м³,3.7211,1.0000000000,2024-06-26 14:39:07,0,0
1921,Ладижин,48.6925368,29.2325729,2024-06-26 14:39:07,0,A3,PM2.5,PM2.5,Пил 2.5 мкм,ug/m3,мкг/м³,2.0105,1.0000000000,2024-06-26 14:39:07,0,0
1921,Ладижин,48.6925368,29.2325729,2024-06-26 14:39:07,0,B1,NO₂,NO₂,Діоксид азоту,ppm,мкг/м³,0.0461,1912.5000000000,2024-06-26 14:39:07,0,0
1921,Ладижин,48.6925368,29.2325729,2024-06-26 14:39:07,0,B2,CO,CO,Монооксид вуглецю,ppm,мкг/м³,1.1823,1164.2000000000,2024-06-26 14:39:07,0,0
1921,Ладижин,48.6925368,29.2325729,2024-06-26 14:39:07,0,C2,NH₃,NH₃,Аміак,ppm,мкг/м³,0.0004,696.5200000000,2024-06-26 14:39:07,0,0
1921,Ладижин,48.6925368,29.2325729,2024-06-26 14:39:07,0,D1,RAD,RAD,Радіаційний фон,uR/h,мкР/год,12.2779,1.0000000000,2024-06-26 14:39:07,0,0
1921,Ладижин,48.6925368,29.2325729,2024-06-26 14:39:07,0,E1,Temperature,Temperature,Температура,°C,°C,32.5695,1.0000000000,2024-06-26 14:39:07,0,0
1921,Ладижин,48.6925368,29.2325729,2024-06-26 14:39:07,0,E1,Temperature,Temperature,Температура,°C,°C,32.7189,1.0000000000,2024-06-26 14:39:07,0,0
1921,Ладижин,48.6925368,29.2325729,2024-06-26 14:39:07,0,E2,Humidity,Humidity,Вологість,%,%,42.5511,1.0000000000,2024-06-26 14:39:07,0,0
1921,Ладижин,48.6925368,29.2325729,2024-06-26 14:39:07,0,E3,Pressure,Pressure,Атмосферний тиск,Pa,мм.рт.ст.,99736.0432,0.0075006168,2024-06-26 14:39:07,0,0
271,vinnytsia-271,49.236887137498584,28.513305486721826,2024-06-26T11:34:00Z,0,A4,PM1.0,PM1.0,Пил 1.0 мкм,ug/m3,мкг/м³,3.47025,null,2024-06-26T11:34:00Z,0,0
271,vinnytsia-271,49.236887137498584,28.513305486721826,2024-06-26T11:34:00Z,0,A3,PM2.5,PM2.5,Пил 2.5 мкм,ug/m3,мкг/м³,6.03875,null,2024-06-26T11:34:00Z,0,0
271,vinnytsia-271,49.236887137498584,28.513305486721826,2024-06-26T11:34:00Z,0,A2,PM100,PM100,Пил 10 мкм,ug/m3,мкг/м³,15.97975,null,2024-06-26T11:34:00Z,0,0
271,vinnytsia-271,49.236887137498584,28.513305486721826,2024-06-26T11:34:00Z,0,E1,Temperature,Temperature,Температура,°C,°C,26.923000000000002,null,2024-06-26T11:34:00Z,0,0
271,vinnytsia-271,49.236887137498584,28.513305486721826,2024-06-26T11:34:00Z,0,E2,Humidity,Humidity,Вологість,%,%,41.3835,null,2024-06-26T11:34:00Z,0,0
271,vinnytsia-271,49.236887137498584,28.513305486721826,2024-06-26T11:34:00Z,0,E3,Pressure,Pressure,Атмосферний тиск,Pa,Паскаль,98869.041,null,2024-06-26T11:34:00Z,0,0
281,vinnytsia-281,49.24192686787152,28.462020923798242,2024-06-26T11:34:00Z,0,A4,PM1.0,PM1.0,Пил 1.0 мкм,ug/m3,мкг/м³,3.3592500000000003,null,2024-06-26T11:34:00Z,0,0
281,vinnytsia-281,49.24192686787152,28.462020923798242,2024-06-26T11:34:00Z,0,A3,PM2.5,PM2.5,Пил 2.5 мкм,ug/m3,мкг/м³,5.252,null,2024-06-26T11:34:00Z,0,0
281,vinnytsia-281,49.24192686787152,28.462020923798242,2024-06-26T11:34:00Z,0,A2,PM100,PM100,Пил 10 мкм,ug/m3,мкг/м³,15.606000000000002,null,2024-06-26T11:34:00Z,0,0
281,vinnytsia-281,49.24192686787152,28.462020923798242,2024-06-26T11:34:00Z,0,E1,Temperature,Temperature,Температура,°C,°C,32.65,null,2024-06-26T11:34:00Z,0,0
281,vinnytsia-281,49.24192686787152,28.462020923798242,2024-06-26T11:34:00Z,0,E2,Humidity,Humidity,Вологість,%,%,32.795,null,2024-06-26T11:34:00Z,0,0
281,vinnytsia-281,49.24192686787152,28.462020923798242,2024-06-26T11:34:00Z,0,E3,Pressure,Pressure,Атмосферний тиск,Pa,Паскаль,98884.54275000001,null,2024-06-26T11:34:00Z,0,0
315,vinnytsia-315,49.2436875857327,28.496432230155264,2024-06-26T11:34:00Z,0,A4,PM1.0,PM1.0,Пил 1.0 мкм,ug/m3,мкг/м³,5.64725,null,2024-06-26T11:34:00Z,0,0
315,vinnytsia-315,49.2436875857327,28.496432230155264,2024-06-26T11:34:00Z,0,A3,PM2.5,PM2.5,Пил 2.5 мкм,ug/m3,мкг/м³,8.7,null,2024-06-26T11:34:00Z,0,0
315,vinnytsia-315,49.2436875857327,28.496432230155264,2024-06-26T11:34:00Z,0,A2,PM100,PM100,Пил 10 мкм,ug/m3,мкг/м³,23.3765,null,2024-06-26T11:34:00Z,0,0
315,vinnytsia-315,49.2436875857327,28.496432230155264,2024-06-26T11:34:00Z,0,E1,Temperature,Temperature,Температура,°C,°C,38.620000000000005,null,2024-06-26T11:34:00Z,0,0
315,vinnytsia-315,49.2436875857327,28.496432230155264,2024-06-26T11:34:00Z,0,E2,Humidity,Humidity,Вологість,%,%,26.88875,null,2024-06-26T11:34:00Z,0,0
315,vinnytsia-315,49.2436875857327,28.496432230155264,2024-06-26T11:34:00Z,0,E3,Pressure,Pressure,Атмосферний тиск,Pa,Паскаль,null,null,2024-06-26T11:34:00Z,0,0
90,vinnytsia-90,49.21773364876253,28.44979464092501,2024-06-26T11:34:00Z,0,A4,PM1.0,PM1.0,Пил 1.0 мкм,ug/m3,мкг/м³,6.5995,null,2024-06-26T11:34:00Z,0,0
90,vinnytsia-90,49.21773364876253,28.44979464092501,2024-06-26T11:34:00Z,0,A3,PM2.5,PM2.5,Пил 2.5 мкм,ug/m3,мкг/м³,10.14375,null,2024-06-26T11:34:00Z,0,0
90,vinnytsia-90,49.21773364876253,28.44979464092501,2024-06-26T11:34:00Z,0,A2,PM100,PM100,Пил 10 мкм,ug/m3,мкг/м³,22.329250000000002,null,2024-06-26T11:34:00Z,0,0
90,vinnytsia-90,49.21773364876253,28.44979464092501,2024-06-26T11:34:00Z,0,E1,Temperature,Temperature,Температура,°C,°C,35.23125,null,2024-06-26T11:34:00Z,0,0
90,vinnytsia-90,49.21773364876253,28.44979464092501,2024-06-26T11:34:00Z,0,E2,Humidity,Humidity,Вологість,%,%,31.27525,null,2024-06-26T11:34:00Z,0,0
90,vinnytsia-90,49.21773364876253,28.44979464092501,2024-06-26T11:34:00Z,0,E3,Pressure,Pressure,Атмосферний тиск,Pa,Паскаль,98649.04275,null,2024-06-26T11:34:00Z,0,0
767,Соборна 36,49.232859,28.470453,2024-06-26 14:59:08,0,A2,PM10,PM10,Пил 10 мкм,ug/m3,мкг/м³,1.3553,1.0000000000,2024-06-26 14:59:08,0,0
767,Соборна 36,49.232859,28.470453,2024-06-26 14:59:08,0,A3,PM2.5,PM2.5,Пил 2.5 мкм,ug/m3,мкг/м³,0.3371,1.0000000000,2024-06-26 14:59:08,0,0
774,Станція замостя,49.245473,28.493727,2024-06-26 14:59:47,0,A2,PM10,PM10,Пил 10 мкм,ug/m3,мкг/м³,4.9435,1.0000000000,2024-06-26 14:59:47,0,0
774,Станція замостя,49.245473,28.493727,2024-06-26 14:59:47,0,A3,PM2.5,PM2.5,Пил 2.5 мкм,ug/m3,мкг/м³,2.6515,1.0000000000,2024-06-26 14:59:47,0,0
774,Станція замостя,49.245473,28.493727,2024-06-26 14:59:47,0,E1,Temperature,Temperature,Температура,°C,°C,28.0875,1.0000000000,2024-06-26 14:59:47,0,0
774,Станція замостя,49.245473,28.493727,2024-06-26 14:59:47,0,E2,Humidity,Humidity,Вологість,%,%,33.7885,1.0000000000,2024-06-26 14:59:47,0,0
774,Станція замостя,49.245473,28.493727,2024-06-26 14:59:47,0,E3,Pressure,Pressure,Атмосферний тиск,Pa,мм.рт.ст.,98770.2245,0.0075006168,2024-06-26 14:59:47,0,0
790,станція Вишенька,49.2270093,28.4189984,2024-06-26 14:59:38,0,A2,PM10,PM10,Пил 10 мкм,ug/m3,мкг/м³,5.0462,1.0000000000,2024-06-26 14:59:38,0,0
790,станція Вишенька,49.2270093,28.4189984,2024-06-26 14:59:38,0,A3,PM2.5,PM2.5,Пил 2.5 мкм,ug/m3,мкг/м³,2.0737,1.0000000000,2024-06-26 14:59:38,0,0
790,станція Вишенька,49.2270093,28.4189984,2024-06-26 14:59:38,0,E1,Temperature,Temperature,Температура,°C,°C,28.6256,1.0000000000,2024-06-26 14:59:38,0,0
790,станція Вишенька,49.2270093,28.4189984,2024-06-26 14:59:38,0,E2,Humidity,Humidity,Вологість,%,%,32.4744,1.0000000000,2024-06-26 14:59:38,0,0
790,станція Вишенька,49.2270093,28.4189984,2024-06-26 14:59:38,0,E3,Pressure,Pressure,Атмосферний тиск,Pa,мм.рт.ст.,98760.8856,0.0075006168,2024-06-26 14:59:38,0,0
1315,Vinnytsia National Technical University,49.23327,28.409161,2024-06-26 14:59:09,0,A2,PM10,PM10,Пил 10 мкм,ug/m3,мкг/м³,21.5984,1.0000000000,2024-06-26 14:59:09,0,0
1315,Vinnytsia National Technical University,49.23327,28.409161,2024-06-26 14:59:09,0,A3,PM2.5,PM2.5,Пил 2.5 мкм,ug/m3,мкг/м³,19.2447,1.0000000000,2024-06-26 14:59:09,0,0
1315,Vinnytsia National Technical University,49.23327,28.409161,2024-06-26 14:59:09,0,A4,PM1.0,PM1.0,Пил 1.0 мкм,ug/m3,мкг/м³,15.9584,1.0000000000,2024-06-26 14:59:09,0,0
1315,Vinnytsia National Technical University,49.23327,28.409161,2024-06-26 14:59:09,0,B2,CO,CO,Монооксид вуглецю,ppm,мкг/м³,0.5000,1164.2000000000,2024-06-26 14:59:09,0,0
1315,Vinnytsia National Technical University,49.23327,28.409161,2024-06-26 14:59:09,0,B3,O₃,O₃,O₃,ppm,мкг/м³,0.0447,1995.7000000000,2024-06-26 14:59:09,0,0
1315,Vinnytsia National Technical University,49.23327,28.409161,2024-06-26 14:59:09,0,C1,VOC (H₂CO),VOC (H₂CO),ЛОС (Формальдегід),mg/m3,мкг/м³,0.0113,1000.0000000000,2024-06-26 14:59:09,0,0
1315,Vinnytsia National Technical University,49.23327,28.409161,2024-06-26 14:59:09,0,E1,Temperature,Temperature,Температура,°C,°C,27.3468,1.0000000000,2024-06-26 14:59:09,0,0
1315,Vinnytsia National Technical University,49.23327,28.409161,2024-06-26 14:59:09,0,E1,Temperature,Temperature,Температура,°C,°C,26.4526,1.0000000000,2024-06-26 14:59:09,0,0
1315,Vinnytsia National Technical University,49.23327,28.409161,2024-06-26 14:59:09,0,E1,Temperature,Temperature,Температура,°C,°C,19.7842,1.0000000000,2024-06-26 14:59:09,0,0
1315,Vinnytsia National Technical University,49.23327,28.409161,2024-06-26 14:59:09,0,E2,Humidity,Humidity,Вологість,%,%,40.8895,1.0000000000,2024-06-26 14:59:09,0,0
1315,Vinnytsia National Technical University,49.23327,28.409161,2024-06-26 14:59:09,0,E2,Humidity,Humidity,Вологість,%,%,53.7368,1.0000000000,2024-06-26 14:59:09,0,0
1315,Vinnytsia National Technical University,49.23327,28.409161,2024-06-26 14:59:09,0,E3,Pressure,Pressure,Атмосферний тиск,Pa,мм.рт.ст.,98762.9295,0.0075006168,2024-06-26 14:59:09,0,0
1811,EcoCity станція моніторингу Хмільник,49.558012,27.956897,2024-06-26 14:59:53,0,A2,PM10,PM10,Пил 10 мкм,ug/m3,мкг/м³,5.6750,1.0000000000,2024-06-26 14:59:53,0,0
1811,EcoCity станція моніторингу Хмільник,49.558012,27.956897,2024-06-26 14:59:53,0,A3,PM2.5,PM2.5,Пил 2.5 мкм,ug/m3,мкг/м³,1.9400,1.0000000000,2024-06-26 14:59:53,0,0
1811,EcoCity станція моніторингу Хмільник,49.558012,27.956897,2024-06-26 14:59:53,0,D1,RAD,RAD,Радіаційний фон,uR/h,мкР/год,13.9375,1.0000000000,2024-06-26 14:59:53,0,0
1811,EcoCity станція моніторингу Хмільник,49.558012,27.956897,2024-06-26 14:59:53,0,E1,Temperature,Temperature,Температура,°C,°C,38.4525,1.0000000000,2024-06-26 14:59:53,0,0
1811,EcoCity станція моніторингу Хмільник,49.558012,27.956897,2024-06-26 14:59:53,0,E1,Temperature,Temperature,Температура,°C,°C,38.0025,1.0000000000,2024-06-26 14:59:53,0,0
1811,EcoCity станція моніторингу Хмільник,49.558012,27.956897,2024-06-26 14:59:53,0,E2,Humidity,Humidity,Вологість,%,%,24.7220,1.0000000000,2024-06-26 14:59:53,0,0
1811,EcoCity станція моніторингу Хмільник,49.558012,27.956897,2024-06-26 14:59:53,0,E3,Pressure,Pressure,Атмосферний тиск,Pa,мм.рт.ст.,99056.1710,0.0075006168,2024-06-26 14:59:53,0,0
1813,Якушинці,49.2571196,28.3671704,2024-06-26 14:59:02,0,A2,PM10,PM10,Пил 10 мкм,ug/m3,мкг/м³,5.7579,1.0000000000,2024-06-26 14:59:02,0,0
1813,Якушинці,49.2571196,28.3671704,2024-06-26 14:59:02,0,A3,PM2.5,PM2.5,Пил 2.5 мкм,ug/m3,мкг/м³,2.4947,1.0000000000,2024-06-26 14:59:02,0,0
1813,Якушинці,49.2571196,28.3671704,2024-06-26 14:59:02,0,D1,RAD,RAD,Радіаційний фон,uR/h,мкР/год,12.2053,1.0000000000,2024-06-26 14:59:02,0,0
1813,Якушинці,49.2571196,28.3671704,2024-06-26 14:59:02,0,E1,Temperature,Temperature,Температура,°C,°C,26.9205,1.0000000000,2024-06-26 14:59:02,0,0
1813,Якушинці,49.2571196,28.3671704,2024-06-26 14:59:02,0,E1,Temperature,Temperature,Температура,°C,°C,25.9379,1.0000000000,2024-06-26 14:59:02,0,0
1813,Якушинці,49.2571196,28.3671704,2024-06-26 14:59:02,0,E2,Humidity,Humidity,Вологість,%,%,41.3858,1.0000000000,2024-06-26 14:59:02,0,0
1813,Якушинці,49.2571196,28.3671704,2024-06-26 14:59:02,0,E3,Pressure,Pressure,Атмосферний тиск,Pa,мм.рт.ст.,98594.3416,0.0075006168,2024-06-26 14:59:02,0,0
1825,Центральна площа,49.105637,29.206617,2024-06-26 14:59:49,0,A2,PM10,PM10,Пил 10 мкм,ug/m3,мкг/м³,5.2800,1.0000000000,2024-06-26 14:59:49,0,0
1825,Центральна площа,49.105637,29.206617,2024-06-26 14:59:49,0,A3,PM2.5,PM2.5,Пил 2.5 мкм,ug/m3,мкг/м³,1.9600,1.0000000000,2024-06-26 14:59:49,0,0
1825,Центральна площа,49.105637,29.206617,2024-06-26 14:59:49,0,D1,RAD,RAD,Радіаційний фон,uR/h,мкР/год,13.9870,1.0000000000,2024-06-26 14:59:49,0,0
1825,Центральна площа,49.105637,29.206617,2024-06-26 14:59:49,0,E1,Temperature,Temperature,Температура,°C,°C,28.5815,1.0000000000,2024-06-26 14:59:49,0,0
1825,Центральна площа,49.105637,29.206617,2024-06-26 14:59:49,0,E1,Temperature,Temperature,Температура,°C,°C,27.6230,1.0000000000,2024-06-26 14:59:49,0,0
1825,Центральна площа,49.105637,29.206617,2024-06-26 14:59:49,0,E2,Humidity,Humidity,Вологість,%,%,37.5240,1.0000000000,2024-06-26 14:59:49,0,0
1825,Центральна площа,49.105637,29.206617,2024-06-26 14:59:49,0,E3,Pressure,Pressure,Атмосферний тиск,Pa,мм.рт.ст.,99400.0495,0.0075006168,2024-06-26 14:59:49,0,0
1830,Центр Безпеки громадян Війтівецької сільської ради,49.6288314,27.89884,2024-06-26 14:58:52,0,A2,PM10,PM10,Пил 10 мкм,ug/m3,мкг/м³,2.3867,1.0000000000,2024-06-26 14:58:52,0,0
1830,Центр Безпеки громадян Війтівецької сільської ради,49.6288314,27.89884,2024-06-26 14:58:52,0,A3,PM2.5,PM2.5,Пил 2.5 мкм,ug/m3,мкг/м³,1.5467,1.0000000000,2024-06-26 14:58:52,0,0
1830,Центр Безпеки громадян Війтівецької сільської ради,49.6288314,27.89884,2024-06-26 14:58:52,0,D1,RAD,RAD,Радіаційний фон,uR/h,мкР/год,10.6240,1.0000000000,2024-06-26 14:58:52,0,0
1830,Центр Безпеки громадян Війтівецької сільської ради,49.6288314,27.89884,2024-06-26 14:58:52,0,E1,Temperature,Temperature,Температура,°C,°C,28.3013,1.0000000000,2024-06-26 14:58:52,0,0
1830,Центр Безпеки громадян Війтівецької сільської ради,49.6288314,27.89884,2024-06-26 14:58:52,0,E1,Temperature,Temperature,Температура,°C,°C,27.7353,1.0000000000,2024-06-26 14:58:52,0,0
1830,Центр Безпеки громадян Війтівецької сільської ради,49.6288314,27.89884,2024-06-26 14:58:52,0,E2,Humidity,Humidity,Вологість,%,%,42.0007,1.0000000000,2024-06-26 14:58:52,0,0
1830,Центр Безпеки громадян Війтівецької сільської ради,49.6288314,27.89884,2024-06-26 14:58:52,0,E3,Pressure,Pressure,Атмосферний тиск,Pa,мм.рт.ст.,98843.0687,0.0075006168,2024-06-26 14:58:52,0,0
1866,Северинівка,48.516638,29.184421,2024-06-26 14:59:08,0,A2,PM10,PM10,Пил 10 мкм,ug/m3,мкг/м³,3.8053,1.0000000000,2024-06-26 14:59:08,0,0
1866,Северинівка,48.516638,29.184421,2024-06-26 14:59:08,0,A3,PM2.5,PM2.5,Пил 2.5 мкм,ug/m3,мкг/м³,1.4000,1.0000000000,2024-06-26 14:59:08,0,0
1866,Северинівка,48.516638,29.184421,2024-06-26 14:59:08,0,D1,RAD,RAD,Радіаційний фон,uR/h,мкР/год,11.0811,1.0000000000,2024-06-26 14:59:08,0,0
1866,Северинівка,48.516638,29.184421,2024-06-26 14:59:08,0,E1,Temperature,Temperature,Температура,°C,°C,28.9937,1.0000000000,2024-06-26 14:59:08,0,0
1866,Северинівка,48.516638,29.184421,2024-06-26 14:59:08,0,E1,Temperature,Temperature,Температура,°C,°C,27.9100,1.0000000000,2024-06-26 14:59:08,0,0
1866,Северинівка,48.516638,29.184421,2024-06-26 14:59:08,0,E2,Humidity,Humidity,Вологість,%,%,37.8558,1.0000000000,2024-06-26 14:59:08,0,0
1866,Северинівка,48.516638,29.184421,2024-06-26 14:59:08,0,E3,Pressure,Pressure,Атмосферний тиск,Pa,мм.рт.ст.,99643.2642,0.0075006168,2024-06-26 14:59:08,0,0
1919,Поділля-Коріатовичів,49.2195278,28.45438,2024-06-26 14:59:05,0,A2,PM10,PM10,Пил 10 мкм,ug/m3,мкг/м³,5.0263,1.0000000000,2024-06-26 14:59:05,0,0
1919,Поділля-Коріатовичів,49.2195278,28.45438,2024-06-26 14:59:05,0,A3,PM2.5,PM2.5,Пил 2.5 мкм,ug/m3,мкг/м³,2.3158,1.0000000000,2024-06-26 14:59:05,0,0
1919,Поділля-Коріатовичів,49.2195278,28.45438,2024-06-26 14:59:05,0,D1,RAD,RAD,Радіаційний фон,uR/h,мкР/год,15.5021,1.0000000000,2024-06-26 14:59:05,0,0
1919,Поділля-Коріатовичів,49.2195278,28.45438,2024-06-26 14:59:05,0,E1,Temperature,Temperature,Температура,°C,°C,27.0763,1.0000000000,2024-06-26 14:59:05,0,0
1919,Поділля-Коріатовичів,49.2195278,28.45438,2024-06-26 14:59:05,0,E1,Temperature,Temperature,Температура,°C,°C,26.7495,1.0000000000,2024-06-26 14:59:05,0,0
1919,Поділля-Коріатовичів,49.2195278,28.45438,2024-06-26 14:59:05,0,E2,Humidity,Humidity,Вологість,%,%,43.4479,1.0000000000,2024-06-26 14:59:05,0,0
1919,Поділля-Коріатовичів,49.2195278,28.45438,2024-06-26 14:59:05,0,E3,Pressure,Pressure,Атмосферний тиск,Pa,мм.рт.ст.,98858.7858,0.0075006168,2024-06-26 14:59:05,0,0
1921,Ладижин,48.6925368,29.2325729,2024-06-26 14:59:04,0,A2,PM10,PM10,Пил 10 мкм,ug/m3,мкг/м³,3.9474,1.0000000000,2024-06-26 14:59:04,0,0
1921,Ладижин,48.6925368,29.2325729,2024-06-26 14:59:04,0,A3,PM2.5,PM2.5,Пил 2.5 мкм,ug/m3,мкг/м³,2.0474,1.0000000000,2024-06-26 14:59:04,0,0
1921,Ладижин,48.6925368,29.2325729,2024-06-26 14:59:04,0,B1,NO₂,NO₂,Діоксид азоту,ppm,мкг/м³,0.0465,1912.5000000000,2024-06-26 14:59:04,0,0
1921,Ладижин,48.6925368,29.2325729,2024-06-26 14:59:04,0,B2,CO,CO,Монооксид вуглецю,ppm,мкг/м³,1.2519,1164.2000000000,2024-06-26 14:59:04,0,0
1921,Ладижин,48.6925368,29.2325729,2024-06-26 14:59:04,0,C2,NH₃,NH₃,Аміак,ppm,мкг/м³,0.0004,696.5200000000,2024-06-26 14:59:04,0,0
1921,Ладижин,48.6925368,29.2325729,2024-06-26 14:59:04,0,D1,RAD,RAD,Радіаційний фон,uR/h,мкР/год,11.8474,1.0000000000,2024-06-26 14:59:04,0,0
1921,Ладижин,48.6925368,29.2325729,2024-06-26 14:59:04,0,E1,Temperature,Temperature,Температура,°C,°C,34.1126,1.0000000000,2024-06-26 14:59:04,0,0
1921,Ладижин,48.6925368,29.2325729,2024-06-26 14:59:04,0,E1,Temperature,Temperature,Температура,°C,°C,33.9905,1.0000000000,2024-06-26 14:59:04,0,0
1921,Ладижин,48.6925368,29.2325729,2024-06-26 14:59:04,0,E2,Humidity,Humidity,Вологість,%,%,40.9611,1.0000000000,2024-06-26 14:59:04,0,0
1921,Ладижин,48.6925368,29.2325729,2024-06-26 14:59:04,0,E3,Pressure,Pressure,Атмосферний тиск,Pa,мм.рт.ст.,99727.4505,0.0075006168,2024-06-26 14:59:04,0,0
271,vinnytsia-271,49.236887137498584,28.513305486721826,2024-06-26T11:54:00Z,0,A4,PM1.0,PM1.0,Пил 1.0 мкм,ug/m3,мкг/м³,5.8725000000000005,null,2024-06-26T11:54:00Z,0,0
271,vinnytsia-271,49.236887137498584,28.513305486721826,2024-06-26T11:54:00Z,0,A3,PM2.5,PM2.5,Пил 2.5 мкм,ug/m3,мкг/м³,9.0715,null,2024-06-26T11:54:00Z,0,0
271,vinnytsia-271,49.236887137498584,28.513305486721826,2024-06-26T11:54:00Z,0,A2,PM100,PM100,Пил 10 мкм,ug/m3,мкг/м³,20.595499999999998,null,2024-06-26T11:54:00Z,0,0
271,vinnytsia-271,49.236887137498584,28.513305486721826,2024-06-26T11:54:00Z,0,E1,Temperature,Temperature,Температура,°C,°C,27.34625,null,2024-06-26T11:54:00Z,0,0
271,vinnytsia-271,49.236887137498584,28.513305486721826,2024-06-26T11:54:00Z,0,E2,Humidity,Humidity,Вологість,%,%,40.454750000000004,null,2024-06-26T11:54:00Z,0,0
271,vinnytsia-271,49.236887137498584,28.513305486721826,2024-06-26T11:54:00Z,0,E3,Pressure,Pressure,Атмосферний тиск,Pa,Паскаль,98861.03000000001,null,2024-06-26T11:54:00Z,0,0
281,vinnytsia-281,49.24192686787152,28.462020923798242,2024-06-26T11:54:00Z,0,A4,PM1.0,PM1.0,Пил 1.0 мкм,ug/m3,мкг/м³,3.1717500000000003,null,2024-06-26T11:54:00Z,0,0
281,vinnytsia-281,49.24192686787152,28.462020923798242,2024-06-26T11:54:00Z,0,A3,PM2.5,PM2.5,Пил 2.5 мкм,ug/m3,мкг/м³,5.0675,null,2024-06-26T11:54:00Z,0,0
281,vinnytsia-281,49.24192686787152,28.462020923798242,2024-06-26T11:54:00Z,0,A2,PM100,PM100,Пил 10 мкм,ug/m3,мкг/м³,14.73275,null,2024-06-26T11:54:00Z,0,0
281,vinnytsia-281,49.24192686787152,28.462020923798242,2024-06-26T11:54:00Z,0,E1,Temperature,Temperature,Температура,°C,°C,30.3585,null,2024-06-26T11:54:00Z,0,0
281,vinnytsia-281,49.24192686787152,28.462020923798242,2024-06-26T11:54:00Z,0,E2,Humidity,Humidity,Вологість,%,%,34.4495,null,2024-06-26T11:54:00Z,0,0
281,vinnytsia-281,49.24192686787152,28.462020923798242,2024-06-26T11:54:00Z,0,E3,Pressure,Pressure,Атмосферний тиск,Pa,Паскаль,98868.68025,null,2024-06-26T11:54:00Z,0,0
315,vinnytsia-315,49.2436875857327,28.496432230155264,2024-06-26T11:54:00Z,0,A4,PM1.0,PM1.0,Пил 1.0 мкм,ug/m3,мкг/м³,5.628,null,2024-06-26T11:54:00Z,0,0
315,vinnytsia-315,49.2436875857327,28.496432230155264,2024-06-26T11:54:00Z,0,A3,PM2.5,PM2.5,Пил 2.5 мкм,ug/m3,мкг/м³,8.504000000000001,null,2024-06-26T11:54:00Z,0,0
315,vinnytsia-315,49.2436875857327,28.496432230155264,2024-06-26T11:54:00Z,0,A2,PM100,PM100,Пил 10 мкм,ug/m3,мкг/м³,22.9265,null,2024-06-26T11:54:00Z,0,0
315,vinnytsia-315,49.2436875857327,28.496432230155264,2024-06-26T11:54:00Z,0,E1,Temperature,Temperature,Температура,°C,°C,38.508250000000004,null,2024-06-26T11:54:00Z,0,0
315,vinnytsia-315,49.2436875857327,28.496432230155264,2024-06-26T11:54:00Z,0,E2,Humidity,Humidity,Вологість,%,%,26.3265,null,2024-06-26T11:54:00Z,0,0
315,vinnytsia-315,49.2436875857327,28.496432230155264,2024-06-26T11:54:00Z,0,E3,Pressure,Pressure,Атмосферний тиск,Pa,Паскаль,null,null,2024-06-26T11:54:00Z,0,0
90,vinnytsia-90,49.21773364876253,28.44979464092501,2024-06-26T11:54:00Z,0,A4,PM1.0,PM1.0,Пил 1.0 мкм,ug/m3,мкг/м³,6.178999999999999,null,2024-06-26T11:54:00Z,0,0
90,vinnytsia-90,49.21773364876253,28.44979464092501,2024-06-26T11:54:00Z,0,A3,PM2.5,PM2.5,Пил 2.5 мкм,ug/m3,мкг/м³,9.85525,null,2024-06-26T11:54:00Z,0,0
90,vinnytsia-90,49.21773364876253,28.44979464092501,2024-06-26T11:54:00Z,0,A2,PM100,PM100,Пил 10 мкм,ug/m3,мкг/м³,25.864749999999997,null,2024-06-26T11:54:00Z,0,0
90,vinnytsia-90,49.21773364876253,28.44979464092501,2024-06-26T11:54:00Z,0,E1,Temperature,Temperature,Температура,°C,°C,38.815,null,2024-06-26T11:54:00Z,0,0
90,vinnytsia-90,49.21773364876253,28.44979464092501,2024-06-26T11:54:00Z,0,E2,Humidity,Humidity,Вологість,%,%,30.276249999999997,null,2024-06-26T11:54:00Z,0,0
90,vinnytsia-90,49.21773364876253,28.44979464092501,2024-06-26T11:54:00Z,0,E3,Pressure,Pressure,Атмосферний тиск,Pa,Паскаль,98670.50025000001,null,2024-06-26T11:54:00Z,0,0
767,Соборна 36,49.232859,28.470453,2024-06-26 15:17:41,0,A2,PM10,PM10,Пил 10 мкм,ug/m3,мкг/м³,2.2982,1.0000000000,2024-06-26 15:17:41,0,0
767,Соборна 36,49.232859,28.470453,2024-06-26 15:17:41,0,A3,PM2.5,PM2.5,Пил 2.5 мкм,ug/m3,мкг/м³,0.3245,1.0000000000,2024-06-26 15:17:41,0,0
774,Станція замостя,49.245473,28.493727,2024-06-26 15:19:37,0,A2,PM10,PM10,Пил 10 мкм,ug/m3,мкг/м³,3.8368,1.0000000000,2024-06-26 15:19:37,0,0
774,Станція замостя,49.245473,28.493727,2024-06-26 15:19:37,0,A3,PM2.5,PM2.5,Пил 2.5 мкм,ug/m3,мкг/м³,2.4368,1.0000000000,2024-06-26 15:19:37,0,0
774,Станція замостя,49.245473,28.493727,2024-06-26 15:19:37,0,E1,Temperature,Temperature,Температура,°C,°C,27.9979,1.0000000000,2024-06-26 15:19:37,0,0
774,Станція замостя,49.245473,28.493727,2024-06-26 15:19:37,0,E2,Humidity,Humidity,Вологість,%,%,33.3416,1.0000000000,2024-06-26 15:19:37,0,0
774,Станція замостя,49.245473,28.493727,2024-06-26 15:19:37,0,E3,Pressure,Pressure,Атмосферний тиск,Pa,мм.рт.ст.,98751.3632,0.0075006168,2024-06-26 15:19:37,0,0
790,станція Вишенька,49.2270093,28.4189984,2024-06-26 15:19:39,0,A2,PM10,PM10,Пил 10 мкм,ug/m3,мкг/м³,6.5885,1.0000000000,2024-06-26 15:19:39,0,0
790,станція Вишенька,49.2270093,28.4189984,2024-06-26 15:19:39,0,A3,PM2.5,PM2.5,Пил 2.5 мкм,ug/m3,мкг/м³,2.1108,1.0000000000,2024-06-26 15:19:39,0,0
790,станція Вишенька,49.2270093,28.4189984,2024-06-26 15:19:39,0,E1,Temperature,Temperature,Температура,°C,°C,28.6192,1.0000000000,2024-06-26 15:19:39,0,0
790,станція Вишенька,49.2270093,28.4189984,2024-06-26 15:19:39,0,E2,Humidity,Humidity,Вологість,%,%,32.5838,1.0000000000,2024-06-26 15:19:39,0,0
790,станція Вишенька,49.2270093,28.4189984,2024-06-26 15:19:39,0,E3,Pressure,Pressure,Атмосферний тиск,Pa,мм.рт.ст.,98741.9769,0.0075006168,2024-06-26 15:19:39,0,0
1315,Vinnytsia National Technical University,49.23327,28.409161,2024-06-26 15:19:25,0,A2,PM10,PM10,Пил 10 мкм,ug/m3,мкг/м³,19.9815,1.0000000000,2024-06-26 15:19:25,0,0
1315,Vinnytsia National Technical University,49.23327,28.409161,2024-06-26 15:19:25,0,A3,PM2.5,PM2.5,Пил 2.5 мкм,ug/m3,мкг/м³,18.1310,1.0000000000,2024-06-26 15:19:25,0,0
1315,Vinnytsia National Technical University,49.23327,28.409161,2024-06-26 15:19:25,0,A4,PM1.0,PM1.0,Пил 1.0 мкм,ug/m3,мкг/м³,15.1080,1.0000000000,2024-06-26 15:19:25,0,0
1315,Vinnytsia National Technical University,49.23327,28.409161,2024-06-26 15:19:25,0,B2,CO,CO,Монооксид вуглецю,ppm,мкг/м³,0.5000,1164.2000000000,2024-06-26 15:19:25,0,0
1315,Vinnytsia National Technical University,49.23327,28.409161,2024-06-26 15:19:25,0,B3,O₃,O₃,O₃,ppm,мкг/м³,0.0465,1995.7000000000,2024-06-26 15:19:25,0,0
1315,Vinnytsia National Technical University,49.23327,28.409161,2024-06-26 15:19:25,0,C1,VOC (H₂CO),VOC (H₂CO),ЛОС (Формальдегід),mg/m3,мкг/м³,0.0102,1000.0000000000,2024-06-26 15:19:25,0,0
1315,Vinnytsia National Technical University,49.23327,28.409161,2024-06-26 15:19:25,0,E1,Temperature,Temperature,Температура,°C,°C,26.3185,1.0000000000,2024-06-26 15:19:25,0,0
1315,Vinnytsia National Technical University,49.23327,28.409161,2024-06-26 15:19:25,0,E1,Temperature,Temperature,Температура,°C,°C,19.7100,1.0000000000,2024-06-26 15:19:25,0,0
1315,Vinnytsia National Technical University,49.23327,28.409161,2024-06-26 15:19:25,0,E1,Temperature,Temperature,Температура,°C,°C,27.2085,1.0000000000,2024-06-26 15:19:25,0,0
1315,Vinnytsia National Technical University,49.23327,28.409161,2024-06-26 15:19:25,0,E2,Humidity,Humidity,Вологість,%,%,42.7770,1.0000000000,2024-06-26 15:19:25,0,0
1315,Vinnytsia National Technical University,49.23327,28.409161,2024-06-26 15:19:25,0,E2,Humidity,Humidity,Вологість,%,%,54.7905,1.0000000000,2024-06-26 15:19:25,0,0
1315,Vinnytsia National Technical University,49.23327,28.409161,2024-06-26 15:19:25,0,E3,Pressure,Pressure,Атмосферний тиск,Pa,мм.рт.ст.,98748.2150,0.0075006168,2024-06-26 15:19:25,0,0
1811,EcoCity станція моніторингу Хмільник,49.558012,27.956897,2024-06-26 15:19:08,0,A2,PM10,PM10,Пил 10 мкм,ug/m3,мкг/м³,5.5263,1.0000000000,2024-06-26 15:19:08,0,0
1811,EcoCity станція моніторингу Хмільник,49.558012,27.956897,2024-06-26 15:19:08,0,A3,PM2.5,PM2.5,Пил 2.5 мкм,ug/m3,мкг/м³,1.9263,1.0000000000,2024-06-26 15:19:08,0,0
1811,EcoCity станція моніторингу Хмільник,49.558012,27.956897,2024-06-26 15:19:08,0,D1,RAD,RAD,Радіаційний фон,uR/h,мкР/год,12.9716,1.0000000000,2024-06-26 15:19:08,0,0
1811,EcoCity станція моніторингу Хмільник,49.558012,27.956897,2024-06-26 15:19:08,0,E1,Temperature,Temperature,Температура,°C,°C,38.3132,1.0000000000,2024-06-26 15:19:08,0,0
1811,EcoCity станція моніторингу Хмільник,49.558012,27.956897,2024-06-26 15:19:08,0,E1,Temperature,Temperature,Температура,°C,°C,38.7584,1.0000000000,2024-06-26 15:19:08,0,0
1811,EcoCity станція моніторингу Хмільник,49.558012,27.956897,2024-06-26 15:19:08,0,E2,Humidity,Humidity,Вологість,%,%,23.5100,1.0000000000,2024-06-26 15:19:08,0,0
1811,EcoCity станція моніторингу Хмільник,49.558012,27.956897,2024-06-26 15:19:08,0,E3,Pressure,Pressure,Атмосферний тиск,Pa,мм.рт.ст.,99047.1995,0.0075006168,2024-06-26 15:19:08,0,0
1813,Якушинці,49.2571196,28.3671704,2024-06-26 15:19:15,0,A2,PM10,PM10,Пил 10 мкм,ug/m3,мкг/м³,4.8600,1.0000000000,2024-06-26 15:19:15,0,0
1813,Якушинці,49.2571196,28.3671704,2024-06-26 15:19:15,0,A3,PM2.5,PM2.5,Пил 2.5 мкм,ug/m3,мкг/м³,2.1650,1.0000000000,2024-06-26 15:19:15,0,0
1813,Якушинці,49.2571196,28.3671704,2024-06-26 15:19:15,0,D1,RAD,RAD,Радіаційний фон,uR/h,мкР/год,11.8950,1.0000000000,2024-06-26 15:19:15,0,0
1813,Якушинці,49.2571196,28.3671704,2024-06-26 15:19:15,0,E1,Temperature,Temperature,Температура,°C,°C,26.0120,1.0000000000,2024-06-26 15:19:15,0,0
1813,Якушинці,49.2571196,28.3671704,2024-06-26 15:19:15,0,E1,Temperature,Temperature,Температура,°C,°C,26.9960,1.0000000000,2024-06-26 15:19:15,0,0
1813,Якушинці,49.2571196,28.3671704,2024-06-26 15:19:15,0,E2,Humidity,Humidity,Вологість,%,%,39.1185,1.0000000000,2024-06-26 15:19:15,0,0
1813,Якушинці,49.2571196,28.3671704,2024-06-26 15:19:15,0,E3,Pressure,Pressure,Атмосферний тиск,Pa,мм.рт.ст.,98585.4050,0.0075006168,2024-06-26 15:19:15,0,0
1825,Центральна площа,49.105637,29.206617,2024-06-26 15:18:59,0,A2,PM10,PM10,Пил 10 мкм,ug/m3,мкг/м³,5.2579,1.0000000000,2024-06-26 15:18:59,0,0
1825,Центральна площа,49.105637,29.206617,2024-06-26 15:18:59,0,A3,PM2.5,PM2.5,Пил 2.5 мкм,ug/m3,мкг/м³,2.0105,1.0000000000,2024-06-26 15:18:59,0,0
1825,Центральна площа,49.105637,29.206617,2024-06-26 15:18:59,0,D1,RAD,RAD,Радіаційний фон,uR/h,мкР/год,15.4021,1.0000000000,2024-06-26 15:18:59,0,0
1825,Центральна площа,49.105637,29.206617,2024-06-26 15:18:59,0,E1,Temperature,Temperature,Температура,°C,°C,27.7221,1.0000000000,2024-06-26 15:18:59,0,0
1825,Центральна площа,49.105637,29.206617,2024-06-26 15:18:59,0,E1,Temperature,Temperature,Температура,°C,°C,28.6695,1.0000000000,2024-06-26 15:18:59,0,0
1825,Центральна площа,49.105637,29.206617,2024-06-26 15:18:59,0,E2,Humidity,Humidity,Вологість,%,%,37.5337,1.0000000000,2024-06-26 15:18:59,0,0
1825,Центральна площа,49.105637,29.206617,2024-06-26 15:18:59,0,E3,Pressure,Pressure,Атмосферний тиск,Pa,мм.рт.ст.,99387.5837,0.0075006168,2024-06-26 15:18:59,0,0
1830,Центр Безпеки громадян Війтівецької сільської ради,49.6288314,27.89884,2024-06-26 15:19:54,0,A2,PM10,PM10,Пил 10 мкм,ug/m3,мкг/м³,3.3125,1.0000000000,2024-06-26 15:19:54,0,0
1830,Центр Безпеки громадян Війтівецької сільської ради,49.6288314,27.89884,2024-06-26 15:19:54,0,A3,PM2.5,PM2.5,Пил 2.5 мкм,ug/m3,мкг/м³,1.5000,1.0000000000,2024-06-26 15:19:54,0,0
1830,Центр Безпеки громадян Війтівецької сільської ради,49.6288314,27.89884,2024-06-26 15:19:54,0,D1,RAD,RAD,Радіаційний фон,uR/h,мкР/год,10.3075,1.0000000000,2024-06-26 15:19:54,0,0
1830,Центр Безпеки громадян Війтівецької сільської ради,49.6288314,27.89884,2024-06-26 15:19:54,0,E1,Temperature,Temperature,Температура,°C,°C,28.6125,1.0000000000,2024-06-26 15:19:54,0,0
1830,Центр Безпеки громадян Війтівецької сільської ради,49.6288314,27.89884,2024-06-26 15:19:54,0,E1,Temperature,Temperature,Температура,°C,°C,29.1812,1.0000000000,2024-06-26 15:19:54,0,0
1830,Центр Безпеки громадян Війтівецької сільської ради,49.6288314,27.89884,2024-06-26 15:19:54,0,E2,Humidity,Humidity,Вологість,%,%,39.2337,1.0000000000,2024-06-26 15:19:54,0,0
1830,Центр Безпеки громадян Війтівецької сільської ради,49.6288314,27.89884,2024-06-26 15:19:54,0,E3,Pressure,Pressure,Атмосферний тиск,Pa,мм.рт.ст.,98842.7350,0.0075006168,2024-06-26 15:19:54,0,0
1866,Северинівка,48.516638,29.184421,2024-06-26 15:19:19,0,A2,PM10,PM10,Пил 10 мкм,ug/m3,мкг/м³,3.5200,1.0000000000,2024-06-26 15:19:19,0,0
1866,Северинівка,48.516638,29.184421,2024-06-26 15:19:19,0,A3,PM2.5,PM2.5,Пил 2.5 мкм,ug/m3,мкг/м³,1.3950,1.0000000000,2024-06-26 15:19:19,0,0
1866,Северинівка,48.516638,29.184421,2024-06-26 15:19:19,0,D1,RAD,RAD,Радіаційний фон,uR/h,мкР/год,12.6770,1.0000000000,2024-06-26 15:19:19,0,0
1866,Северинівка,48.516638,29.184421,2024-06-26 15:19:19,0,E1,Temperature,Temperature,Температура,°C,°C,27.2635,1.0000000000,2024-06-26 15:19:19,0,0
1866,Северинівка,48.516638,29.184421,2024-06-26 15:19:19,0,E1,Temperature,Temperature,Температура,°C,°C,28.3530,1.0000000000,2024-06-26 15:19:19,0,0
1866,Северинівка,48.516638,29.184421,2024-06-26 15:19:19,0,E2,Humidity,Humidity,Вологість,%,%,38.1680,1.0000000000,2024-06-26 15:19:19,0,0
1866,Северинівка,48.516638,29.184421,2024-06-26 15:19:19,0,E3,Pressure,Pressure,Атмосферний тиск,Pa,мм.рт.ст.,99616.4620,0.0075006168,2024-06-26 15:19:19,0,0
1919,Поділля-Коріатовичів,49.2195278,28.45438,2024-06-26 15:19:48,0,A2,PM10,PM10,Пил 10 мкм,ug/m3,мкг/м³,5.2450,1.0000000000,2024-06-26 15:19:48,0,0
1919,Поділля-Коріатовичів,49.2195278,28.45438,2024-06-26 15:19:48,0,A3,PM2.5,PM2.5,Пил 2.5 мкм,ug/m3,мкг/м³,2.5100,1.0000000000,2024-06-26 15:19:48,0,0
1919,Поділля-Коріатовичів,49.2195278,28.45438,2024-06-26 15:19:48,0,D1,RAD,RAD,Радіаційний фон,uR/h,мкР/год,12.5945,1.0000000000,2024-06-26 15:19:48,0,0
1919,Поділля-Коріатовичів,49.2195278,28.45438,2024-06-26 15:19:48,0,E1,Temperature,Temperature,Температура,°C,°C,26.1325,1.0000000000,2024-06-26 15:19:48,0,0
1919,Поділля-Коріатовичів,49.2195278,28.45438,2024-06-26 15:19:48,0,E1,Temperature,Temperature,Температура,°C,°C,26.4375,1.0000000000,2024-06-26 15:19:48,0,0
1919,Поділля-Коріатовичів,49.2195278,28.45438,2024-06-26 15:19:48,0,E2,Humidity,Humidity,Вологість,%,%,45.0420,1.0000000000,2024-06-26 15:19:48,0,0
1919,Поділля-Коріатовичів,49.2195278,28.45438,2024-06-26 15:19:48,0,E3,Pressure,Pressure,Атмосферний тиск,Pa,мм.рт.ст.,98842.1185,0.0075006168,2024-06-26 15:19:48,0,0
1921,Ладижин,48.6925368,29.2325729,2024-06-26 15:19:57,0,A2,PM10,PM10,Пил 10 мкм,ug/m3,мкг/м³,4.3700,1.0000000000,2024-06-26 15:19:57,0,0
1921,Ладижин,48.6925368,29.2325729,2024-06-26 15:19:57,0,A3,PM2.5,PM2.5,Пил 2.5 мкм,ug/m3,мкг/м³,2.0100,1.0000000000,2024-06-26 15:19:57,0,0
1921,Ладижин,48.6925368,29.2325729,2024-06-26 15:19:57,0,B1,NO₂,NO₂,Діоксид азоту,ppm,мкг/м³,0.0465,1912.5000000000,2024-06-26 15:19:57,0,0
1921,Ладижин,48.6925368,29.2325729,2024-06-26 15:19:57,0,B2,CO,CO,Монооксид вуглецю,ppm,мкг/м³,1.3049,1164.2000000000,2024-06-26 15:19:57,0,0
1921,Ладижин,48.6925368,29.2325729,2024-06-26 15:19:57,0,C2,NH₃,NH₃,Аміак,ppm,мкг/м³,0.0004,696.5200000000,2024-06-26 15:19:57,0,0
1921,Ладижин,48.6925368,29.2325729,2024-06-26 15:19:57,0,D1,RAD,RAD,Радіаційний фон,uR/h,мкР/год,10.6645,1.0000000000,2024-06-26 15:19:57,0,0
1921,Ладижин,48.6925368,29.2325729,2024-06-26 15:19:57,0,E1,Temperature,Temperature,Температура,°C,°C,34.7880,1.0000000000,2024-06-26 15:19:57,0,0
1921,Ладижин,48.6925368,29.2325729,2024-06-26 15:19:57,0,E1,Temperature,Temperature,Температура,°C,°C,34.6765,1.0000000000,2024-06-26 15:19:57,0,0
1921,Ладижин,48.6925368,29.2325729,2024-06-26 15:19:57,0,E2,Humidity,Humidity,Вологість,%,%,40.7695,1.0000000000,2024-06-26 15:19:57,0,0
1921,Ладижин,48.6925368,29.2325729,2024-06-26 15:19:57,0,E3,Pressure,Pressure,Атмосферний тиск,Pa,мм.рт.ст.,99705.9150,0.0075006168,2024-06-26 15:19:57,0,0
271,vinnytsia-271,49.236887137498584,28.513305486721826,2024-06-26T12:14:00Z,0,A4,PM1.0,PM1.0,Пил 1.0 мкм,ug/m3,мкг/м³,3.70775,null,2024-06-26T12:14:00Z,0,0
271,vinnytsia-271,49.236887137498584,28.513305486721826,2024-06-26T12:14:00Z,0,A3,PM2.5,PM2.5,Пил 2.5 мкм,ug/m3,мкг/м³,6.4255,null,2024-06-26T12:14:00Z,0,0
271,vinnytsia-271,49.236887137498584,28.513305486721826,2024-06-26T12:14:00Z,0,A2,PM100,PM100,Пил 10 мкм,ug/m3,мкг/м³,16.7905,null,2024-06-26T12:14:00Z,0,0
271,vinnytsia-271,49.236887137498584,28.513305486721826,2024-06-26T12:14:00Z,0,E1,Temperature,Temperature,Температура,°C,°C,27.196749999999998,null,2024-06-26T12:14:00Z,0,0
271,vinnytsia-271,49.236887137498584,28.513305486721826,2024-06-26T12:14:00Z,0,E2,Humidity,Humidity,Вологість,%,%,41.12425,null,2024-06-26T12:14:00Z,0,0
271,vinnytsia-271,49.236887137498584,28.513305486721826,2024-06-26T12:14:00Z,0,E3,Pressure,Pressure,Атмосферний тиск,Pa,Паскаль,98839.19524999999,null,2024-06-26T12:14:00Z,0,0
281,vinnytsia-281,49.24192686787152,28.462020923798242,2024-06-26T12:14:00Z,0,A4,PM1.0,PM1.0,Пил 1.0 мкм,ug/m3,мкг/м³,2.72025,null,2024-06-26T12:14:00Z,0,0
281,vinnytsia-281,49.24192686787152,28.462020923798242,2024-06-26T12:14:00Z,0,A3,PM2.5,PM2.5,Пил 2.5 мкм,ug/m3,мкг/м³,4.10925,null,2024-06-26T12:14:00Z,0,0
281,vinnytsia-281,49.24192686787152,28.462020923798242,2024-06-26T12:14:00Z,0,A2,PM100,PM100,Пил 10 мкм,ug/m3,мкг/м³,12.652999999999999,null,2024-06-26T12:14:00Z,0,0
281,vinnytsia-281,49.24192686787152,28.462020923798242,2024-06-26T12:14:00Z,0,E1,Temperature,Temperature,Температура,°C,°C,29.098,null,2024-06-26T12:14:00Z,0,0
281,vinnytsia-281,49.24192686787152,28.462020923798242,2024-06-26T12:14:00Z,0,E2,Humidity,Humidity,Вологість,%,%,38.343250000000005,null,2024-06-26T12:14:00Z,0,0
281,vinnytsia-281,49.24192686787152,28.462020923798242,2024-06-26T12:14:00Z,0,E3,Pressure,Pressure,Атмосферний тиск,Pa,Паскаль,98853.993,null,2024-06-26T12:14:00Z,0,0
315,vinnytsia-315,49.2436875857327,28.496432230155264,2024-06-26T12:14:00Z,0,A4,PM1.0,PM1.0,Пил 1.0 мкм,ug/m3,мкг/м³,5.34125,null,2024-06-26T12:14:00Z,0,0
315,vinnytsia-315,49.2436875857327,28.496432230155264,2024-06-26T12:14:00Z,0,A3,PM2.5,PM2.5,Пил 2.5 мкм,ug/m3,мкг/м³,8.163499999999999,null,2024-06-26T12:14:00Z,0,0
315,vinnytsia-315,49.2436875857327,28.496432230155264,2024-06-26T12:14:00Z,0,A2,PM100,PM100,Пил 10 мкм,ug/m3,мкг/м³,22.497500000000002,null,2024-06-26T12:14:00Z,0,0
315,vinnytsia-315,49.2436875857327,28.496432230155264,2024-06-26T12:14:00Z,0,E1,Temperature,Temperature,Температура,°C,°C,38.52875,null,2024-06-26T12:14:00Z,0,0
315,vinnytsia-315,49.2436875857327,28.496432230155264,2024-06-26T12:14:00Z,0,E2,Humidity,Humidity,Вологість,%,%,25.560750000000002,null,2024-06-26T12:14:00Z,0,0
315,vinnytsia-315,49.2436875857327,28.496432230155264,2024-06-26T12:14:00Z,0,E3,Pressure,Pressure,Атмосферний тиск,Pa,Паскаль,null,null,2024-06-26T12:14:00Z,0,0
90,vinnytsia-90,49.21773364876253,28.44979464092501,2024-06-26T12:14:00Z,0,A4,PM1.0,PM1.0,Пил 1.0 мкм,ug/m3,мкг/м³,4.8785,null,2024-06-26T12:14:00Z,0,0
90,vinnytsia-90,49.21773364876253,28.44979464092501,2024-06-26T12:14:00Z,0,A3,PM2.5,PM2.5,Пил 2.5 мкм,ug/m3,мкг/м³,8.189,null,2024-06-26T12:14:00Z,0,0
90,vinnytsia-90,49.21773364876253,28.44979464092501,2024-06-26T12:14:00Z,0,A2,PM100,PM100,Пил 10 мкм,ug/m3,мкг/м³,21.61825,null,2024-06-26T12:14:00Z,0,0
90,vinnytsia-90,49.21773364876253,28.44979464092501,2024-06-26T12:14:00Z,0,E1,Temperature,Temperature,Температура,°C,°C,33.945499999999996,null,2024-06-26T12:14:00Z,0,0
90,vinnytsia-90,49.21773364876253,28.44979464092501,2024-06-26T12:14:00Z,0,E2,Humidity,Humidity,Вологість,%,%,33.6805,null,2024-06-26T12:14:00Z,0,0
90,vinnytsia-90,49.21773364876253,28.44979464092501,2024-06-26T12:14:00Z,0,E3,Pressure,Pressure,Атмосферний тиск,Pa,Паскаль,98624.848,null,2024-06-26T12:14:00Z,0,0
767,Соборна 36,49.232859,28.470453,2024-06-26 15:38:43,0,A2,PM10,PM10,Пил 10 мкм,ug/m3,мкг/м³,1.1462,1.0000000000,2024-06-26 15:38:43,0,0
767,Соборна 36,49.232859,28.470453,2024-06-26 15:38:43,0,A3,PM2.5,PM2.5,Пил 2.5 мкм,ug/m3,мкг/м³,0.3400,1.0000000000,2024-06-26 15:38:43,0,0
774,Станція замостя,49.245473,28.493727,2024-06-26 15:39:17,0,A2,PM10,PM10,Пил 10 мкм,ug/m3,мкг/м³,3.5422,1.0000000000,2024-06-26 15:39:17,0,0
774,Станція замостя,49.245473,28.493727,2024-06-26 15:39:17,0,A3,PM2.5,PM2.5,Пил 2.5 мкм,ug/m3,мкг/м³,2.2956,1.0000000000,2024-06-26 15:39:17,0,0
774,Станція замостя,49.245473,28.493727,2024-06-26 15:39:17,0,E1,Temperature,Temperature,Температура,°C,°C,28.2489,1.0000000000,2024-06-26 15:39:17,0,0
774,Станція замостя,49.245473,28.493727,2024-06-26 15:39:17,0,E2,Humidity,Humidity,Вологість,%,%,32.8144,1.0000000000,2024-06-26 15:39:17,0,0
774,Станція замостя,49.245473,28.493727,2024-06-26 15:39:17,0,E3,Pressure,Pressure,Атмосферний тиск,Pa,мм.рт.ст.,98733.9756,0.0075006168,2024-06-26 15:39:17,0,0
790,станція Вишенька,49.2270093,28.4189984,2024-06-26 15:39:17,0,A2,PM10,PM10,Пил 10 мкм,ug/m3,мкг/м³,5.2520,1.0000000000,2024-06-26 15:39:17,0,0
790,станція Вишенька,49.2270093,28.4189984,2024-06-26 15:39:17,0,A3,PM2.5,PM2.5,Пил 2.5 мкм,ug/m3,мкг/м³,2.0093,1.0000000000,2024-06-26 15:39:17,0,0
790,станція Вишенька,49.2270093,28.4189984,2024-06-26 15:39:17,0,E1,Temperature,Temperature,Температура,°C,°C,28.3427,1.0000000000,2024-06-26 15:39:17,0,0
790,станція Вишенька,49.2270093,28.4189984,2024-06-26 15:39:17,0,E2,Humidity,Humidity,Вологість,%,%,33.4280,1.0000000000,2024-06-26 15:39:17,0,0
790,станція Вишенька,49.2270093,28.4189984,2024-06-26 15:39:17,0,E3,Pressure,Pressure,Атмосферний тиск,Pa,мм.рт.ст.,98730.0707,0.0075006168,2024-06-26 15:39:17,0,0
1315,Vinnytsia National Technical University,49.23327,28.409161,2024-06-26 15:39:40,0,A2,PM10,PM10,Пил 10 мкм,ug/m3,мкг/м³,21.6635,1.0000000000,2024-06-26 15:39:40,0,0
1315,Vinnytsia National Technical University,49.23327,28.409161,2024-06-26 15:39:40,0,A3,PM2.5,PM2.5,Пил 2.5 мкм,ug/m3,мкг/м³,19.2325,1.0000000000,2024-06-26 15:39:40,0,0
1315,Vinnytsia National Technical University,49.23327,28.409161,2024-06-26 15:39:40,0,A4,PM1.0,PM1.0,Пил 1.0 мкм,ug/m3,мкг/м³,16.0010,1.0000000000,2024-06-26 15:39:40,0,0
1315,Vinnytsia National Technical University,49.23327,28.409161,2024-06-26 15:39:40,0,B2,CO,CO,Монооксид вуглецю,ppm,мкг/м³,0.5000,1164.2000000000,2024-06-26 15:39:40,0,0
1315,Vinnytsia National Technical University,49.23327,28.409161,2024-06-26 15:39:40,0,B3,O₃,O₃,O₃,ppm,мкг/м³,0.0410,1995.7000000000,2024-06-26 15:39:40,0,0
1315,Vinnytsia National Technical University,49.23327,28.409161,2024-06-26 15:39:40,0,C1,VOC (H₂CO),VOC (H₂CO),ЛОС (Формальдегід),mg/m3,мкг/м³,0.0108,1000.0000000000,2024-06-26 15:39:40,0,0
1315,Vinnytsia National Technical University,49.23327,28.409161,2024-06-26 15:39:40,0,E1,Temperature,Temperature,Температура,°C,°C,27.1765,1.0000000000,2024-06-26 15:39:40,0,0
1315,Vinnytsia National Technical University,49.23327,28.409161,2024-06-26 15:39:40,0,E1,Temperature,Temperature,Температура,°C,°C,26.2870,1.0000000000,2024-06-26 15:39:40,0,0
1315,Vinnytsia National Technical University,49.23327,28.409161,2024-06-26 15:39:40,0,E1,Temperature,Temperature,Температура,°C,°C,19.7000,1.0000000000,2024-06-26 15:39:40,0,0
1315,Vinnytsia National Technical University,49.23327,28.409161,2024-06-26 15:39:40,0,E2,Humidity,Humidity,Вологість,%,%,42.6895,1.0000000000,2024-06-26 15:39:40,0,0
1315,Vinnytsia National Technical University,49.23327,28.409161,2024-06-26 15:39:40,0,E2,Humidity,Humidity,Вологість,%,%,54.9455,1.0000000000,2024-06-26 15:39:40,0,0
1315,Vinnytsia National Technical University,49.23327,28.409161,2024-06-26 15:39:40,0,E3,Pressure,Pressure,Атмосферний тиск,Pa,мм.рт.ст.,98731.7790,0.0075006168,2024-06-26 15:39:40,0,0
1811,EcoCity станція моніторингу Хмільник,49.558012,27.956897,2024-06-26 15:39:19,0,A2,PM10,PM10,Пил 10 мкм,ug/m3,мкг/м³,5.4600,1.0000000000,2024-06-26 15:39:19,0,0
1811,EcoCity станція моніторингу Хмільник,49.558012,27.956897,2024-06-26 15:39:19,0,A3,PM2.5,PM2.5,Пил 2.5 мкм,ug/m3,мкг/м³,1.8850,1.0000000000,2024-06-26 15:39:19,0,0
1811,EcoCity станція моніторингу Хмільник,49.558012,27.956897,2024-06-26 15:39:19,0,D1,RAD,RAD,Радіаційний фон,uR/h,мкР/год,13.7410,1.0000000000,2024-06-26 15:39:19,0,0
1811,EcoCity станція моніторингу Хмільник,49.558012,27.956897,2024-06-26 15:39:19,0,E1,Temperature,Temperature,Температура,°C,°C,38.9630,1.0000000000,2024-06-26 15:39:19,0,0
1811,EcoCity станція моніторингу Хмільник,49.558012,27.956897,2024-06-26 15:39:19,0,E1,Temperature,Temperature,Температура,°C,°C,38.5170,1.0000000000,2024-06-26 15:39:19,0,0
1811,EcoCity станція моніторингу Хмільник,49.558012,27.956897,2024-06-26 15:39:19,0,E2,Humidity,Humidity,Вологість,%,%,23.2210,1.0000000000,2024-06-26 15:39:19,0,0
1811,EcoCity станція моніторингу Хмільник,49.558012,27.956897,2024-06-26 15:39:19,0,E3,Pressure,Pressure,Атмосферний тиск,Pa,мм.рт.ст.,99037.5325,0.0075006168,2024-06-26 15:39:19,0,0
1813,Якушинці,49.2571196,28.3671704,2024-06-26 15:39:26,0,A2,PM10,PM10,Пил 10 мкм,ug/m3,мкг/м³,4.8550,1.0000000000,2024-06-26 15:39:26,0,0
1813,Якушинці,49.2571196,28.3671704,2024-06-26 15:39:26,0,A3,PM2.5,PM2.5,Пил 2.5 мкм,ug/m3,мкг/м³,2.0500,1.0000000000,2024-06-26 15:39:26,0,0
1813,Якушинці,49.2571196,28.3671704,2024-06-26 15:39:26,0,D1,RAD,RAD,Радіаційний фон,uR/h,мкР/год,11.6550,1.0000000000,2024-06-26 15:39:26,0,0
1813,Якушинці,49.2571196,28.3671704,2024-06-26 15:39:26,0,E1,Temperature,Temperature,Температура,°C,°C,26.9330,1.0000000000,2024-06-26 15:39:26,0,0
1813,Якушинці,49.2571196,28.3671704,2024-06-26 15:39:26,0,E1,Temperature,Temperature,Температура,°C,°C,25.9505,1.0000000000,2024-06-26 15:39:26,0,0
1813,Якушинці,49.2571196,28.3671704,2024-06-26 15:39:26,0,E2,Humidity,Humidity,Вологість,%,%,38.9490,1.0000000000,2024-06-26 15:39:26,0,0
1813,Якушинці,49.2571196,28.3671704,2024-06-26 15:39:26,0,E3,Pressure,Pressure,Атмосферний тиск,Pa,мм.рт.ст.,98568.8000,0.0075006168,2024-06-26 15:39:26,0,0
1825,Центральна площа,49.105637,29.206617,2024-06-26 15:39:12,0,A2,PM10,PM10,Пил 10 мкм,ug/m3,мкг/м³,5.6316,1.0000000000,2024-06-26 15:39:12,0,0
1825,Центральна площа,49.105637,29.206617,2024-06-26 15:39:12,0,A3,PM2.5,PM2.5,Пил 2.5 мкм,ug/m3,мкг/м³,1.9895,1.0000000000,2024-06-26 15:39:12,0,0
1825,Центральна площа,49.105637,29.206617,2024-06-26 15:39:12,0,D1,RAD,RAD,Радіаційний фон,uR/h,мкР/год,14.7079,1.0000000000,2024-06-26 15:39:12,0,0
1825,Центральна площа,49.105637,29.206617,2024-06-26 15:39:12,0,E1,Temperature,Temperature,Температура,°C,°C,28.2495,1.0000000000,2024-06-26 15:39:12,0,0
1825,Центральна площа,49.105637,29.206617,2024-06-26 15:39:12,0,E1,Temperature,Temperature,Температура,°C,°C,27.2979,1.0000000000,2024-06-26 15:39:12,0,0
1825,Центральна площа,49.105637,29.206617,2024-06-26 15:39:12,0,E2,Humidity,Humidity,Вологість,%,%,37.6863,1.0000000000,2024-06-26 15:39:12,0,0
1825,Центральна площа,49.105637,29.206617,2024-06-26 15:39:12,0,E3,Pressure,Pressure,Атмосферний тиск,Pa,мм.рт.ст.,99360.7268,0.0075006168,2024-06-26 15:39:12,0,0
1830,Центр Безпеки громадян Війтівецької сільської ради,49.6288314,27.89884,2024-06-26 15:39:36,0,A2,PM10,PM10,Пил 10 мкм,ug/m3,мкг/м³,2.4000,1.0000000000,2024-06-26 15:39:36,0,0
1830,Центр Безпеки громадян Війтівецької сільської ради,49.6288314,27.89884,2024-06-26 15:39:36,0,A3,PM2.5,PM2.5,Пил 2.5 мкм,ug/m3,мкг/м³,1.4733,1.0000000000,2024-06-26 15:39:36,0,0
1830,Центр Безпеки громадян Війтівецької сільської ради,49.6288314,27.89884,2024-06-26 15:39:36,0,D1,RAD,RAD,Радіаційний фон,uR/h,мкР/год,10.8233,1.0000000000,2024-06-26 15:39:36,0,0
1830,Центр Безпеки громадян Війтівецької сільської ради,49.6288314,27.89884,2024-06-26 15:39:36,0,E1,Temperature,Temperature,Температура,°C,°C,30.4167,1.0000000000,2024-06-26 15:39:36,0,0
1830,Центр Безпеки громадян Війтівецької сільської ради,49.6288314,27.89884,2024-06-26 15:39:36,0,E1,Temperature,Temperature,Температура,°C,°C,29.8460,1.0000000000,2024-06-26 15:39:36,0,0
1830,Центр Безпеки громадян Війтівецької сільської ради,49.6288314,27.89884,2024-06-26 15:39:36,0,E2,Humidity,Humidity,Вологість,%,%,37.7560,1.0000000000,2024-06-26 15:39:36,0,0
1830,Центр Безпеки громадян Війтівецької сільської ради,49.6288314,27.89884,2024-06-26 15:39:36,0,E3,Pressure,Pressure,Атмосферний тиск,Pa,мм.рт.ст.,98836.2313,0.0075006168,2024-06-26 15:39:36,0,0
1866,Северинівка,48.516638,29.184421,2024-06-26 15:39:31,0,A2,PM10,PM10,Пил 10 мкм,ug/m3,мкг/м³,3.8450,1.0000000000,2024-06-26 15:39:31,0,0
1866,Северинівка,48.516638,29.184421,2024-06-26 15:39:31,0,A3,PM2.5,PM2.5,Пил 2.5 мкм,ug/m3,мкг/м³,1.3950,1.0000000000,2024-06-26 15:39:31,0,0
1866,Северинівка,48.516638,29.184421,2024-06-26 15:39:31,0,D1,RAD,RAD,Радіаційний фон,uR/h,мкР/год,11.9410,1.0000000000,2024-06-26 15:39:31,0,0
1866,Северинівка,48.516638,29.184421,2024-06-26 15:39:31,0,E1,Temperature,Temperature,Температура,°C,°C,28.9135,1.0000000000,2024-06-26 15:39:31,0,0
1866,Северинівка,48.516638,29.184421,2024-06-26 15:39:31,0,E1,Temperature,Temperature,Температура,°C,°C,27.8220,1.0000000000,2024-06-26 15:39:31,0,0
1866,Северинівка,48.516638,29.184421,2024-06-26 15:39:31,0,E2,Humidity,Humidity,Вологість,%,%,37.7790,1.0000000000,2024-06-26 15:39:31,0,0
1866,Северинівка,48.516638,29.184421,2024-06-26 15:39:31,0,E3,Pressure,Pressure,Атмосферний тиск,Pa,мм.рт.ст.,99600.5155,0.0075006168,2024-06-26 15:39:31,0,0
1918,Вінницька міська рада,49.2322042,28.46848,2024-06-26 15:38:43,0,A2,PM10,PM10,Пил 10 мкм,ug/m3,мкг/м³,2.4500,1.0000000000,2024-06-26 15:38:43,0,0
1918,Вінницька міська рада,49.2322042,28.46848,2024-06-26 15:38:43,0,A3,PM2.5,PM2.5,Пил 2.5 мкм,ug/m3,мкг/м³,1.8500,1.0000000000,2024-06-26 15:38:43,0,0
1918,Вінницька міська рада,49.2322042,28.46848,2024-06-26 15:38:43,0,B1,NO₂,NO₂,Діоксид азоту,ppb,мкг/м³,20.2300,1.9125000000,2024-06-26 15:38:43,0,0
1918,Вінницька міська рада,49.2322042,28.46848,2024-06-26 15:38:43,0,B2,CO,CO,Монооксид вуглецю,ppm,мкг/м³,0.5000,1164.2000000000,2024-06-26 15:38:43,0,0
1918,Вінницька міська рада,49.2322042,28.46848,2024-06-26 15:38:43,0,D1,RAD,RAD,Радіаційний фон,uR/h,мкР/год,12.8150,1.0000000000,2024-06-26 15:38:43,0,0
1918,Вінницька міська рада,49.2322042,28.46848,2024-06-26 15:38:43,0,E1,Temperature,Temperature,Температура,°C,°C,23.2200,1.0000000000,2024-06-26 15:38:43,0,0
1918,Вінницька міська рада,49.2322042,28.46848,2024-06-26 15:38:43,0,E1,Temperature,Temperature,Температура,°C,°C,23.4950,1.0000000000,2024-06-26 15:38:43,0,0
1918,Вінницька міська рада,49.2322042,28.46848,2024-06-26 15:38:43,0,E2,Humidity,Humidity,Вологість,%,%,52.8350,1.0000000000,2024-06-26 15:38:43,0,0
1918,Вінницька міська рада,49.2322042,28.46848,2024-06-26 15:38:43,0,E3,Pressure,Pressure,Атмосферний тиск,Pa,мм.рт.ст.,98908.8450,0.0075006168,2024-06-26 15:38:43,0,0
1919,Поділля-Коріатовичів,49.2195278,28.45438,2024-06-26 15:39:31,0,A2,PM10,PM10,Пил 10 мкм,ug/m3,мкг/м³,5.1158,1.0000000000,2024-06-26 15:39:31,0,0
1919,Поділля-Коріатовичів,49.2195278,28.45438,2024-06-26 15:39:31,0,A3,PM2.5,PM2.5,Пил 2.5 мкм,ug/m3,мкг/м³,2.2474,1.0000000000,2024-06-26 15:39:31,0,0
1919,Поділля-Коріатовичів,49.2195278,28.45438,2024-06-26 15:39:31,0,D1,RAD,RAD,Радіаційний фон,uR/h,мкР/год,14.6216,1.0000000000,2024-06-26 15:39:31,0,0
1919,Поділля-Коріатовичів,49.2195278,28.45438,2024-06-26 15:39:31,0,E1,Temperature,Temperature,Температура,°C,°C,28.3674,1.0000000000,2024-06-26 15:39:31,0,0
1919,Поділля-Коріатовичів,49.2195278,28.45438,2024-06-26 15:39:31,0,E1,Temperature,Temperature,Температура,°C,°C,28.0384,1.0000000000,2024-06-26 15:39:31,0,0
1919,Поділля-Коріатовичів,49.2195278,28.45438,2024-06-26 15:39:31,0,E2,Humidity,Humidity,Вологість,%,%,42.6937,1.0000000000,2024-06-26 15:39:31,0,0
1919,Поділля-Коріатовичів,49.2195278,28.45438,2024-06-26 15:39:31,0,E3,Pressure,Pressure,Атмосферний тиск,Pa,мм.рт.ст.,98824.4711,0.0075006168,2024-06-26 15:39:31,0,0
1921,Ладижин,48.6925368,29.2325729,2024-06-26 15:39:49,0,A2,PM10,PM10,Пил 10 мкм,ug/m3,мкг/м³,3.8263,1.0000000000,2024-06-26 15:39:49,0,0
1921,Ладижин,48.6925368,29.2325729,2024-06-26 15:39:49,0,A3,PM2.5,PM2.5,Пил 2.5 мкм,ug/m3,мкг/м³,2.0053,1.0000000000,2024-06-26 15:39:49,0,0
1921,Ладижин,48.6925368,29.2325729,2024-06-26 15:39:49,0,B1,NO₂,NO₂,Діоксид азоту,ppm,мкг/м³,0.0471,1912.5000000000,2024-06-26 15:39:49,0,0
1921,Ладижин,48.6925368,29.2325729,2024-06-26 15:39:49,0,B2,CO,CO,Монооксид вуглецю,ppm,мкг/м³,1.2896,1164.2000000000,2024-06-26 15:39:49,0,0
1921,Ладижин,48.6925368,29.2325729,2024-06-26 15:39:49,0,C2,NH₃,NH₃,Аміак,ppm,мкг/м³,0.0004,696.5200000000,2024-06-26 15:39:49,0,0
1921,Ладижин,48.6925368,29.2325729,2024-06-26 15:39:49,0,D1,RAD,RAD,Радіаційний фон,uR/h,мкР/год,12.6563,1.0000000000,2024-06-26 15:39:49,0,0
1921,Ладижин,48.6925368,29.2325729,2024-06-26 15:39:49,0,E1,Temperature,Temperature,Температура,°C,°C,33.9774,1.0000000000,2024-06-26 15:39:49,0,0
1921,Ладижин,48.6925368,29.2325729,2024-06-26 15:39:49,0,E1,Temperature,Temperature,Температура,°C,°C,34.1147,1.0000000000,2024-06-26 15:39:49,0,0
1921,Ладижин,48.6925368,29.2325729,2024-06-26 15:39:49,0,E2,Humidity,Humidity,Вологість,%,%,40.2795,1.0000000000,2024-06-26 15:39:49,0,0
1921,Ладижин,48.6925368,29.2325729,2024-06-26 15:39:49,0,E3,Pressure,Pressure,Атмосферний тиск,Pa,мм.рт.ст.,99682.9632,0.0075006168,2024-06-26 15:39:49,0,0
271,vinnytsia-271,49.236887137498584,28.513305486721826,2024-06-26T12:34:00Z,0,A4,PM1.0,PM1.0,Пил 1.0 мкм,ug/m3,мкг/м³,3.2285,null,2024-06-26T12:34:00Z,0,0
271,vinnytsia-271,49.236887137498584,28.513305486721826,2024-06-26T12:34:00Z,0,A3,PM2.5,PM2.5,Пил 2.5 мкм,ug/m3,мкг/м³,5.590250000000001,null,2024-06-26T12:34:00Z,0,0
271,vinnytsia-271,49.236887137498584,28.513305486721826,2024-06-26T12:34:00Z,0,A2,PM100,PM100,Пил 10 мкм,ug/m3,мкг/м³,15.13525,null,2024-06-26T12:34:00Z,0,0
271,vinnytsia-271,49.236887137498584,28.513305486721826,2024-06-26T12:34:00Z,0,E1,Temperature,Temperature,Температура,°C,°C,27.031750000000002,null,2024-06-26T12:34:00Z,0,0
271,vinnytsia-271,49.236887137498584,28.513305486721826,2024-06-26T12:34:00Z,0,E2,Humidity,Humidity,Вологість,%,%,40.371500000000005,null,2024-06-26T12:34:00Z,0,0
271,vinnytsia-271,49.236887137498584,28.513305486721826,2024-06-26T12:34:00Z,0,E3,Pressure,Pressure,Атмосферний тиск,Pa,Паскаль,98825.06175000001,null,2024-06-26T12:34:00Z,0,0
281,vinnytsia-281,49.24192686787152,28.462020923798242,2024-06-26T12:34:00Z,0,A4,PM1.0,PM1.0,Пил 1.0 мкм,ug/m3,мкг/м³,2.8105,null,2024-06-26T12:34:00Z,0,0
281,vinnytsia-281,49.24192686787152,28.462020923798242,2024-06-26T12:34:00Z,0,A3,PM2.5,PM2.5,Пил 2.5 мкм,ug/m3,мкг/м³,4.4030000000000005,null,2024-06-26T12:34:00Z,0,0
281,vinnytsia-281,49.24192686787152,28.462020923798242,2024-06-26T12:34:00Z,0,A2,PM100,PM100,Пил 10 мкм,ug/m3,мкг/м³,13.189,null,2024-06-26T12:34:00Z,0,0
281,vinnytsia-281,49.24192686787152,28.462020923798242,2024-06-26T12:34:00Z,0,E1,Temperature,Temperature,Температура,°C,°C,28.909,null,2024-06-26T12:34:00Z,0,0
281,vinnytsia-281,49.24192686787152,28.462020923798242,2024-06-26T12:34:00Z,0,E2,Humidity,Humidity,Вологість,%,%,37.783249999999995,null,2024-06-26T12:34:00Z,0,0
281,vinnytsia-281,49.24192686787152,28.462020923798242,2024-06-26T12:34:00Z,0,E3,Pressure,Pressure,Атмосферний тиск,Pa,Паскаль,98837.513,null,2024-06-26T12:34:00Z,0,0
315,vinnytsia-315,49.2436875857327,28.496432230155264,2024-06-26T12:34:00Z,0,A4,PM1.0,PM1.0,Пил 1.0 мкм,ug/m3,мкг/м³,4.72025,null,2024-06-26T12:34:00Z,0,0
315,vinnytsia-315,49.2436875857327,28.496432230155264,2024-06-26T12:34:00Z,0,A3,PM2.5,PM2.5,Пил 2.5 мкм,ug/m3,мкг/м³,7.700499999999999,null,2024-06-26T12:34:00Z,0,0
315,vinnytsia-315,49.2436875857327,28.496432230155264,2024-06-26T12:34:00Z,0,A2,PM100,PM100,Пил 10 мкм,ug/m3,мкг/м³,22.2115,null,2024-06-26T12:34:00Z,0,0
315,vinnytsia-315,49.2436875857327,28.496432230155264,2024-06-26T12:34:00Z,0,E1,Temperature,Temperature,Температура,°C,°C,39.30725,null,2024-06-26T12:34:00Z,0,0
315,vinnytsia-315,49.2436875857327,28.496432230155264,2024-06-26T12:34:00Z,0,E2,Humidity,Humidity,Вологість,%,%,25.0855,null,2024-06-26T12:34:00Z,0,0
315,vinnytsia-315,49.2436875857327,28.496432230155264,2024-06-26T12:34:00Z,0,E3,Pressure,Pressure,Атмосферний тиск,Pa,Паскаль,null,null,2024-06-26T12:34:00Z,0,0
90,vinnytsia-90,49.21773364876253,28.44979464092501,2024-06-26T12:34:00Z,0,A4,PM1.0,PM1.0,Пил 1.0 мкм,ug/m3,мкг/м³,5.69175,null,2024-06-26T12:34:00Z,0,0
90,vinnytsia-90,49.21773364876253,28.44979464092501,2024-06-26T12:34:00Z,0,A3,PM2.5,PM2.5,Пил 2.5 мкм,ug/m3,мкг/м³,9.196749999999998,null,2024-06-26T12:34:00Z,0,0
90,vinnytsia-90,49.21773364876253,28.44979464092501,2024-06-26T12:34:00Z,0,A2,PM100,PM100,Пил 10 мкм,ug/m3,мкг/м³,24.29125,null,2024-06-26T12:34:00Z,0,0
90,vinnytsia-90,49.21773364876253,28.44979464092501,2024-06-26T12:34:00Z,0,E1,Temperature,Temperature,Температура,°C,°C,37.12675,null,2024-06-26T12:34:00Z,0,0
90,vinnytsia-90,49.21773364876253,28.44979464092501,2024-06-26T12:34:00Z,0,E2,Humidity,Humidity,Вологість,%,%,31.583499999999997,null,2024-06-26T12:34:00Z,0,0
90,vinnytsia-90,49.21773364876253,28.44979464092501,2024-06-26T12:34:00Z,0,E3,Pressure,Pressure,Атмосферний тиск,Pa,Паскаль,98633.78025,null,2024-06-26T12:34:00Z,0,0
767,Соборна 36,49.232859,28.470453,2024-06-26 15:59:49,0,A2,PM10,PM10,Пил 10 мкм,ug/m3,мкг/м³,1.4595,1.0000000000,2024-06-26 15:59:49,0,0
767,Соборна 36,49.232859,28.470453,2024-06-26 15:59:49,0,A3,PM2.5,PM2.5,Пил 2.5 мкм,ug/m3,мкг/м³,0.2935,1.0000000000,2024-06-26 15:59:49,0,0
774,Станція замостя,49.245473,28.493727,2024-06-26 15:59:51,0,A2,PM10,PM10,Пил 10 мкм,ug/m3,мкг/м³,4.1385,1.0000000000,2024-06-26 15:59:51,0,0
774,Станція замостя,49.245473,28.493727,2024-06-26 15:59:51,0,A3,PM2.5,PM2.5,Пил 2.5 мкм,ug/m3,мкг/м³,2.3860,1.0000000000,2024-06-26 15:59:51,0,0
774,Станція замостя,49.245473,28.493727,2024-06-26 15:59:51,0,E1,Temperature,Temperature,Температура,°C,°C,28.3290,1.0000000000,2024-06-26 15:59:51,0,0
774,Станція замостя,49.245473,28.493727,2024-06-26 15:59:51,0,E2,Humidity,Humidity,Вологість,%,%,32.5595,1.0000000000,2024-06-26 15:59:51,0,0
774,Станція замостя,49.245473,28.493727,2024-06-26 15:59:51,0,E3,Pressure,Pressure,Атмосферний тиск,Pa,мм.рт.ст.,98719.7135,0.0075006168,2024-06-26 15:59:51,0,0
790,станція Вишенька,49.2270093,28.4189984,2024-06-26 15:58:03,0,A2,PM10,PM10,Пил 10 мкм,ug/m3,мкг/м³,4.4150,1.0000000000,2024-06-26 15:58:03,0,0
790,станція Вишенька,49.2270093,28.4189984,2024-06-26 15:58:03,0,A3,PM2.5,PM2.5,Пил 2.5 мкм,ug/m3,мкг/м³,1.9211,1.0000000000,2024-06-26 15:58:03,0,0
790,станція Вишенька,49.2270093,28.4189984,2024-06-26 15:58:03,0,E1,Temperature,Temperature,Температура,°C,°C,28.0778,1.0000000000,2024-06-26 15:58:03,0,0
790,станція Вишенька,49.2270093,28.4189984,2024-06-26 15:58:03,0,E2,Humidity,Humidity,Вологість,%,%,33.8322,1.0000000000,2024-06-26 15:58:03,0,0
790,станція Вишенька,49.2270093,28.4189984,2024-06-26 15:58:03,0,E3,Pressure,Pressure,Атмосферний тиск,Pa,мм.рт.ст.,98714.2800,0.0075006168,2024-06-26 15:58:03,0,0
1315,Vinnytsia National Technical University,49.23327,28.409161,2024-06-26 15:59:54,0,A2,PM10,PM10,Пил 10 мкм,ug/m3,мкг/м³,19.3695,1.0000000000,2024-06-26 15:59:54,0,0
1315,Vinnytsia National Technical University,49.23327,28.409161,2024-06-26 15:59:54,0,A3,PM2.5,PM2.5,Пил 2.5 мкм,ug/m3,мкг/м³,17.8505,1.0000000000,2024-06-26 15:59:54,0,0
1315,Vinnytsia National Technical University,49.23327,28.409161,2024-06-26 15:59:54,0,A4,PM1.0,PM1.0,Пил 1.0 мкм,ug/m3,мкг/м³,14.8095,1.0000000000,2024-06-26 15:59:54,0,0
1315,Vinnytsia National Technical University,49.23327,28.409161,2024-06-26 15:59:54,0,B2,CO,CO,Монооксид вуглецю,ppm,мкг/м³,0.5000,1164.2000000000,2024-06-26 15:59:54,0,0
1315,Vinnytsia National Technical University,49.23327,28.409161,2024-06-26 15:59:54,0,B3,O₃,O₃,O₃,ppm,мкг/м³,0.0435,1995.7000000000,2024-06-26 15:59:54,0,0
1315,Vinnytsia National Technical University,49.23327,28.409161,2024-06-26 15:59:54,0,C1,VOC (H₂CO),VOC (H₂CO),ЛОС (Формальдегід),mg/m3,мкг/м³,0.0112,1000.0000000000,2024-06-26 15:59:54,0,0
1315,Vinnytsia National Technical University,49.23327,28.409161,2024-06-26 15:59:54,0,E1,Temperature,Temperature,Температура,°C,°C,26.3285,1.0000000000,2024-06-26 15:59:54,0,0
1315,Vinnytsia National Technical University,49.23327,28.409161,2024-06-26 15:59:54,0,E1,Temperature,Temperature,Температура,°C,°C,19.7600,1.0000000000,2024-06-26 15:59:54,0,0
1315,Vinnytsia National Technical University,49.23327,28.409161,2024-06-26 15:59:54,0,E1,Temperature,Temperature,Температура,°C,°C,27.2160,1.0000000000,2024-06-26 15:59:54,0,0
1315,Vinnytsia National Technical University,49.23327,28.409161,2024-06-26 15:59:54,0,E2,Humidity,Humidity,Вологість,%,%,41.5305,1.0000000000,2024-06-26 15:59:54,0,0
1315,Vinnytsia National Technical University,49.23327,28.409161,2024-06-26 15:59:54,0,E2,Humidity,Humidity,Вологість,%,%,54.2505,1.0000000000,2024-06-26 15:59:54,0,0
1315,Vinnytsia National Technical University,49.23327,28.409161,2024-06-26 15:59:54,0,E3,Pressure,Pressure,Атмосферний тиск,Pa,мм.рт.ст.,98720.1615,0.0075006168,2024-06-26 15:59:54,0,0
1811,EcoCity станція моніторингу Хмільник,49.558012,27.956897,2024-06-26 15:59:31,0,A2,PM10,PM10,Пил 10 мкм,ug/m3,мкг/м³,5.1750,1.0000000000,2024-06-26 15:59:31,0,0
1811,EcoCity станція моніторингу Хмільник,49.558012,27.956897,2024-06-26 15:59:31,0,A3,PM2.5,PM2.5,Пил 2.5 мкм,ug/m3,мкг/м³,1.8100,1.0000000000,2024-06-26 15:59:31,0,0
1811,EcoCity станція моніторингу Хмільник,49.558012,27.956897,2024-06-26 15:59:31,0,D1,RAD,RAD,Радіаційний фон,uR/h,мкР/год,13.5280,1.0000000000,2024-06-26 15:59:31,0,0
1811,EcoCity станція моніторингу Хмільник,49.558012,27.956897,2024-06-26 15:59:31,0,E1,Temperature,Temperature,Температура,°C,°C,36.3715,1.0000000000,2024-06-26 15:59:31,0,0
1811,EcoCity станція моніторингу Хмільник,49.558012,27.956897,2024-06-26 15:59:31,0,E1,Temperature,Temperature,Температура,°C,°C,35.8785,1.0000000000,2024-06-26 15:59:31,0,0
1811,EcoCity станція моніторингу Хмільник,49.558012,27.956897,2024-06-26 15:59:31,0,E2,Humidity,Humidity,Вологість,%,%,24.5725,1.0000000000,2024-06-26 15:59:31,0,0
1811,EcoCity станція моніторингу Хмільник,49.558012,27.956897,2024-06-26 15:59:31,0,E3,Pressure,Pressure,Атмосферний тиск,Pa,мм.рт.ст.,99002.9165,0.0075006168,2024-06-26 15:59:31,0,0
1813,Якушинці,49.2571196,28.3671704,2024-06-26 15:59:36,0,A2,PM10,PM10,Пил 10 мкм,ug/m3,мкг/м³,4.6400,1.0000000000,2024-06-26 15:59:36,0,0
1813,Якушинці,49.2571196,28.3671704,2024-06-26 15:59:36,0,A3,PM2.5,PM2.5,Пил 2.5 мкм,ug/m3,мкг/м³,2.0550,1.0000000000,2024-06-26 15:59:36,0,0
1813,Якушинці,49.2571196,28.3671704,2024-06-26 15:59:36,0,D1,RAD,RAD,Радіаційний фон,uR/h,мкР/год,12.0045,1.0000000000,2024-06-26 15:59:36,0,0
1813,Якушинці,49.2571196,28.3671704,2024-06-26 15:59:36,0,E1,Temperature,Temperature,Температура,°C,°C,27.3700,1.0000000000,2024-06-26 15:59:36,0,0
1813,Якушинці,49.2571196,28.3671704,2024-06-26 15:59:36,0,E1,Temperature,Temperature,Температура,°C,°C,26.3995,1.0000000000,2024-06-26 15:59:36,0,0
1813,Якушинці,49.2571196,28.3671704,2024-06-26 15:59:36,0,E2,Humidity,Humidity,Вологість,%,%,38.8020,1.0000000000,2024-06-26 15:59:36,0,0
1813,Якушинці,49.2571196,28.3671704,2024-06-26 15:59:36,0,E3,Pressure,Pressure,Атмосферний тиск,Pa,мм.рт.ст.,98554.6490,0.0075006168,2024-06-26 15:59:36,0,0
1825,Центральна площа,49.105637,29.206617,2024-06-26 15:59:25,0,A2,PM10,PM10,Пил 10 мкм,ug/m3,мкг/м³,4.9650,1.0000000000,2024-06-26 15:59:25,0,0
1825,Центральна площа,49.105637,29.206617,2024-06-26 15:59:25,0,A3,PM2.5,PM2.5,Пил 2.5 мкм,ug/m3,мкг/м³,1.9300,1.0000000000,2024-06-26 15:59:25,0,0
1825,Центральна площа,49.105637,29.206617,2024-06-26 15:59:25,0,D1,RAD,RAD,Радіаційний фон,uR/h,мкР/год,14.3185,1.0000000000,2024-06-26 15:59:25,0,0
1825,Центральна площа,49.105637,29.206617,2024-06-26 15:59:25,0,E1,Temperature,Temperature,Температура,°C,°C,28.6970,1.0000000000,2024-06-26 15:59:25,0,0
1825,Центральна площа,49.105637,29.206617,2024-06-26 15:59:25,0,E1,Temperature,Temperature,Температура,°C,°C,27.7490,1.0000000000,2024-06-26 15:59:25,0,0
1825,Центральна площа,49.105637,29.206617,2024-06-26 15:59:25,0,E2,Humidity,Humidity,Вологість,%,%,37.9305,1.0000000000,2024-06-26 15:59:25,0,0
1825,Центральна площа,49.105637,29.206617,2024-06-26 15:59:25,0,E3,Pressure,Pressure,Атмосферний тиск,Pa,мм.рт.ст.,99348.1120,0.0075006168,2024-06-26 15:59:25,0,0
1830,Центр Безпеки громадян Війтівецької сільської ради,49.6288314,27.89884,2024-06-26 15:59:18,0,A2,PM10,PM10,Пил 10 мкм,ug/m3,мкг/м³,3.1267,1.0000000000,2024-06-26 15:59:18,0,0
1830,Центр Безпеки громадян Війтівецької сільської ради,49.6288314,27.89884,2024-06-26 15:59:18,0,A3,PM2.5,PM2.5,Пил 2.5 мкм,ug/m3,мкг/м³,1.4333,1.0000000000,2024-06-26 15:59:18,0,0
1830,Центр Безпеки громадян Війтівецької сільської ради,49.6288314,27.89884,2024-06-26 15:59:18,0,D1,RAD,RAD,Радіаційний фон,uR/h,мкР/год,10.7340,1.0000000000,2024-06-26 15:59:18,0,0
1830,Центр Безпеки громадян Війтівецької сільської ради,49.6288314,27.89884,2024-06-26 15:59:18,0,E1,Temperature,Temperature,Температура,°C,°C,30.4327,1.0000000000,2024-06-26 15:59:18,0,0
1830,Центр Безпеки громадян Війтівецької сільської ради,49.6288314,27.89884,2024-06-26 15:59:18,0,E1,Temperature,Temperature,Температура,°C,°C,29.8607,1.0000000000,2024-06-26 15:59:18,0,0
1830,Центр Безпеки громадян Війтівецької сільської ради,49.6288314,27.89884,2024-06-26 15:59:18,0,E2,Humidity,Humidity,Вологість,%,%,38.9620,1.0000000000,2024-06-26 15:59:18,0,0
1830,Центр Безпеки громадян Війтівецької сільської ради,49.6288314,27.89884,2024-06-26 15:59:18,0,E3,Pressure,Pressure,Атмосферний тиск,Pa,мм.рт.ст.,98817.5387,0.0075006168,2024-06-26 15:59:18,0,0
1866,Северинівка,48.516638,29.184421,2024-06-26 15:59:40,0,A2,PM10,PM10,Пил 10 мкм,ug/m3,мкг/м³,3.4350,1.0000000000,2024-06-26 15:59:40,0,0
1866,Северинівка,48.516638,29.184421,2024-06-26 15:59:40,0,A3,PM2.5,PM2.5,Пил 2.5 мкм,ug/m3,мкг/м³,1.4400,1.0000000000,2024-06-26 15:59:40,0,0
1866,Северинівка,48.516638,29.184421,2024-06-26 15:59:40,0,D1,RAD,RAD,Радіаційний фон,uR/h,мкР/год,10.6450,1.0000000000,2024-06-26 15:59:40,0,0
1866,Северинівка,48.516638,29.184421,2024-06-26 15:59:40,0,E1,Temperature,Temperature,Температура,°C,°C,28.8660,1.0000000000,2024-06-26 15:59:40,0,0
1866,Северинівка,48.516638,29.184421,2024-06-26 15:59:40,0,E1,Temperature,Temperature,Температура,°C,°C,27.7695,1.0000000000,2024-06-26 15:59:40,0,0
1866,Северинівка,48.516638,29.184421,2024-06-26 15:59:40,0,E2,Humidity,Humidity,Вологість,%,%,36.8115,1.0000000000,2024-06-26 15:59:40,0,0
1866,Северинівка,48.516638,29.184421,2024-06-26 15:59:40,0,E3,Pressure,Pressure,Атмосферний тиск,Pa,мм.рт.ст.,99585.5250,0.0075006168,2024-06-26 15:59:40,0,0
1918,Вінницька міська рада,49.2322042,28.46848,2024-06-26 15:56:25,0,A2,PM10,PM10,Пил 10 мкм,ug/m3,мкг/м³,2.7000,1.0000000000,2024-06-26 15:56:25,0,0
1918,Вінницька міська рада,49.2322042,28.46848,2024-06-26 15:56:25,0,A3,PM2.5,PM2.5,Пил 2.5 мкм,ug/m3,мкг/м³,2.1000,1.0000000000,2024-06-26 15:56:25,0,0
1918,Вінницька міська рада,49.2322042,28.46848,2024-06-26 15:56:25,0,B1,NO₂,NO₂,Діоксид азоту,ppb,мкг/м³,21.1400,1.9125000000,2024-06-26 15:56:25,0,0
1918,Вінницька міська рада,49.2322042,28.46848,2024-06-26 15:56:25,0,B2,CO,CO,Монооксид вуглецю,ppm,мкг/м³,0.5000,1164.2000000000,2024-06-26 15:56:25,0,0
1918,Вінницька міська рада,49.2322042,28.46848,2024-06-26 15:56:25,0,D1,RAD,RAD,Радіаційний фон,uR/h,мкР/год,14.1800,1.0000000000,2024-06-26 15:56:25,0,0
1918,Вінницька міська рада,49.2322042,28.46848,2024-06-26 15:56:25,0,E1,Temperature,Temperature,Температура,°C,°C,23.7400,1.0000000000,2024-06-26 15:56:25,0,0
1918,Вінницька міська рада,49.2322042,28.46848,2024-06-26 15:56:25,0,E1,Temperature,Temperature,Температура,°C,°C,23.4500,1.0000000000,2024-06-26 15:56:25,0,0
1918,Вінницька міська рада,49.2322042,28.46848,2024-06-26 15:56:25,0,E2,Humidity,Humidity,Вологість,%,%,52.9100,1.0000000000,2024-06-26 15:56:25,0,0
1918,Вінницька міська рада,49.2322042,28.46848,2024-06-26 15:56:25,0,E3,Pressure,Pressure,Атмосферний тиск,Pa,мм.рт.ст.,98892.0200,0.0075006168,2024-06-26 15:56:25,0,0
1919,Поділля-Коріатовичів,49.2195278,28.45438,2024-06-26 15:59:11,0,A2,PM10,PM10,Пил 10 мкм,ug/m3,мкг/м³,4.3263,1.0000000000,2024-06-26 15:59:11,0,0
1919,Поділля-Коріатовичів,49.2195278,28.45438,2024-06-26 15:59:11,0,A3,PM2.5,PM2.5,Пил 2.5 мкм,ug/m3,мкг/м³,2.2053,1.0000000000,2024-06-26 15:59:11,0,0
1919,Поділля-Коріатовичів,49.2195278,28.45438,2024-06-26 15:59:11,0,D1,RAD,RAD,Радіаційний фон,uR/h,мкР/год,14.7758,1.0000000000,2024-06-26 15:59:11,0,0
1919,Поділля-Коріатовичів,49.2195278,28.45438,2024-06-26 15:59:11,0,E1,Temperature,Temperature,Температура,°C,°C,28.1411,1.0000000000,2024-06-26 15:59:11,0,0
1919,Поділля-Коріатовичів,49.2195278,28.45438,2024-06-26 15:59:11,0,E1,Temperature,Temperature,Температура,°C,°C,27.8089,1.0000000000,2024-06-26 15:59:11,0,0
1919,Поділля-Коріатовичів,49.2195278,28.45438,2024-06-26 15:59:11,0,E2,Humidity,Humidity,Вологість,%,%,42.3395,1.0000000000,2024-06-26 15:59:11,0,0
1919,Поділля-Коріатовичів,49.2195278,28.45438,2024-06-26 15:59:11,0,E3,Pressure,Pressure,Атмосферний тиск,Pa,мм.рт.ст.,98811.0242,0.0075006168,2024-06-26 15:59:11,0,0
1921,Ладижин,48.6925368,29.2325729,2024-06-26 15:59:52,0,A2,PM10,PM10,Пил 10 мкм,ug/m3,мкг/м³,6.5526,1.0000000000,2024-06-26 15:59:52,0,0
1921,Ладижин,48.6925368,29.2325729,2024-06-26 15:59:52,0,A3,PM2.5,PM2.5,Пил 2.5 мкм,ug/m3,мкг/м³,2.1842,1.0000000000,2024-06-26 15:59:52,0,0
1921,Ладижин,48.6925368,29.2325729,2024-06-26 15:59:52,0,B1,NO₂,NO₂,Діоксид азоту,ppm,мкг/м³,0.0458,1912.5000000000,2024-06-26 15:59:52,0,0
1921,Ладижин,48.6925368,29.2325729,2024-06-26 15:59:52,0,B2,CO,CO,Монооксид вуглецю,ppm,мкг/м³,1.3407,1164.2000000000,2024-06-26 15:59:52,0,0
1921,Ладижин,48.6925368,29.2325729,2024-06-26 15:59:52,0,C2,NH₃,NH₃,Аміак,ppm,мкг/м³,0.0004,696.5200000000,2024-06-26 15:59:52,0,0
1921,Ладижин,48.6925368,29.2325729,2024-06-26 15:59:52,0,D1,RAD,RAD,Радіаційний фон,uR/h,мкР/год,11.9100,1.0000000000,2024-06-26 15:59:52,0,0
1921,Ладижин,48.6925368,29.2325729,2024-06-26 15:59:52,0,E1,Temperature,Temperature,Температура,°C,°C,34.1542,1.0000000000,2024-06-26 15:59:52,0,0
1921,Ладижин,48.6925368,29.2325729,2024-06-26 15:59:52,0,E1,Temperature,Temperature,Температура,°C,°C,34.0384,1.0000000000,2024-06-26 15:59:52,0,0
1921,Ладижин,48.6925368,29.2325729,2024-06-26 15:59:52,0,E2,Humidity,Humidity,Вологість,%,%,41.7895,1.0000000000,2024-06-26 15:59:52,0,0
1921,Ладижин,48.6925368,29.2325729,2024-06-26 15:59:52,0,E3,Pressure,Pressure,Атмосферний тиск,Pa,мм.рт.ст.,99669.8579,0.0075006168,2024-06-26 15:59:52,0,0
271,vinnytsia-271,49.236887137498584,28.513305486721826,2024-06-26T12:54:00Z,0,A4,PM1.0,PM1.0,Пил 1.0 мкм,ug/m3,мкг/м³,3.1950000000000003,null,2024-06-26T12:54:00Z,0,0
271,vinnytsia-271,49.236887137498584,28.513305486721826,2024-06-26T12:54:00Z,0,A3,PM2.5,PM2.5,Пил 2.5 мкм,ug/m3,мкг/м³,5.4232499999999995,null,2024-06-26T12:54:00Z,0,0
271,vinnytsia-271,49.236887137498584,28.513305486721826,2024-06-26T12:54:00Z,0,A2,PM100,PM100,Пил 10 мкм,ug/m3,мкг/м³,14.833749999999998,null,2024-06-26T12:54:00Z,0,0
271,vinnytsia-271,49.236887137498584,28.513305486721826,2024-06-26T12:54:00Z,0,E1,Temperature,Temperature,Температура,°C,°C,27.058999999999997,null,2024-06-26T12:54:00Z,0,0
271,vinnytsia-271,49.236887137498584,28.513305486721826,2024-06-26T12:54:00Z,0,E2,Humidity,Humidity,Вологість,%,%,40.4025,null,2024-06-26T12:54:00Z,0,0
271,vinnytsia-271,49.236887137498584,28.513305486721826,2024-06-26T12:54:00Z,0,E3,Pressure,Pressure,Атмосферний тиск,Pa,Паскаль,98811.784,null,2024-06-26T12:54:00Z,0,0
281,vinnytsia-281,49.24192686787152,28.462020923798242,2024-06-26T12:54:00Z,0,A4,PM1.0,PM1.0,Пил 1.0 мкм,ug/m3,мкг/м³,2.5759999999999996,null,2024-06-26T12:54:00Z,0,0
281,vinnytsia-281,49.24192686787152,28.462020923798242,2024-06-26T12:54:00Z,0,A3,PM2.5,PM2.5,Пил 2.5 мкм,ug/m3,мкг/м³,3.846,null,2024-06-26T12:54:00Z,0,0
281,vinnytsia-281,49.24192686787152,28.462020923798242,2024-06-26T12:54:00Z,0,A2,PM100,PM100,Пил 10 мкм,ug/m3,мкг/м³,12.063,null,2024-06-26T12:54:00Z,0,0
281,vinnytsia-281,49.24192686787152,28.462020923798242,2024-06-26T12:54:00Z,0,E1,Temperature,Temperature,Температура,°C,°C,28.68125,null,2024-06-26T12:54:00Z,0,0
281,vinnytsia-281,49.24192686787152,28.462020923798242,2024-06-26T12:54:00Z,0,E2,Humidity,Humidity,Вологість,%,%,37.8595,null,2024-06-26T12:54:00Z,0,0
281,vinnytsia-281,49.24192686787152,28.462020923798242,2024-06-26T12:54:00Z,0,E3,Pressure,Pressure,Атмосферний тиск,Pa,Паскаль,98828.856,null,2024-06-26T12:54:00Z,0,0
315,vinnytsia-315,49.2436875857327,28.496432230155264,2024-06-26T12:54:00Z,0,A4,PM1.0,PM1.0,Пил 1.0 мкм,ug/m3,мкг/м³,5.3105,null,2024-06-26T12:54:00Z,0,0
315,vinnytsia-315,49.2436875857327,28.496432230155264,2024-06-26T12:54:00Z,0,A3,PM2.5,PM2.5,Пил 2.5 мкм,ug/m3,мкг/м³,8.16375,null,2024-06-26T12:54:00Z,0,0
315,vinnytsia-315,49.2436875857327,28.496432230155264,2024-06-26T12:54:00Z,0,A2,PM100,PM100,Пил 10 мкм,ug/m3,мкг/м³,22.56475,null,2024-06-26T12:54:00Z,0,0
315,vinnytsia-315,49.2436875857327,28.496432230155264,2024-06-26T12:54:00Z,0,E1,Temperature,Temperature,Температура,°C,°C,39.0055,null,2024-06-26T12:54:00Z,0,0
315,vinnytsia-315,49.2436875857327,28.496432230155264,2024-06-26T12:54:00Z,0,E2,Humidity,Humidity,Вологість,%,%,25.799,null,2024-06-26T12:54:00Z,0,0
315,vinnytsia-315,49.2436875857327,28.496432230155264,2024-06-26T12:54:00Z,0,E3,Pressure,Pressure,Атмосферний тиск,Pa,Паскаль,null,null,2024-06-26T12:54:00Z,0,0
90,vinnytsia-90,49.21773364876253,28.44979464092501,2024-06-26T12:54:00Z,0,A4,PM1.0,PM1.0,Пил 1.0 мкм,ug/m3,мкг/м³,6.13525,null,2024-06-26T12:54:00Z,0,0
90,vinnytsia-90,49.21773364876253,28.44979464092501,2024-06-26T12:54:00Z,0,A3,PM2.5,PM2.5,Пил 2.5 мкм,ug/m3,мкг/м³,9.64625,null,2024-06-26T12:54:00Z,0,0
90,vinnytsia-90,49.21773364876253,28.44979464092501,2024-06-26T12:54:00Z,0,A2,PM100,PM100,Пил 10 мкм,ug/m3,мкг/м³,25.673249999999996,null,2024-06-26T12:54:00Z,0,0
90,vinnytsia-90,49.21773364876253,28.44979464092501,2024-06-26T12:54:00Z,0,E1,Temperature,Temperature,Температура,°C,°C,39.658500000000004,null,2024-06-26T12:54:00Z,0,0
90,vinnytsia-90,49.21773364876253,28.44979464092501,2024-06-26T12:54:00Z,0,E2,Humidity,Humidity,Вологість,%,%,27.787999999999997,null,2024-06-26T12:54:00Z,0,0
90,vinnytsia-90,49.21773364876253,28.44979464092501,2024-06-26T12:54:00Z,0,E3,Pressure,Pressure,Атмосферний тиск,Pa,Паскаль,98633.83575,null,2024-06-26T12:54:00Z,0,0
650,дім,49.343484,28.729830,2024-06-26 16:19:49,0,A2,PM10,PM10,Пил 10 мкм,ug/m3,мкг/м³,1.5300,1.0000000000,2024-06-26 16:19:49,0,0
650,дім,49.343484,28.729830,2024-06-26 16:19:49,0,A3,PM2.5,PM2.5,Пил 2.5 мкм,ug/m3,мкг/м³,1.1200,1.0000000000,2024-06-26 16:19:49,0,0
650,дім,49.343484,28.729830,2024-06-26 16:19:49,0,C1,VOC (H₂CO),VOC (H₂CO),ЛОС (Формальдегід),ppb,мкг/м³,9.0000,1.2450000000,2024-06-26 16:19:49,0,0
650,дім,49.343484,28.729830,2024-06-26 16:19:49,0,E1,Temperature,Temperature,Температура,°C,°C,28.0456,1.0000000000,2024-06-26 16:19:49,0,0
650,дім,49.343484,28.729830,2024-06-26 16:19:49,0,E2,Humidity,Humidity,Вологість,%,%,36.0522,1.0000000000,2024-06-26 16:19:49,0,0
650,дім,49.343484,28.729830,2024-06-26 16:19:49,0,E3,Pressure,Pressure,Атмосферний тиск,Pa,мм.рт.ст.,98923.3422,0.0075006168,2024-06-26 16:19:49,0,0
767,Соборна 36,49.232859,28.470453,2024-06-26 16:19:36,0,A2,PM10,PM10,Пил 10 мкм,ug/m3,мкг/м³,1.3950,1.0000000000,2024-06-26 16:19:36,0,0
767,Соборна 36,49.232859,28.470453,2024-06-26 16:19:36,0,A3,PM2.5,PM2.5,Пил 2.5 мкм,ug/m3,мкг/м³,0.2950,1.0000000000,2024-06-26 16:19:36,0,0
774,Станція замостя,49.245473,28.493727,2024-06-26 16:19:26,0,A2,PM10,PM10,Пил 10 мкм,ug/m3,мкг/м³,3.5574,1.0000000000,2024-06-26 16:19:26,0,0
774,Станція замостя,49.245473,28.493727,2024-06-26 16:19:26,0,A3,PM2.5,PM2.5,Пил 2.5 мкм,ug/m3,мкг/м³,2.1953,1.0000000000,2024-06-26 16:19:26,0,0
774,Станція замостя,49.245473,28.493727,2024-06-26 16:19:26,0,E1,Temperature,Temperature,Температура,°C,°C,28.2953,1.0000000000,2024-06-26 16:19:26,0,0
774,Станція замостя,49.245473,28.493727,2024-06-26 16:19:26,0,E2,Humidity,Humidity,Вологість,%,%,33.0937,1.0000000000,2024-06-26 16:19:26,0,0
774,Станція замостя,49.245473,28.493727,2024-06-26 16:19:26,0,E3,Pressure,Pressure,Атмосферний тиск,Pa,мм.рт.ст.,98708.1489,0.0075006168,2024-06-26 16:19:26,0,0
790,станція Вишенька,49.2270093,28.4189984,2024-06-26 16:19:39,0,A2,PM10,PM10,Пил 10 мкм,ug/m3,мкг/м³,4.3571,1.0000000000,2024-06-26 16:19:39,0,0
790,станція Вишенька,49.2270093,28.4189984,2024-06-26 16:19:39,0,A3,PM2.5,PM2.5,Пил 2.5 мкм,ug/m3,мкг/м³,1.8941,1.0000000000,2024-06-26 16:19:39,0,0
790,станція Вишенька,49.2270093,28.4189984,2024-06-26 16:19:39,0,E1,Temperature,Temperature,Температура,°C,°C,27.8759,1.0000000000,2024-06-26 16:19:39,0,0
790,станція Вишенька,49.2270093,28.4189984,2024-06-26 16:19:39,0,E2,Humidity,Humidity,Вологість,%,%,33.2394,1.0000000000,2024-06-26 16:19:39,0,0
790,станція Вишенька,49.2270093,28.4189984,2024-06-26 16:19:39,0,E3,Pressure,Pressure,Атмосферний тиск,Pa,мм.рт.ст.,98698.7782,0.0075006168,2024-06-26 16:19:39,0,0
1315,Vinnytsia National Technical University,49.23327,28.409161,2024-06-26 16:19:07,0,A2,PM10,PM10,Пил 10 мкм,ug/m3,мкг/м³,19.4489,1.0000000000,2024-06-26 16:19:07,0,0
1315,Vinnytsia National Technical University,49.23327,28.409161,2024-06-26 16:19:07,0,A3,PM2.5,PM2.5,Пил 2.5 мкм,ug/m3,мкг/м³,17.8900,1.0000000000,2024-06-26 16:19:07,0,0
1315,Vinnytsia National Technical University,49.23327,28.409161,2024-06-26 16:19:07,0,A4,PM1.0,PM1.0,Пил 1.0 мкм,ug/m3,мкг/м³,14.8616,1.0000000000,2024-06-26 16:19:07,0,0
1315,Vinnytsia National Technical University,49.23327,28.409161,2024-06-26 16:19:07,0,B2,CO,CO,Монооксид вуглецю,ppm,мкг/м³,0.5000,1164.2000000000,2024-06-26 16:19:07,0,0
1315,Vinnytsia National Technical University,49.23327,28.409161,2024-06-26 16:19:07,0,B3,O₃,O₃,O₃,ppm,мкг/м³,0.0437,1995.7000000000,2024-06-26 16:19:07,0,0
1315,Vinnytsia National Technical University,49.23327,28.409161,2024-06-26 16:19:07,0,C1,VOC (H₂CO),VOC (H₂CO),ЛОС (Формальдегід),mg/m3,мкг/м³,0.0112,1000.0000000000,2024-06-26 16:19:07,0,0
1315,Vinnytsia National Technical University,49.23327,28.409161,2024-06-26 16:19:07,0,E1,Temperature,Temperature,Температура,°C,°C,19.5368,1.0000000000,2024-06-26 16:19:07,0,0
1315,Vinnytsia National Technical University,49.23327,28.409161,2024-06-26 16:19:07,0,E1,Temperature,Temperature,Температура,°C,°C,27.0211,1.0000000000,2024-06-26 16:19:07,0,0
1315,Vinnytsia National Technical University,49.23327,28.409161,2024-06-26 16:19:07,0,E1,Temperature,Temperature,Температура,°C,°C,26.1295,1.0000000000,2024-06-26 16:19:07,0,0
1315,Vinnytsia National Technical University,49.23327,28.409161,2024-06-26 16:19:07,0,E2,Humidity,Humidity,Вологість,%,%,41.1058,1.0000000000,2024-06-26 16:19:07,0,0
1315,Vinnytsia National Technical University,49.23327,28.409161,2024-06-26 16:19:07,0,E2,Humidity,Humidity,Вологість,%,%,53.7611,1.0000000000,2024-06-26 16:19:07,0,0
1315,Vinnytsia National Technical University,49.23327,28.409161,2024-06-26 16:19:07,0,E3,Pressure,Pressure,Атмосферний тиск,Pa,мм.рт.ст.,98703.8826,0.0075006168,2024-06-26 16:19:07,0,0
1811,EcoCity станція моніторингу Хмільник,49.558012,27.956897,2024-06-26 16:19:41,0,A2,PM10,PM10,Пил 10 мкм,ug/m3,мкг/м³,5.5650,1.0000000000,2024-06-26 16:19:41,0,0
1811,EcoCity станція моніторингу Хмільник,49.558012,27.956897,2024-06-26 16:19:41,0,A3,PM2.5,PM2.5,Пил 2.5 мкм,ug/m3,мкг/м³,1.8850,1.0000000000,2024-06-26 16:19:41,0,0
1811,EcoCity станція моніторингу Хмільник,49.558012,27.956897,2024-06-26 16:19:41,0,D1,RAD,RAD,Радіаційний фон,uR/h,мкР/год,13.3320,1.0000000000,2024-06-26 16:19:41,0,0
1811,EcoCity станція моніторингу Хмільник,49.558012,27.956897,2024-06-26 16:19:41,0,E1,Temperature,Temperature,Температура,°C,°C,35.0840,1.0000000000,2024-06-26 16:19:41,0,0
1811,EcoCity станція моніторингу Хмільник,49.558012,27.956897,2024-06-26 16:19:41,0,E1,Temperature,Temperature,Температура,°C,°C,35.5955,1.0000000000,2024-06-26 16:19:41,0,0
1811,EcoCity станція моніторингу Хмільник,49.558012,27.956897,2024-06-26 16:19:41,0,E2,Humidity,Humidity,Вологість,%,%,25.5510,1.0000000000,2024-06-26 16:19:41,0,0
1811,EcoCity станція моніторингу Хмільник,49.558012,27.956897,2024-06-26 16:19:41,0,E3,Pressure,Pressure,Атмосферний тиск,Pa,мм.рт.ст.,98989.4105,0.0075006168,2024-06-26 16:19:41,0,0
1813,Якушинці,49.2571196,28.3671704,2024-06-26 16:19:47,0,A2,PM10,PM10,Пил 10 мкм,ug/m3,мкг/м³,4.6450,1.0000000000,2024-06-26 16:19:47,0,0
1813,Якушинці,49.2571196,28.3671704,2024-06-26 16:19:47,0,A3,PM2.5,PM2.5,Пил 2.5 мкм,ug/m3,мкг/м³,1.9450,1.0000000000,2024-06-26 16:19:47,0,0
1813,Якушинці,49.2571196,28.3671704,2024-06-26 16:19:47,0,D1,RAD,RAD,Радіаційний фон,uR/h,мкР/год,12.2275,1.0000000000,2024-06-26 16:19:47,0,0
1813,Якушинці,49.2571196,28.3671704,2024-06-26 16:19:47,0,E1,Temperature,Temperature,Температура,°C,°C,26.4395,1.0000000000,2024-06-26 16:19:47,0,0
1813,Якушинці,49.2571196,28.3671704,2024-06-26 16:19:47,0,E1,Temperature,Temperature,Температура,°C,°C,27.4075,1.0000000000,2024-06-26 16:19:47,0,0
1813,Якушинці,49.2571196,28.3671704,2024-06-26 16:19:47,0,E2,Humidity,Humidity,Вологість,%,%,38.9095,1.0000000000,2024-06-26 16:19:47,0,0
1813,Якушинці,49.2571196,28.3671704,2024-06-26 16:19:47,0,E3,Pressure,Pressure,Атмосферний тиск,Pa,мм.рт.ст.,98539.3440,0.0075006168,2024-06-26 16:19:47,0,0
1825,Центральна площа,49.105637,29.206617,2024-06-26 16:19:35,0,A2,PM10,PM10,Пил 10 мкм,ug/m3,мкг/м³,4.7150,1.0000000000,2024-06-26 16:19:35,0,0
1825,Центральна площа,49.105637,29.206617,2024-06-26 16:19:35,0,A3,PM2.5,PM2.5,Пил 2.5 мкм,ug/m3,мкг/м³,1.8950,1.0000000000,2024-06-26 16:19:35,0,0
1825,Центральна площа,49.105637,29.206617,2024-06-26 16:19:35,0,D1,RAD,RAD,Радіаційний фон,uR/h,мкР/год,13.9090,1.0000000000,2024-06-26 16:19:35,0,0
1825,Центральна площа,49.105637,29.206617,2024-06-26 16:19:35,0,E1,Temperature,Temperature,Температура,°C,°C,28.0325,1.0000000000,2024-06-26 16:19:35,0,0
1825,Центральна площа,49.105637,29.206617,2024-06-26 16:19:35,0,E1,Temperature,Temperature,Температура,°C,°C,28.9845,1.0000000000,2024-06-26 16:19:35,0,0
1825,Центральна площа,49.105637,29.206617,2024-06-26 16:19:35,0,E2,Humidity,Humidity,Вологість,%,%,36.9695,1.0000000000,2024-06-26 16:19:35,0,0
1825,Центральна площа,49.105637,29.206617,2024-06-26 16:19:35,0,E3,Pressure,Pressure,Атмосферний тиск,Pa,мм.рт.ст.,99335.3775,0.0075006168,2024-06-26 16:19:35,0,0
1830,Центр Безпеки громадян Війтівецької сільської ради,49.6288314,27.89884,2024-06-26 16:19:01,0,A2,PM10,PM10,Пил 10 мкм,ug/m3,мкг/м³,2.4400,1.0000000000,2024-06-26 16:19:01,0,0
1830,Центр Безпеки громадян Війтівецької сільської ради,49.6288314,27.89884,2024-06-26 16:19:01,0,A3,PM2.5,PM2.5,Пил 2.5 мкм,ug/m3,мкг/м³,1.3800,1.0000000000,2024-06-26 16:19:01,0,0
1830,Центр Безпеки громадян Війтівецької сільської ради,49.6288314,27.89884,2024-06-26 16:19:01,0,D1,RAD,RAD,Радіаційний фон,uR/h,мкР/год,11.0913,1.0000000000,2024-06-26 16:19:01,0,0
1830,Центр Безпеки громадян Війтівецької сільської ради,49.6288314,27.89884,2024-06-26 16:19:01,0,E1,Temperature,Temperature,Температура,°C,°C,28.7860,1.0000000000,2024-06-26 16:19:01,0,0
1830,Центр Безпеки громадян Війтівецької сільської ради,49.6288314,27.89884,2024-06-26 16:19:01,0,E1,Temperature,Temperature,Температура,°C,°C,29.3533,1.0000000000,2024-06-26 16:19:01,0,0
1830,Центр Безпеки громадян Війтівецької сільської ради,49.6288314,27.89884,2024-06-26 16:19:01,0,E2,Humidity,Humidity,Вологість,%,%,41.1320,1.0000000000,2024-06-26 16:19:01,0,0
1830,Центр Безпеки громадян Війтівецької сільської ради,49.6288314,27.89884,2024-06-26 16:19:01,0,E3,Pressure,Pressure,Атмосферний тиск,Pa,мм.рт.ст.,98797.6747,0.0075006168,2024-06-26 16:19:01,0,0
1866,Северинівка,48.516638,29.184421,2024-06-26 16:19:52,0,A2,PM10,PM10,Пил 10 мкм,ug/m3,мкг/м³,3.3200,1.0000000000,2024-06-26 16:19:52,0,0
1866,Северинівка,48.516638,29.184421,2024-06-26 16:19:52,0,A3,PM2.5,PM2.5,Пил 2.5 мкм,ug/m3,мкг/м³,1.3500,1.0000000000,2024-06-26 16:19:52,0,0
1866,Северинівка,48.516638,29.184421,2024-06-26 16:19:52,0,D1,RAD,RAD,Радіаційний фон,uR/h,мкР/год,10.8955,1.0000000000,2024-06-26 16:19:52,0,0
1866,Северинівка,48.516638,29.184421,2024-06-26 16:19:52,0,E1,Temperature,Temperature,Температура,°C,°C,27.4410,1.0000000000,2024-06-26 16:19:52,0,0
1866,Северинівка,48.516638,29.184421,2024-06-26 16:19:52,0,E1,Temperature,Temperature,Температура,°C,°C,28.5345,1.0000000000,2024-06-26 16:19:52,0,0
1866,Северинівка,48.516638,29.184421,2024-06-26 16:19:52,0,E2,Humidity,Humidity,Вологість,%,%,37.5010,1.0000000000,2024-06-26 16:19:52,0,0
1866,Северинівка,48.516638,29.184421,2024-06-26 16:19:52,0,E3,Pressure,Pressure,Атмосферний тиск,Pa,мм.рт.ст.,99571.7185,0.0075006168,2024-06-26 16:19:52,0,0
1919,Поділля-Коріатовичів,49.2195278,28.45438,2024-06-26 16:19:31,0,A2,PM10,PM10,Пил 10 мкм,ug/m3,мкг/м³,4.1647,1.0000000000,2024-06-26 16:19:31,0,0
1919,Поділля-Коріатовичів,49.2195278,28.45438,2024-06-26 16:19:31,0,A3,PM2.5,PM2.5,Пил 2.5 мкм,ug/m3,мкг/м³,2.0765,1.0000000000,2024-06-26 16:19:31,0,0
1919,Поділля-Коріатовичів,49.2195278,28.45438,2024-06-26 16:19:31,0,D1,RAD,RAD,Радіаційний фон,uR/h,мкР/год,14.0965,1.0000000000,2024-06-26 16:19:31,0,0
1919,Поділля-Коріатовичів,49.2195278,28.45438,2024-06-26 16:19:31,0,E1,Temperature,Temperature,Температура,°C,°C,29.1953,1.0000000000,2024-06-26 16:19:31,0,0
1919,Поділля-Коріатовичів,49.2195278,28.45438,2024-06-26 16:19:31,0,E1,Temperature,Temperature,Температура,°C,°C,29.5318,1.0000000000,2024-06-26 16:19:31,0,0
1919,Поділля-Коріатовичів,49.2195278,28.45438,2024-06-26 16:19:31,0,E2,Humidity,Humidity,Вологість,%,%,40.4976,1.0000000000,2024-06-26 16:19:31,0,0
1919,Поділля-Коріатовичів,49.2195278,28.45438,2024-06-26 16:19:31,0,E3,Pressure,Pressure,Атмосферний тиск,Pa,мм.рт.ст.,98792.8424,0.0075006168,2024-06-26 16:19:31,0,0
1921,Ладижин,48.6925368,29.2325729,2024-06-26 16:04:02,0,A2,PM10,PM10,Пил 10 мкм,ug/m3,мкг/м³,5.4000,1.0000000000,2024-06-26 16:04:02,0,0
1921,Ладижин,48.6925368,29.2325729,2024-06-26 16:04:02,0,A3,PM2.5,PM2.5,Пил 2.5 мкм,ug/m3,мкг/м³,2.0500,1.0000000000,2024-06-26 16:04:02,0,0
1921,Ладижин,48.6925368,29.2325729,2024-06-26 16:04:02,0,B1,NO₂,NO₂,Діоксид азоту,ppm,мкг/м³,0.0476,1912.5000000000,2024-06-26 16:04:02,0,0
1921,Ладижин,48.6925368,29.2325729,2024-06-26 16:04:02,0,B2,CO,CO,Монооксид вуглецю,ppm,мкг/м³,1.3601,1164.2000000000,2024-06-26 16:04:02,0,0
1921,Ладижин,48.6925368,29.2325729,2024-06-26 16:04:02,0,C2,NH₃,NH₃,Аміак,ppm,мкг/м³,0.0004,696.5200000000,2024-06-26 16:04:02,0,0
1921,Ладижин,48.6925368,29.2325729,2024-06-26 16:04:02,0,D1,RAD,RAD,Радіаційний фон,uR/h,мкР/год,10.7925,1.0000000000,2024-06-26 16:04:02,0,0
1921,Ладижин,48.6925368,29.2325729,2024-06-26 16:04:02,0,E1,Temperature,Temperature,Температура,°C,°C,35.2425,1.0000000000,2024-06-26 16:04:02,0,0
1921,Ладижин,48.6925368,29.2325729,2024-06-26 16:04:02,0,E1,Temperature,Temperature,Температура,°C,°C,35.3525,1.0000000000,2024-06-26 16:04:02,0,0
1921,Ладижин,48.6925368,29.2325729,2024-06-26 16:04:02,0,E2,Humidity,Humidity,Вологість,%,%,39.2200,1.0000000000,2024-06-26 16:04:02,0,0
1921,Ладижин,48.6925368,29.2325729,2024-06-26 16:04:02,0,E3,Pressure,Pressure,Атмосферний тиск,Pa,мм.рт.ст.,99671.3025,0.0075006168,2024-06-26 16:04:02,0,0
256,vinnytsia-256,49.208752495399324,28.528553271164593,2024-06-26T13:14:00Z,0,A4,PM1.0,PM1.0,Пил 1.0 мкм,ug/m3,мкг/м³,1.2710000000000001,null,2024-06-26T13:14:00Z,0,0
256,vinnytsia-256,49.208752495399324,28.528553271164593,2024-06-26T13:14:00Z,0,A3,PM2.5,PM2.5,Пил 2.5 мкм,ug/m3,мкг/м³,1.7337500000000001,null,2024-06-26T13:14:00Z,0,0
256,vinnytsia-256,49.208752495399324,28.528553271164593,2024-06-26T13:14:00Z,0,A2,PM100,PM100,Пил 10 мкм,ug/m3,мкг/м³,1.973125,null,2024-06-26T13:14:00Z,0,0
256,vinnytsia-256,49.208752495399324,28.528553271164593,2024-06-26T13:14:00Z,0,E1,Temperature,Temperature,Температура,°C,°C,28.70475,null,2024-06-26T13:14:00Z,0,0
256,vinnytsia-256,49.208752495399324,28.528553271164593,2024-06-26T13:14:00Z,0,E2,Humidity,Humidity,Вологість,%,%,37.229875,null,2024-06-26T13:14:00Z,0,0
256,vinnytsia-256,49.208752495399324,28.528553271164593,2024-06-26T13:14:00Z,0,E3,Pressure,Pressure,Атмосферний тиск,Pa,Паскаль,98342.69537500001,null,2024-06-26T13:14:00Z,0,0
271,vinnytsia-271,49.236887137498584,28.513305486721826,2024-06-26T13:14:00Z,0,A4,PM1.0,PM1.0,Пил 1.0 мкм,ug/m3,мкг/м³,3.1347500000000004,null,2024-06-26T13:14:00Z,0,0
271,vinnytsia-271,49.236887137498584,28.513305486721826,2024-06-26T13:14:00Z,0,A3,PM2.5,PM2.5,Пил 2.5 мкм,ug/m3,мкг/м³,5.26125,null,2024-06-26T13:14:00Z,0,0
271,vinnytsia-271,49.236887137498584,28.513305486721826,2024-06-26T13:14:00Z,0,A2,PM100,PM100,Пил 10 мкм,ug/m3,мкг/м³,14.4705,null,2024-06-26T13:14:00Z,0,0
271,vinnytsia-271,49.236887137498584,28.513305486721826,2024-06-26T13:14:00Z,0,E1,Temperature,Temperature,Температура,°C,°C,27.104,null,2024-06-26T13:14:00Z,0,0
271,vinnytsia-271,49.236887137498584,28.513305486721826,2024-06-26T13:14:00Z,0,E2,Humidity,Humidity,Вологість,%,%,41.041500000000006,null,2024-06-26T13:14:00Z,0,0
271,vinnytsia-271,49.236887137498584,28.513305486721826,2024-06-26T13:14:00Z,0,E3,Pressure,Pressure,Атмосферний тиск,Pa,Паскаль,98802.57699999999,null,2024-06-26T13:14:00Z,0,0
281,vinnytsia-281,49.24192686787152,28.462020923798242,2024-06-26T13:14:00Z,0,A4,PM1.0,PM1.0,Пил 1.0 мкм,ug/m3,мкг/м³,2.58075,null,2024-06-26T13:14:00Z,0,0
281,vinnytsia-281,49.24192686787152,28.462020923798242,2024-06-26T13:14:00Z,0,A3,PM2.5,PM2.5,Пил 2.5 мкм,ug/m3,мкг/м³,3.864,null,2024-06-26T13:14:00Z,0,0
281,vinnytsia-281,49.24192686787152,28.462020923798242,2024-06-26T13:14:00Z,0,A2,PM100,PM100,Пил 10 мкм,ug/m3,мкг/м³,12.0765,null,2024-06-26T13:14:00Z,0,0
281,vinnytsia-281,49.24192686787152,28.462020923798242,2024-06-26T13:14:00Z,0,E1,Temperature,Temperature,Температура,°C,°C,28.686500000000002,null,2024-06-26T13:14:00Z,0,0
281,vinnytsia-281,49.24192686787152,28.462020923798242,2024-06-26T13:14:00Z,0,E2,Humidity,Humidity,Вологість,%,%,38.096000000000004,null,2024-06-26T13:14:00Z,0,0
281,vinnytsia-281,49.24192686787152,28.462020923798242,2024-06-26T13:14:00Z,0,E3,Pressure,Pressure,Атмосферний тиск,Pa,Паскаль,98809.54025,null,2024-06-26T13:14:00Z,0,0
315,vinnytsia-315,49.2436875857327,28.496432230155264,2024-06-26T13:14:00Z,0,A4,PM1.0,PM1.0,Пил 1.0 мкм,ug/m3,мкг/м³,4.787,null,2024-06-26T13:14:00Z,0,0
315,vinnytsia-315,49.2436875857327,28.496432230155264,2024-06-26T13:14:00Z,0,A3,PM2.5,PM2.5,Пил 2.5 мкм,ug/m3,мкг/м³,7.30125,null,2024-06-26T13:14:00Z,0,0
315,vinnytsia-315,49.2436875857327,28.496432230155264,2024-06-26T13:14:00Z,0,A2,PM100,PM100,Пил 10 мкм,ug/m3,мкг/м³,20.235,null,2024-06-26T13:14:00Z,0,0
315,vinnytsia-315,49.2436875857327,28.496432230155264,2024-06-26T13:14:00Z,0,E1,Temperature,Temperature,Температура,°C,°C,36.3775,null,2024-06-26T13:14:00Z,0,0
315,vinnytsia-315,49.2436875857327,28.496432230155264,2024-06-26T13:14:00Z,0,E2,Humidity,Humidity,Вологість,%,%,27.942,null,2024-06-26T13:14:00Z,0,0
315,vinnytsia-315,49.2436875857327,28.496432230155264,2024-06-26T13:14:00Z,0,E3,Pressure,Pressure,Атмосферний тиск,Pa,Паскаль,null,null,2024-06-26T13:14:00Z,0,0
90,vinnytsia-90,49.21773364876253,28.44979464092501,2024-06-26T13:14:00Z,0,A4,PM1.0,PM1.0,Пил 1.0 мкм,ug/m3,мкг/м³,5.572,null,2024-06-26T13:14:00Z,0,0
90,vinnytsia-90,49.21773364876253,28.44979464092501,2024-06-26T13:14:00Z,0,A3,PM2.5,PM2.5,Пил 2.5 мкм,ug/m3,мкг/м³,8.75525,null,2024-06-26T13:14:00Z,0,0
90,vinnytsia-90,49.21773364876253,28.44979464092501,2024-06-26T13:14:00Z,0,A2,PM100,PM100,Пил 10 мкм,ug/m3,мкг/м³,23.9565,null,2024-06-26T13:14:00Z,0,0
90,vinnytsia-90,49.21773364876253,28.44979464092501,2024-06-26T13:14:00Z,0,E1,Temperature,Temperature,Температура,°C,°C,39.61175,null,2024-06-26T13:14:00Z,0,0
90,vinnytsia-90,49.21773364876253,28.44979464092501,2024-06-26T13:14:00Z,0,E2,Humidity,Humidity,Вологість,%,%,27.82175,null,2024-06-26T13:14:00Z,0,0
90,vinnytsia-90,49.21773364876253,28.44979464092501,2024-06-26T13:14:00Z,0,E3,Pressure,Pressure,Атмосферний тиск,Pa,Паскаль,98614.14525,null,2024-06-26T13:14:00Z,0,0
650,дім,49.343484,28.729830,2024-06-26 16:39:32,0,A2,PM10,PM10,Пил 10 мкм,ug/m3,мкг/м³,1.3658,1.0000000000,2024-06-26 16:39:32,0,0
650,дім,49.343484,28.729830,2024-06-26 16:39:32,0,A3,PM2.5,PM2.5,Пил 2.5 мкм,ug/m3,мкг/м³,1.2405,1.0000000000,2024-06-26 16:39:32,0,0
650,дім,49.343484,28.729830,2024-06-26 16:39:32,0,C1,VOC (H₂CO),VOC (H₂CO),ЛОС (Формальдегід),ppb,мкг/м³,9.0000,1.2450000000,2024-06-26 16:39:32,0,0
650,дім,49.343484,28.729830,2024-06-26 16:39:32,0,E1,Temperature,Temperature,Температура,°C,°C,27.9895,1.0000000000,2024-06-26 16:39:32,0,0
650,дім,49.343484,28.729830,2024-06-26 16:39:32,0,E2,Humidity,Humidity,Вологість,%,%,35.4926,1.0000000000,2024-06-26 16:39:32,0,0
650,дім,49.343484,28.729830,2024-06-26 16:39:32,0,E3,Pressure,Pressure,Атмосферний тиск,Pa,мм.рт.ст.,98907.1021,0.0075006168,2024-06-26 16:39:32,0,0
767,Соборна 36,49.232859,28.470453,2024-06-26 16:39:17,0,A2,PM10,PM10,Пил 10 мкм,ug/m3,мкг/м³,1.1568,1.0000000000,2024-06-26 16:39:17,0,0
767,Соборна 36,49.232859,28.470453,2024-06-26 16:39:17,0,A3,PM2.5,PM2.5,Пил 2.5 мкм,ug/m3,мкг/м³,0.3232,1.0000000000,2024-06-26 16:39:17,0,0
774,Станція замостя,49.245473,28.493727,2024-06-26 16:39:01,0,A2,PM10,PM10,Пил 10 мкм,ug/m3,мкг/м³,3.3937,1.0000000000,2024-06-26 16:39:01,0,0
774,Станція замостя,49.245473,28.493727,2024-06-26 16:39:01,0,A3,PM2.5,PM2.5,Пил 2.5 мкм,ug/m3,мкг/м³,2.1389,1.0000000000,2024-06-26 16:39:01,0,0
774,Станція замостя,49.245473,28.493727,2024-06-26 16:39:01,0,E1,Temperature,Temperature,Температура,°C,°C,28.1905,1.0000000000,2024-06-26 16:39:01,0,0
774,Станція замостя,49.245473,28.493727,2024-06-26 16:39:01,0,E2,Humidity,Humidity,Вологість,%,%,33.2184,1.0000000000,2024-06-26 16:39:01,0,0
774,Станція замостя,49.245473,28.493727,2024-06-26 16:39:01,0,E3,Pressure,Pressure,Атмосферний тиск,Pa,мм.рт.ст.,98689.8379,0.0075006168,2024-06-26 16:39:01,0,0
790,станція Вишенька,49.2270093,28.4189984,2024-06-26 16:38:07,0,A2,PM10,PM10,Пил 10 мкм,ug/m3,мкг/м³,3.9171,1.0000000000,2024-06-26 16:38:07,0,0
790,станція Вишенька,49.2270093,28.4189984,2024-06-26 16:38:07,0,A3,PM2.5,PM2.5,Пил 2.5 мкм,ug/m3,мкг/м³,1.8629,1.0000000000,2024-06-26 16:38:07,0,0
790,станція Вишенька,49.2270093,28.4189984,2024-06-26 16:38:07,0,E1,Temperature,Temperature,Температура,°C,°C,27.8286,1.0000000000,2024-06-26 16:38:07,0,0
790,станція Вишенька,49.2270093,28.4189984,2024-06-26 16:38:07,0,E2,Humidity,Humidity,Вологість,%,%,33.3114,1.0000000000,2024-06-26 16:38:07,0,0
790,станція Вишенька,49.2270093,28.4189984,2024-06-26 16:38:07,0,E3,Pressure,Pressure,Атмосферний тиск,Pa,мм.рт.ст.,98679.3629,0.0075006168,2024-06-26 16:38:07,0,0
1315,Vinnytsia National Technical University,49.23327,28.409161,2024-06-26 16:39:21,0,A2,PM10,PM10,Пил 10 мкм,ug/m3,мкг/м³,18.9270,1.0000000000,2024-06-26 16:39:21,0,0
1315,Vinnytsia National Technical University,49.23327,28.409161,2024-06-26 16:39:21,0,A3,PM2.5,PM2.5,Пил 2.5 мкм,ug/m3,мкг/м³,17.6175,1.0000000000,2024-06-26 16:39:21,0,0
1315,Vinnytsia National Technical University,49.23327,28.409161,2024-06-26 16:39:21,0,A4,PM1.0,PM1.0,Пил 1.0 мкм,ug/m3,мкг/м³,14.5675,1.0000000000,2024-06-26 16:39:21,0,0
1315,Vinnytsia National Technical University,49.23327,28.409161,2024-06-26 16:39:21,0,B2,CO,CO,Монооксид вуглецю,ppm,мкг/м³,0.5000,1164.2000000000,2024-06-26 16:39:21,0,0
1315,Vinnytsia National Technical University,49.23327,28.409161,2024-06-26 16:39:21,0,B3,O₃,O₃,O₃,ppm,мкг/м³,0.0415,1995.7000000000,2024-06-26 16:39:21,0,0
1315,Vinnytsia National Technical University,49.23327,28.409161,2024-06-26 16:39:21,0,C1,VOC (H₂CO),VOC (H₂CO),ЛОС (Формальдегід),mg/m3,мкг/м³,0.0108,1000.0000000000,2024-06-26 16:39:21,0,0
1315,Vinnytsia National Technical University,49.23327,28.409161,2024-06-26 16:39:21,0,E1,Temperature,Temperature,Температура,°C,°C,27.0200,1.0000000000,2024-06-26 16:39:21,0,0
1315,Vinnytsia National Technical University,49.23327,28.409161,2024-06-26 16:39:21,0,E1,Temperature,Temperature,Температура,°C,°C,26.1305,1.0000000000,2024-06-26 16:39:21,0,0
1315,Vinnytsia National Technical University,49.23327,28.409161,2024-06-26 16:39:21,0,E1,Temperature,Temperature,Температура,°C,°C,19.5950,1.0000000000,2024-06-26 16:39:21,0,0
1315,Vinnytsia National Technical University,49.23327,28.409161,2024-06-26 16:39:21,0,E2,Humidity,Humidity,Вологість,%,%,41.1280,1.0000000000,2024-06-26 16:39:21,0,0
1315,Vinnytsia National Technical University,49.23327,28.409161,2024-06-26 16:39:21,0,E2,Humidity,Humidity,Вологість,%,%,53.8180,1.0000000000,2024-06-26 16:39:21,0,0
1315,Vinnytsia National Technical University,49.23327,28.409161,2024-06-26 16:39:21,0,E3,Pressure,Pressure,Атмосферний тиск,Pa,мм.рт.ст.,98682.2545,0.0075006168,2024-06-26 16:39:21,0,0
1811,EcoCity станція моніторингу Хмільник,49.558012,27.956897,2024-06-26 16:39:50,0,A2,PM10,PM10,Пил 10 мкм,ug/m3,мкг/м³,5.5650,1.0000000000,2024-06-26 16:39:50,0,0
1811,EcoCity станція моніторингу Хмільник,49.558012,27.956897,2024-06-26 16:39:50,0,A3,PM2.5,PM2.5,Пил 2.5 мкм,ug/m3,мкг/м³,1.8800,1.0000000000,2024-06-26 16:39:50,0,0
1811,EcoCity станція моніторингу Хмільник,49.558012,27.956897,2024-06-26 16:39:50,0,D1,RAD,RAD,Радіаційний фон,uR/h,мкР/год,13.9865,1.0000000000,2024-06-26 16:39:50,0,0
1811,EcoCity станція моніторингу Хмільник,49.558012,27.956897,2024-06-26 16:39:50,0,E1,Temperature,Temperature,Температура,°C,°C,36.4460,1.0000000000,2024-06-26 16:39:50,0,0
1811,EcoCity станція моніторингу Хмільник,49.558012,27.956897,2024-06-26 16:39:50,0,E1,Temperature,Temperature,Температура,°C,°C,35.9465,1.0000000000,2024-06-26 16:39:50,0,0
1811,EcoCity станція моніторингу Хмільник,49.558012,27.956897,2024-06-26 16:39:50,0,E2,Humidity,Humidity,Вологість,%,%,25.0890,1.0000000000,2024-06-26 16:39:50,0,0
1811,EcoCity станція моніторингу Хмільник,49.558012,27.956897,2024-06-26 16:39:50,0,E3,Pressure,Pressure,Атмосферний тиск,Pa,мм.рт.ст.,98968.5825,0.0075006168,2024-06-26 16:39:50,0,0
1813,Якушинці,49.2571196,28.3671704,2024-06-26 16:39:01,0,A2,PM10,PM10,Пил 10 мкм,ug/m3,мкг/м³,4.4316,1.0000000000,2024-06-26 16:39:01,0,0
1813,Якушинці,49.2571196,28.3671704,2024-06-26 16:39:01,0,A3,PM2.5,PM2.5,Пил 2.5 мкм,ug/m3,мкг/м³,1.9895,1.0000000000,2024-06-26 16:39:01,0,0
1813,Якушинці,49.2571196,28.3671704,2024-06-26 16:39:01,0,D1,RAD,RAD,Радіаційний фон,uR/h,мкР/год,11.6458,1.0000000000,2024-06-26 16:39:01,0,0
1813,Якушинці,49.2571196,28.3671704,2024-06-26 16:39:01,0,E1,Temperature,Temperature,Температура,°C,°C,27.4558,1.0000000000,2024-06-26 16:39:01,0,0
1813,Якушинці,49.2571196,28.3671704,2024-06-26 16:39:01,0,E1,Temperature,Temperature,Температура,°C,°C,26.4879,1.0000000000,2024-06-26 16:39:01,0,0
1813,Якушинці,49.2571196,28.3671704,2024-06-26 16:39:01,0,E2,Humidity,Humidity,Вологість,%,%,39.4474,1.0000000000,2024-06-26 16:39:01,0,0
1813,Якушинці,49.2571196,28.3671704,2024-06-26 16:39:01,0,E3,Pressure,Pressure,Атмосферний тиск,Pa,мм.рт.ст.,98520.0874,0.0075006168,2024-06-26 16:39:01,0,0
1825,Центральна площа,49.105637,29.206617,2024-06-26 16:39:45,0,A2,PM10,PM10,Пил 10 мкм,ug/m3,мкг/м³,5.9650,1.0000000000,2024-06-26 16:39:45,0,0
1825,Центральна площа,49.105637,29.206617,2024-06-26 16:39:45,0,A3,PM2.5,PM2.5,Пил 2.5 мкм,ug/m3,мкг/м³,2.0050,1.0000000000,2024-06-26 16:39:45,0,0
1825,Центральна площа,49.105637,29.206617,2024-06-26 16:39:45,0,D1,RAD,RAD,Радіаційний фон,uR/h,мкР/год,14.5055,1.0000000000,2024-06-26 16:39:45,0,0
1825,Центральна площа,49.105637,29.206617,2024-06-26 16:39:45,0,E1,Temperature,Temperature,Температура,°C,°C,29.2860,1.0000000000,2024-06-26 16:39:45,0,0
1825,Центральна площа,49.105637,29.206617,2024-06-26 16:39:45,0,E1,Temperature,Temperature,Температура,°C,°C,28.3355,1.0000000000,2024-06-26 16:39:45,0,0
1825,Центральна площа,49.105637,29.206617,2024-06-26 16:39:45,0,E2,Humidity,Humidity,Вологість,%,%,37.0875,1.0000000000,2024-06-26 16:39:45,0,0
1825,Центральна площа,49.105637,29.206617,2024-06-26 16:39:45,0,E3,Pressure,Pressure,Атмосферний тиск,Pa,мм.рт.ст.,99321.2330,0.0075006168,2024-06-26 16:39:45,0,0
1830,Центр Безпеки громадян Війтівецької сільської ради,49.6288314,27.89884,2024-06-26 16:39:47,0,A2,PM10,PM10,Пил 10 мкм,ug/m3,мкг/м³,2.6313,1.0000000000,2024-06-26 16:39:47,0,0
1830,Центр Безпеки громадян Війтівецької сільської ради,49.6288314,27.89884,2024-06-26 16:39:47,0,A3,PM2.5,PM2.5,Пил 2.5 мкм,ug/m3,мкг/м³,1.4375,1.0000000000,2024-06-26 16:39:47,0,0
1830,Центр Безпеки громадян Війтівецької сільської ради,49.6288314,27.89884,2024-06-26 16:39:47,0,D1,RAD,RAD,Радіаційний фон,uR/h,мкР/год,10.6594,1.0000000000,2024-06-26 16:39:47,0,0
1830,Центр Безпеки громадян Війтівецької сільської ради,49.6288314,27.89884,2024-06-26 16:39:47,0,E1,Temperature,Temperature,Температура,°C,°C,29.5331,1.0000000000,2024-06-26 16:39:47,0,0
1830,Центр Безпеки громадян Війтівецької сільської ради,49.6288314,27.89884,2024-06-26 16:39:47,0,E1,Temperature,Temperature,Температура,°C,°C,28.9794,1.0000000000,2024-06-26 16:39:47,0,0
1830,Центр Безпеки громадян Війтівецької сільської ради,49.6288314,27.89884,2024-06-26 16:39:47,0,E2,Humidity,Humidity,Вологість,%,%,40.3912,1.0000000000,2024-06-26 16:39:47,0,0
1830,Центр Безпеки громадян Війтівецької сільської ради,49.6288314,27.89884,2024-06-26 16:39:47,0,E3,Pressure,Pressure,Атмосферний тиск,Pa,мм.рт.ст.,98770.8219,0.0075006168,2024-06-26 16:39:47,0,0
1866,Северинівка,48.516638,29.184421,2024-06-26 16:39:00,0,A2,PM10,PM10,Пил 10 мкм,ug/m3,мкг/м³,3.9842,1.0000000000,2024-06-26 16:39:00,0,0
1866,Северинівка,48.516638,29.184421,2024-06-26 16:39:00,0,A3,PM2.5,PM2.5,Пил 2.5 мкм,ug/m3,мкг/м³,1.3895,1.0000000000,2024-06-26 16:39:00,0,0
1866,Северинівка,48.516638,29.184421,2024-06-26 16:39:00,0,D1,RAD,RAD,Радіаційний фон,uR/h,мкР/год,12.7226,1.0000000000,2024-06-26 16:39:00,0,0
1866,Северинівка,48.516638,29.184421,2024-06-26 16:39:00,0,E1,Temperature,Temperature,Температура,°C,°C,28.8221,1.0000000000,2024-06-26 16:39:00,0,0
1866,Северинівка,48.516638,29.184421,2024-06-26 16:39:00,0,E1,Temperature,Temperature,Температура,°C,°C,27.7426,1.0000000000,2024-06-26 16:39:00,0,0
1866,Северинівка,48.516638,29.184421,2024-06-26 16:39:00,0,E2,Humidity,Humidity,Вологість,%,%,37.3142,1.0000000000,2024-06-26 16:39:00,0,0
1866,Северинівка,48.516638,29.184421,2024-06-26 16:39:00,0,E3,Pressure,Pressure,Атмосферний тиск,Pa,мм.рт.ст.,99547.4511,0.0075006168,2024-06-26 16:39:00,0,0
1918,Вінницька міська рада,49.2322042,28.46848,2024-06-26 16:27:39,0,A2,PM10,PM10,Пил 10 мкм,ug/m3,мкг/м³,1.7000,1.0000000000,2024-06-26 16:27:39,0,0
1918,Вінницька міська рада,49.2322042,28.46848,2024-06-26 16:27:39,0,A3,PM2.5,PM2.5,Пил 2.5 мкм,ug/m3,мкг/м³,1.6000,1.0000000000,2024-06-26 16:27:39,0,0
1918,Вінницька міська рада,49.2322042,28.46848,2024-06-26 16:27:39,0,B1,NO₂,NO₂,Діоксид азоту,ppb,мкг/м³,21.2300,1.9125000000,2024-06-26 16:27:39,0,0
1918,Вінницька міська рада,49.2322042,28.46848,2024-06-26 16:27:39,0,B2,CO,CO,Монооксид вуглецю,ppm,мкг/м³,0.5000,1164.2000000000,2024-06-26 16:27:39,0,0
1918,Вінницька міська рада,49.2322042,28.46848,2024-06-26 16:27:39,0,D1,RAD,RAD,Радіаційний фон,uR/h,мкР/год,11.9100,1.0000000000,2024-06-26 16:27:39,0,0
1918,Вінницька міська рада,49.2322042,28.46848,2024-06-26 16:27:39,0,E1,Temperature,Temperature,Температура,°C,°C,23.4400,1.0000000000,2024-06-26 16:27:39,0,0
1918,Вінницька міська рада,49.2322042,28.46848,2024-06-26 16:27:39,0,E1,Temperature,Temperature,Температура,°C,°C,23.7300,1.0000000000,2024-06-26 16:27:39,0,0
1918,Вінницька міська рада,49.2322042,28.46848,2024-06-26 16:27:39,0,E2,Humidity,Humidity,Вологість,%,%,52.8000,1.0000000000,2024-06-26 16:27:39,0,0
1918,Вінницька міська рада,49.2322042,28.46848,2024-06-26 16:27:39,0,E3,Pressure,Pressure,Атмосферний тиск,Pa,мм.рт.ст.,98866.1300,0.0075006168,2024-06-26 16:27:39,0,0
1919,Поділля-Коріатовичів,49.2195278,28.45438,2024-06-26 16:39:12,0,A2,PM10,PM10,Пил 10 мкм,ug/m3,мкг/м³,4.5474,1.0000000000,2024-06-26 16:39:12,0,0
1919,Поділля-Коріатовичів,49.2195278,28.45438,2024-06-26 16:39:12,0,A3,PM2.5,PM2.5,Пил 2.5 мкм,ug/m3,мкг/м³,2.1421,1.0000000000,2024-06-26 16:39:12,0,0
1919,Поділля-Коріатовичів,49.2195278,28.45438,2024-06-26 16:39:12,0,D1,RAD,RAD,Радіаційний фон,uR/h,мкР/год,13.1142,1.0000000000,2024-06-26 16:39:12,0,0
1919,Поділля-Коріатовичів,49.2195278,28.45438,2024-06-26 16:39:12,0,E1,Temperature,Temperature,Температура,°C,°C,28.1753,1.0000000000,2024-06-26 16:39:12,0,0
1919,Поділля-Коріатовичів,49.2195278,28.45438,2024-06-26 16:39:12,0,E1,Temperature,Temperature,Температура,°C,°C,27.8411,1.0000000000,2024-06-26 16:39:12,0,0
1919,Поділля-Коріатовичів,49.2195278,28.45438,2024-06-26 16:39:12,0,E2,Humidity,Humidity,Вологість,%,%,42.2547,1.0000000000,2024-06-26 16:39:12,0,0
1919,Поділля-Коріатовичів,49.2195278,28.45438,2024-06-26 16:39:12,0,E3,Pressure,Pressure,Атмосферний тиск,Pa,мм.рт.ст.,98779.5816,0.0075006168,2024-06-26 16:39:12,0,0
256,vinnytsia-256,49.208752495399324,28.528553271164593,2024-06-26T13:34:00Z,0,A4,PM1.0,PM1.0,Пил 1.0 мкм,ug/m3,мкг/м³,1.8735,null,2024-06-26T13:34:00Z,0,0
256,vinnytsia-256,49.208752495399324,28.528553271164593,2024-06-26T13:34:00Z,0,A3,PM2.5,PM2.5,Пил 2.5 мкм,ug/m3,мкг/м³,2.35725,null,2024-06-26T13:34:00Z,0,0
256,vinnytsia-256,49.208752495399324,28.528553271164593,2024-06-26T13:34:00Z,0,A2,PM100,PM100,Пил 10 мкм,ug/m3,мкг/м³,8.75325,null,2024-06-26T13:34:00Z,0,0
256,vinnytsia-256,49.208752495399324,28.528553271164593,2024-06-26T13:34:00Z,0,E1,Temperature,Temperature,Температура,°C,°C,29.15425,null,2024-06-26T13:34:00Z,0,0
256,vinnytsia-256,49.208752495399324,28.528553271164593,2024-06-26T13:34:00Z,0,E2,Humidity,Humidity,Вологість,%,%,36.693250000000006,null,2024-06-26T13:34:00Z,0,0
256,vinnytsia-256,49.208752495399324,28.528553271164593,2024-06-26T13:34:00Z,0,E3,Pressure,Pressure,Атмосферний тиск,Pa,Паскаль,98328.5485,null,2024-06-26T13:34:00Z,0,0
271,vinnytsia-271,49.236887137498584,28.513305486721826,2024-06-26T13:34:00Z,0,A4,PM1.0,PM1.0,Пил 1.0 мкм,ug/m3,мкг/м³,3.1975,null,2024-06-26T13:34:00Z,0,0
271,vinnytsia-271,49.236887137498584,28.513305486721826,2024-06-26T13:34:00Z,0,A3,PM2.5,PM2.5,Пил 2.5 мкм,ug/m3,мкг/м³,5.46425,null,2024-06-26T13:34:00Z,0,0
271,vinnytsia-271,49.236887137498584,28.513305486721826,2024-06-26T13:34:00Z,0,A2,PM100,PM100,Пил 10 мкм,ug/m3,мкг/м³,14.88475,null,2024-06-26T13:34:00Z,0,0
271,vinnytsia-271,49.236887137498584,28.513305486721826,2024-06-26T13:34:00Z,0,E1,Temperature,Temperature,Температура,°C,°C,27.338250000000002,null,2024-06-26T13:34:00Z,0,0
271,vinnytsia-271,49.236887137498584,28.513305486721826,2024-06-26T13:34:00Z,0,E2,Humidity,Humidity,Вологість,%,%,40.851,null,2024-06-26T13:34:00Z,0,0
271,vinnytsia-271,49.236887137498584,28.513305486721826,2024-06-26T13:34:00Z,0,E3,Pressure,Pressure,Атмосферний тиск,Pa,Паскаль,98781.91750000001,null,2024-06-26T13:34:00Z,0,0
281,vinnytsia-281,49.24192686787152,28.462020923798242,2024-06-26T13:34:00Z,0,A4,PM1.0,PM1.0,Пил 1.0 мкм,ug/m3,мкг/м³,2.43825,null,2024-06-26T13:34:00Z,0,0
281,vinnytsia-281,49.24192686787152,28.462020923798242,2024-06-26T13:34:00Z,0,A3,PM2.5,PM2.5,Пил 2.5 мкм,ug/m3,мкг/м³,3.5969999999999995,null,2024-06-26T13:34:00Z,0,0
281,vinnytsia-281,49.24192686787152,28.462020923798242,2024-06-26T13:34:00Z,0,A2,PM100,PM100,Пил 10 мкм,ug/m3,мкг/м³,11.52325,null,2024-06-26T13:34:00Z,0,0
281,vinnytsia-281,49.24192686787152,28.462020923798242,2024-06-26T13:34:00Z,0,E1,Temperature,Temperature,Температура,°C,°C,28.41525,null,2024-06-26T13:34:00Z,0,0
281,vinnytsia-281,49.24192686787152,28.462020923798242,2024-06-26T13:34:00Z,0,E2,Humidity,Humidity,Вологість,%,%,37.22425,null,2024-06-26T13:34:00Z,0,0
281,vinnytsia-281,49.24192686787152,28.462020923798242,2024-06-26T13:34:00Z,0,E3,Pressure,Pressure,Атмосферний тиск,Pa,Паскаль,98785.20775,null,2024-06-26T13:34:00Z,0,0
315,vinnytsia-315,49.2436875857327,28.496432230155264,2024-06-26T13:34:00Z,0,A4,PM1.0,PM1.0,Пил 1.0 мкм,ug/m3,мкг/м³,4.453,null,2024-06-26T13:34:00Z,0,0
315,vinnytsia-315,49.2436875857327,28.496432230155264,2024-06-26T13:34:00Z,0,A3,PM2.5,PM2.5,Пил 2.5 мкм,ug/m3,мкг/м³,7.15325,null,2024-06-26T13:34:00Z,0,0
315,vinnytsia-315,49.2436875857327,28.496432230155264,2024-06-26T13:34:00Z,0,A2,PM100,PM100,Пил 10 мкм,ug/m3,мкг/м³,19.60525,null,2024-06-26T13:34:00Z,0,0
315,vinnytsia-315,49.2436875857327,28.496432230155264,2024-06-26T13:34:00Z,0,E1,Temperature,Temperature,Температура,°C,°C,33.7805,null,2024-06-26T13:34:00Z,0,0
315,vinnytsia-315,49.2436875857327,28.496432230155264,2024-06-26T13:34:00Z,0,E2,Humidity,Humidity,Вологість,%,%,31.719249999999995,null,2024-06-26T13:34:00Z,0,0
315,vinnytsia-315,49.2436875857327,28.496432230155264,2024-06-26T13:34:00Z,0,E3,Pressure,Pressure,Атмосферний тиск,Pa,Паскаль,null,null,2024-06-26T13:34:00Z,0,0
90,vinnytsia-90,49.21773364876253,28.44979464092501,2024-06-26T13:34:00Z,0,A4,PM1.0,PM1.0,Пил 1.0 мкм,ug/m3,мкг/м³,5.7645,null,2024-06-26T13:34:00Z,0,0
90,vinnytsia-90,49.21773364876253,28.44979464092501,2024-06-26T13:34:00Z,0,A3,PM2.5,PM2.5,Пил 2.5 мкм,ug/m3,мкг/м³,9.072249999999999,null,2024-06-26T13:34:00Z,0,0
90,vinnytsia-90,49.21773364876253,28.44979464092501,2024-06-26T13:34:00Z,0,A2,PM100,PM100,Пил 10 мкм,ug/m3,мкг/м³,24.742,null,2024-06-26T13:34:00Z,0,0
90,vinnytsia-90,49.21773364876253,28.44979464092501,2024-06-26T13:34:00Z,0,E1,Temperature,Temperature,Температура,°C,°C,39.886,null,2024-06-26T13:34:00Z,0,0
90,vinnytsia-90,49.21773364876253,28.44979464092501,2024-06-26T13:34:00Z,0,E2,Humidity,Humidity,Вологість,%,%,27.705499999999997,null,2024-06-26T13:34:00Z,0,0
90,vinnytsia-90,49.21773364876253,28.44979464092501,2024-06-26T13:34:00Z,0,E3,Pressure,Pressure,Атмосферний тиск,Pa,Паскаль,98593.23074999999,null,2024-06-26T13:34:00Z,0,0
650,дім,49.343484,28.729830,2024-06-26 16:58:15,0,A2,PM10,PM10,Пил 10 мкм,ug/m3,мкг/м³,1.5956,1.0000000000,2024-06-26 16:58:15,0,0
650,дім,49.343484,28.729830,2024-06-26 16:58:15,0,A3,PM2.5,PM2.5,Пил 2.5 мкм,ug/m3,мкг/м³,1.2628,1.0000000000,2024-06-26 16:58:15,0,0
650,дім,49.343484,28.729830,2024-06-26 16:58:15,0,C1,VOC (H₂CO),VOC (H₂CO),ЛОС (Формальдегід),ppb,мкг/м³,9.0000,1.2450000000,2024-06-26 16:58:15,0,0
650,дім,49.343484,28.729830,2024-06-26 16:58:15,0,E1,Temperature,Temperature,Температура,°C,°C,27.7328,1.0000000000,2024-06-26 16:58:15,0,0
650,дім,49.343484,28.729830,2024-06-26 16:58:15,0,E2,Humidity,Humidity,Вологість,%,%,36.7722,1.0000000000,2024-06-26 16:58:15,0,0
650,дім,49.343484,28.729830,2024-06-26 16:58:15,0,E3,Pressure,Pressure,Атмосферний тиск,Pa,мм.рт.ст.,98890.8139,0.0075006168,2024-06-26 16:58:15,0,0
767,Соборна 36,49.232859,28.470453,2024-06-26 16:59:01,0,A2,PM10,PM10,Пил 10 мкм,ug/m3,мкг/м³,1.1837,1.0000000000,2024-06-26 16:59:01,0,0
767,Соборна 36,49.232859,28.470453,2024-06-26 16:59:01,0,A3,PM2.5,PM2.5,Пил 2.5 мкм,ug/m3,мкг/м³,0.2968,1.0000000000,2024-06-26 16:59:01,0,0
774,Станція замостя,49.245473,28.493727,2024-06-26 16:59:35,0,A2,PM10,PM10,Пил 10 мкм,ug/m3,мкг/м³,4.2630,1.0000000000,2024-06-26 16:59:35,0,0
774,Станція замостя,49.245473,28.493727,2024-06-26 16:59:35,0,A3,PM2.5,PM2.5,Пил 2.5 мкм,ug/m3,мкг/м³,2.3730,1.0000000000,2024-06-26 16:59:35,0,0
774,Станція замостя,49.245473,28.493727,2024-06-26 16:59:35,0,E1,Temperature,Temperature,Температура,°C,°C,28.3325,1.0000000000,2024-06-26 16:59:35,0,0
774,Станція замостя,49.245473,28.493727,2024-06-26 16:59:35,0,E2,Humidity,Humidity,Вологість,%,%,32.8330,1.0000000000,2024-06-26 16:59:35,0,0
774,Станція замостя,49.245473,28.493727,2024-06-26 16:59:35,0,E3,Pressure,Pressure,Атмосферний тиск,Pa,мм.рт.ст.,98674.0100,0.0075006168,2024-06-26 16:59:35,0,0
790,станція Вишенька,49.2270093,28.4189984,2024-06-26 16:59:41,0,A2,PM10,PM10,Пил 10 мкм,ug/m3,мкг/м³,4.3294,1.0000000000,2024-06-26 16:59:41,0,0
790,станція Вишенька,49.2270093,28.4189984,2024-06-26 16:59:41,0,A3,PM2.5,PM2.5,Пил 2.5 мкм,ug/m3,мкг/м³,1.8718,1.0000000000,2024-06-26 16:59:41,0,0
790,станція Вишенька,49.2270093,28.4189984,2024-06-26 16:59:41,0,E1,Temperature,Temperature,Температура,°C,°C,27.7412,1.0000000000,2024-06-26 16:59:41,0,0
790,станція Вишенька,49.2270093,28.4189984,2024-06-26 16:59:41,0,E2,Humidity,Humidity,Вологість,%,%,33.7647,1.0000000000,2024-06-26 16:59:41,0,0
790,станція Вишенька,49.2270093,28.4189984,2024-06-26 16:59:41,0,E3,Pressure,Pressure,Атмосферний тиск,Pa,мм.рт.ст.,98660.0735,0.0075006168,2024-06-26 16:59:41,0,0
1315,Vinnytsia National Technical University,49.23327,28.409161,2024-06-26 16:59:37,0,A2,PM10,PM10,Пил 10 мкм,ug/m3,мкг/м³,18.6815,1.0000000000,2024-06-26 16:59:37,0,0
1315,Vinnytsia National Technical University,49.23327,28.409161,2024-06-26 16:59:37,0,A3,PM2.5,PM2.5,Пил 2.5 мкм,ug/m3,мкг/м³,17.4500,1.0000000000,2024-06-26 16:59:37,0,0
1315,Vinnytsia National Technical University,49.23327,28.409161,2024-06-26 16:59:37,0,A4,PM1.0,PM1.0,Пил 1.0 мкм,ug/m3,мкг/м³,14.3505,1.0000000000,2024-06-26 16:59:37,0,0
1315,Vinnytsia National Technical University,49.23327,28.409161,2024-06-26 16:59:37,0,B2,CO,CO,Монооксид вуглецю,ppm,мкг/м³,0.5000,1164.2000000000,2024-06-26 16:59:37,0,0
1315,Vinnytsia National Technical University,49.23327,28.409161,2024-06-26 16:59:37,0,B3,O₃,O₃,O₃,ppm,мкг/м³,0.0450,1995.7000000000,2024-06-26 16:59:37,0,0
1315,Vinnytsia National Technical University,49.23327,28.409161,2024-06-26 16:59:37,0,C1,VOC (H₂CO),VOC (H₂CO),ЛОС (Формальдегід),mg/m3,мкг/м³,0.0107,1000.0000000000,2024-06-26 16:59:37,0,0
1315,Vinnytsia National Technical University,49.23327,28.409161,2024-06-26 16:59:37,0,E1,Temperature,Temperature,Температура,°C,°C,26.4020,1.0000000000,2024-06-26 16:59:37,0,0
1315,Vinnytsia National Technical University,49.23327,28.409161,2024-06-26 16:59:37,0,E1,Temperature,Temperature,Температура,°C,°C,19.8650,1.0000000000,2024-06-26 16:59:37,0,0
1315,Vinnytsia National Technical University,49.23327,28.409161,2024-06-26 16:59:37,0,E1,Temperature,Temperature,Температура,°C,°C,27.2870,1.0000000000,2024-06-26 16:59:37,0,0
1315,Vinnytsia National Technical University,49.23327,28.409161,2024-06-26 16:59:37,0,E2,Humidity,Humidity,Вологість,%,%,40.9425,1.0000000000,2024-06-26 16:59:37,0,0
1315,Vinnytsia National Technical University,49.23327,28.409161,2024-06-26 16:59:37,0,E2,Humidity,Humidity,Вологість,%,%,53.5820,1.0000000000,2024-06-26 16:59:37,0,0
1315,Vinnytsia National Technical University,49.23327,28.409161,2024-06-26 16:59:37,0,E3,Pressure,Pressure,Атмосферний тиск,Pa,мм.рт.ст.,98667.5890,0.0075006168,2024-06-26 16:59:37,0,0
1811,EcoCity станція моніторингу Хмільник,49.558012,27.956897,2024-06-26 16:59:01,0,A2,PM10,PM10,Пил 10 мкм,ug/m3,мкг/м³,5.1895,1.0000000000,2024-06-26 16:59:01,0,0
1811,EcoCity станція моніторингу Хмільник,49.558012,27.956897,2024-06-26 16:59:01,0,A3,PM2.5,PM2.5,Пил 2.5 мкм,ug/m3,мкг/м³,1.7789,1.0000000000,2024-06-26 16:59:01,0,0
1811,EcoCity станція моніторингу Хмільник,49.558012,27.956897,2024-06-26 16:59:01,0,D1,RAD,RAD,Радіаційний фон,uR/h,мкР/год,14.4879,1.0000000000,2024-06-26 16:59:01,0,0
1811,EcoCity станція моніторингу Хмільник,49.558012,27.956897,2024-06-26 16:59:01,0,E1,Temperature,Temperature,Температура,°C,°C,35.5500,1.0000000000,2024-06-26 16:59:01,0,0
1811,EcoCity станція моніторингу Хмільник,49.558012,27.956897,2024-06-26 16:59:01,0,E1,Temperature,Temperature,Температура,°C,°C,36.0511,1.0000000000,2024-06-26 16:59:01,0,0
1811,EcoCity станція моніторингу Хмільник,49.558012,27.956897,2024-06-26 16:59:01,0,E2,Humidity,Humidity,Вологість,%,%,26.6547,1.0000000000,2024-06-26 16:59:01,0,0
1811,EcoCity станція моніторингу Хмільник,49.558012,27.956897,2024-06-26 16:59:01,0,E3,Pressure,Pressure,Атмосферний тиск,Pa,мм.рт.ст.,98943.6026,0.0075006168,2024-06-26 16:59:01,0,0
1813,Якушинці,49.2571196,28.3671704,2024-06-26 16:59:15,0,A2,PM10,PM10,Пил 10 мкм,ug/m3,мкг/м³,4.1200,1.0000000000,2024-06-26 16:59:15,0,0
1813,Якушинці,49.2571196,28.3671704,2024-06-26 16:59:15,0,A3,PM2.5,PM2.5,Пил 2.5 мкм,ug/m3,мкг/м³,1.8800,1.0000000000,2024-06-26 16:59:15,0,0
1813,Якушинці,49.2571196,28.3671704,2024-06-26 16:59:15,0,D1,RAD,RAD,Радіаційний фон,uR/h,мкР/год,12.1955,1.0000000000,2024-06-26 16:59:15,0,0
1813,Якушинці,49.2571196,28.3671704,2024-06-26 16:59:15,0,E1,Temperature,Temperature,Температура,°C,°C,26.2355,1.0000000000,2024-06-26 16:59:15,0,0
1813,Якушинці,49.2571196,28.3671704,2024-06-26 16:59:15,0,E1,Temperature,Temperature,Температура,°C,°C,27.2090,1.0000000000,2024-06-26 16:59:15,0,0
1813,Якушинці,49.2571196,28.3671704,2024-06-26 16:59:15,0,E2,Humidity,Humidity,Вологість,%,%,38.4440,1.0000000000,2024-06-26 16:59:15,0,0
1813,Якушинці,49.2571196,28.3671704,2024-06-26 16:59:15,0,E3,Pressure,Pressure,Атмосферний тиск,Pa,мм.рт.ст.,98508.3685,0.0075006168,2024-06-26 16:59:15,0,0
1825,Центральна площа,49.105637,29.206617,2024-06-26 16:59:55,0,A2,PM10,PM10,Пил 10 мкм,ug/m3,мкг/м³,5.0350,1.0000000000,2024-06-26 16:59:55,0,0
1825,Центральна площа,49.105637,29.206617,2024-06-26 16:59:55,0,A3,PM2.5,PM2.5,Пил 2.5 мкм,ug/m3,мкг/м³,1.8650,1.0000000000,2024-06-26 16:59:55,0,0
1825,Центральна площа,49.105637,29.206617,2024-06-26 16:59:55,0,D1,RAD,RAD,Радіаційний фон,uR/h,мкР/год,14.7165,1.0000000000,2024-06-26 16:59:55,0,0
1825,Центральна площа,49.105637,29.206617,2024-06-26 16:59:55,0,E1,Temperature,Temperature,Температура,°C,°C,28.2350,1.0000000000,2024-06-26 16:59:55,0,0
1825,Центральна площа,49.105637,29.206617,2024-06-26 16:59:55,0,E1,Temperature,Temperature,Температура,°C,°C,29.1955,1.0000000000,2024-06-26 16:59:55,0,0
1825,Центральна площа,49.105637,29.206617,2024-06-26 16:59:55,0,E2,Humidity,Humidity,Вологість,%,%,36.8100,1.0000000000,2024-06-26 16:59:55,0,0
1825,Центральна площа,49.105637,29.206617,2024-06-26 16:59:55,0,E3,Pressure,Pressure,Атмосферний тиск,Pa,мм.рт.ст.,99297.0070,0.0075006168,2024-06-26 16:59:55,0,0
1830,Центр Безпеки громадян Війтівецької сільської ради,49.6288314,27.89884,2024-06-26 16:59:31,0,A2,PM10,PM10,Пил 10 мкм,ug/m3,мкг/м³,2.4133,1.0000000000,2024-06-26 16:59:31,0,0
1830,Центр Безпеки громадян Війтівецької сільської ради,49.6288314,27.89884,2024-06-26 16:59:31,0,A3,PM2.5,PM2.5,Пил 2.5 мкм,ug/m3,мкг/м³,1.3133,1.0000000000,2024-06-26 16:59:31,0,0
1830,Центр Безпеки громадян Війтівецької сільської ради,49.6288314,27.89884,2024-06-26 16:59:31,0,D1,RAD,RAD,Радіаційний фон,uR/h,мкР/год,11.9833,1.0000000000,2024-06-26 16:59:31,0,0
1830,Центр Безпеки громадян Війтівецької сільської ради,49.6288314,27.89884,2024-06-26 16:59:31,0,E1,Temperature,Temperature,Температура,°C,°C,29.5407,1.0000000000,2024-06-26 16:59:31,0,0
1830,Центр Безпеки громадян Війтівецької сільської ради,49.6288314,27.89884,2024-06-26 16:59:31,0,E1,Temperature,Temperature,Температура,°C,°C,30.1047,1.0000000000,2024-06-26 16:59:31,0,0
1830,Центр Безпеки громадян Війтівецької сільської ради,49.6288314,27.89884,2024-06-26 16:59:31,0,E2,Humidity,Humidity,Вологість,%,%,38.9000,1.0000000000,2024-06-26 16:59:31,0,0
1830,Центр Безпеки громадян Війтівецької сільської ради,49.6288314,27.89884,2024-06-26 16:59:31,0,E3,Pressure,Pressure,Атмосферний тиск,Pa,мм.рт.ст.,98756.6580,0.0075006168,2024-06-26 16:59:31,0,0
1866,Северинівка,48.516638,29.184421,2024-06-26 16:59:12,0,A2,PM10,PM10,Пил 10 мкм,ug/m3,мкг/м³,4.0250,1.0000000000,2024-06-26 16:59:12,0,0
1866,Северинівка,48.516638,29.184421,2024-06-26 16:59:12,0,A3,PM2.5,PM2.5,Пил 2.5 мкм,ug/m3,мкг/м³,1.3350,1.0000000000,2024-06-26 16:59:12,0,0
1866,Северинівка,48.516638,29.184421,2024-06-26 16:59:12,0,D1,RAD,RAD,Радіаційний фон,uR/h,мкР/год,12.3325,1.0000000000,2024-06-26 16:59:12,0,0
1866,Северинівка,48.516638,29.184421,2024-06-26 16:59:12,0,E1,Temperature,Temperature,Температура,°C,°C,27.4230,1.0000000000,2024-06-26 16:59:12,0,0
1866,Северинівка,48.516638,29.184421,2024-06-26 16:59:12,0,E1,Temperature,Temperature,Температура,°C,°C,28.5170,1.0000000000,2024-06-26 16:59:12,0,0
1866,Северинівка,48.516638,29.184421,2024-06-26 16:59:12,0,E2,Humidity,Humidity,Вологість,%,%,36.9005,1.0000000000,2024-06-26 16:59:12,0,0
1866,Северинівка,48.516638,29.184421,2024-06-26 16:59:12,0,E3,Pressure,Pressure,Атмосферний тиск,Pa,мм.рт.ст.,99532.7145,0.0075006168,2024-06-26 16:59:12,0,0
1919,Поділля-Коріатовичів,49.2195278,28.45438,2024-06-26 16:59:55,0,A2,PM10,PM10,Пил 10 мкм,ug/m3,мкг/м³,4.1450,1.0000000000,2024-06-26 16:59:55,0,0
1919,Поділля-Коріатовичів,49.2195278,28.45438,2024-06-26 16:59:55,0,A3,PM2.5,PM2.5,Пил 2.5 мкм,ug/m3,мкг/м³,2.0700,1.0000000000,2024-06-26 16:59:55,0,0
1919,Поділля-Коріатовичів,49.2195278,28.45438,2024-06-26 16:59:55,0,D1,RAD,RAD,Радіаційний фон,uR/h,мкР/год,14.8140,1.0000000000,2024-06-26 16:59:55,0,0
1919,Поділля-Коріатовичів,49.2195278,28.45438,2024-06-26 16:59:55,0,E1,Temperature,Temperature,Температура,°C,°C,27.1745,1.0000000000,2024-06-26 16:59:55,0,0
1919,Поділля-Коріатовичів,49.2195278,28.45438,2024-06-26 16:59:55,0,E1,Temperature,Temperature,Температура,°C,°C,27.4990,1.0000000000,2024-06-26 16:59:55,0,0
1919,Поділля-Коріатовичів,49.2195278,28.45438,2024-06-26 16:59:55,0,E2,Humidity,Humidity,Вологість,%,%,43.2370,1.0000000000,2024-06-26 16:59:55,0,0
1919,Поділля-Коріатовичів,49.2195278,28.45438,2024-06-26 16:59:55,0,E3,Pressure,Pressure,Атмосферний тиск,Pa,мм.рт.ст.,98767.7120,0.0075006168,2024-06-26 16:59:55,0,0
256,vinnytsia-256,49.208752495399324,28.528553271164593,2024-06-26T13:54:00Z,0,A4,PM1.0,PM1.0,Пил 1.0 мкм,ug/m3,мкг/м³,1.8725,null,2024-06-26T13:54:00Z,0,0
256,vinnytsia-256,49.208752495399324,28.528553271164593,2024-06-26T13:54:00Z,0,A3,PM2.5,PM2.5,Пил 2.5 мкм,ug/m3,мкг/м³,2.36,null,2024-06-26T13:54:00Z,0,0
256,vinnytsia-256,49.208752495399324,28.528553271164593,2024-06-26T13:54:00Z,0,A2,PM100,PM100,Пил 10 мкм,ug/m3,мкг/м³,8.7645,null,2024-06-26T13:54:00Z,0,0
256,vinnytsia-256,49.208752495399324,28.528553271164593,2024-06-26T13:54:00Z,0,E1,Temperature,Temperature,Температура,°C,°C,29.592750000000002,null,2024-06-26T13:54:00Z,0,0
256,vinnytsia-256,49.208752495399324,28.528553271164593,2024-06-26T13:54:00Z,0,E2,Humidity,Humidity,Вологість,%,%,36.02575,null,2024-06-26T13:54:00Z,0,0
256,vinnytsia-256,49.208752495399324,28.528553271164593,2024-06-26T13:54:00Z,0,E3,Pressure,Pressure,Атмосферний тиск,Pa,Паскаль,98318.131,null,2024-06-26T13:54:00Z,0,0
271,vinnytsia-271,49.236887137498584,28.513305486721826,2024-06-26T13:54:00Z,0,A4,PM1.0,PM1.0,Пил 1.0 мкм,ug/m3,мкг/м³,3.01825,null,2024-06-26T13:54:00Z,0,0
271,vinnytsia-271,49.236887137498584,28.513305486721826,2024-06-26T13:54:00Z,0,A3,PM2.5,PM2.5,Пил 2.5 мкм,ug/m3,мкг/м³,5.123749999999999,null,2024-06-26T13:54:00Z,0,0
271,vinnytsia-271,49.236887137498584,28.513305486721826,2024-06-26T13:54:00Z,0,A2,PM100,PM100,Пил 10 мкм,ug/m3,мкг/м³,14.18,null,2024-06-26T13:54:00Z,0,0
271,vinnytsia-271,49.236887137498584,28.513305486721826,2024-06-26T13:54:00Z,0,E1,Temperature,Temperature,Температура,°C,°C,27.137,null,2024-06-26T13:54:00Z,0,0
271,vinnytsia-271,49.236887137498584,28.513305486721826,2024-06-26T13:54:00Z,0,E2,Humidity,Humidity,Вологість,%,%,40.593500000000006,null,2024-06-26T13:54:00Z,0,0
271,vinnytsia-271,49.236887137498584,28.513305486721826,2024-06-26T13:54:00Z,0,E3,Pressure,Pressure,Атмосферний тиск,Pa,Паскаль,98770.22750000001,null,2024-06-26T13:54:00Z,0,0
281,vinnytsia-281,49.24192686787152,28.462020923798242,2024-06-26T13:54:00Z,0,A4,PM1.0,PM1.0,Пил 1.0 мкм,ug/m3,мкг/м³,2.4667499999999998,null,2024-06-26T13:54:00Z,0,0
281,vinnytsia-281,49.24192686787152,28.462020923798242,2024-06-26T13:54:00Z,0,A3,PM2.5,PM2.5,Пил 2.5 мкм,ug/m3,мкг/м³,3.67475,null,2024-06-26T13:54:00Z,0,0
281,vinnytsia-281,49.24192686787152,28.462020923798242,2024-06-26T13:54:00Z,0,A2,PM100,PM100,Пил 10 мкм,ug/m3,мкг/м³,11.55275,null,2024-06-26T13:54:00Z,0,0
281,vinnytsia-281,49.24192686787152,28.462020923798242,2024-06-26T13:54:00Z,0,E1,Temperature,Temperature,Температура,°C,°C,28.246999999999996,null,2024-06-26T13:54:00Z,0,0
281,vinnytsia-281,49.24192686787152,28.462020923798242,2024-06-26T13:54:00Z,0,E2,Humidity,Humidity,Вологість,%,%,38.46025,null,2024-06-26T13:54:00Z,0,0
281,vinnytsia-281,49.24192686787152,28.462020923798242,2024-06-26T13:54:00Z,0,E3,Pressure,Pressure,Атмосферний тиск,Pa,Паскаль,98778.8995,null,2024-06-26T13:54:00Z,0,0
315,vinnytsia-315,49.2436875857327,28.496432230155264,2024-06-26T13:54:00Z,0,A4,PM1.0,PM1.0,Пил 1.0 мкм,ug/m3,мкг/м³,3.8825,null,2024-06-26T13:54:00Z,0,0
315,vinnytsia-315,49.2436875857327,28.496432230155264,2024-06-26T13:54:00Z,0,A3,PM2.5,PM2.5,Пил 2.5 мкм,ug/m3,мкг/м³,6.4055,null,2024-06-26T13:54:00Z,0,0
315,vinnytsia-315,49.2436875857327,28.496432230155264,2024-06-26T13:54:00Z,0,A2,PM100,PM100,Пил 10 мкм,ug/m3,мкг/м³,17.742,null,2024-06-26T13:54:00Z,0,0
315,vinnytsia-315,49.2436875857327,28.496432230155264,2024-06-26T13:54:00Z,0,E1,Temperature,Temperature,Температура,°C,°C,31.76225,null,2024-06-26T13:54:00Z,0,0
315,vinnytsia-315,49.2436875857327,28.496432230155264,2024-06-26T13:54:00Z,0,E2,Humidity,Humidity,Вологість,%,%,33.788,null,2024-06-26T13:54:00Z,0,0
315,vinnytsia-315,49.2436875857327,28.496432230155264,2024-06-26T13:54:00Z,0,E3,Pressure,Pressure,Атмосферний тиск,Pa,Паскаль,null,null,2024-06-26T13:54:00Z,0,0
90,vinnytsia-90,49.21773364876253,28.44979464092501,2024-06-26T13:54:00Z,0,A4,PM1.0,PM1.0,Пил 1.0 мкм,ug/m3,мкг/м³,6.159999999999999,null,2024-06-26T13:54:00Z,0,0
90,vinnytsia-90,49.21773364876253,28.44979464092501,2024-06-26T13:54:00Z,0,A3,PM2.5,PM2.5,Пил 2.5 мкм,ug/m3,мкг/м³,9.863,null,2024-06-26T13:54:00Z,0,0
90,vinnytsia-90,49.21773364876253,28.44979464092501,2024-06-26T13:54:00Z,0,A2,PM100,PM100,Пил 10 мкм,ug/m3,мкг/м³,25.76775,null,2024-06-26T13:54:00Z,0,0
90,vinnytsia-90,49.21773364876253,28.44979464092501,2024-06-26T13:54:00Z,0,E1,Temperature,Temperature,Температура,°C,°C,39.71225,null,2024-06-26T13:54:00Z,0,0
90,vinnytsia-90,49.21773364876253,28.44979464092501,2024-06-26T13:54:00Z,0,E2,Humidity,Humidity,Вологість,%,%,28.24125,null,2024-06-26T13:54:00Z,0,0
90,vinnytsia-90,49.21773364876253,28.44979464092501,2024-06-26T13:54:00Z,0,E3,Pressure,Pressure,Атмосферний тиск,Pa,Паскаль,98580.88675,null,2024-06-26T13:54:00Z,0,0
650,дім,49.343484,28.729830,2024-06-26 17:19:17,0,A2,PM10,PM10,Пил 10 мкм,ug/m3,мкг/м³,1.4321,1.0000000000,2024-06-26 17:19:17,0,0
650,дім,49.343484,28.729830,2024-06-26 17:19:17,0,A3,PM2.5,PM2.5,Пил 2.5 мкм,ug/m3,мкг/м³,1.2126,1.0000000000,2024-06-26 17:19:17,0,0
650,дім,49.343484,28.729830,2024-06-26 17:19:17,0,C1,VOC (H₂CO),VOC (H₂CO),ЛОС (Формальдегід),ppb,мкг/м³,9.0000,1.2450000000,2024-06-26 17:19:17,0,0
650,дім,49.343484,28.729830,2024-06-26 17:19:17,0,E1,Temperature,Temperature,Температура,°C,°C,27.4711,1.0000000000,2024-06-26 17:19:17,0,0
650,дім,49.343484,28.729830,2024-06-26 17:19:17,0,E2,Humidity,Humidity,Вологість,%,%,36.7174,1.0000000000,2024-06-26 17:19:17,0,0
650,дім,49.343484,28.729830,2024-06-26 17:19:17,0,E3,Pressure,Pressure,Атмосферний тиск,Pa,мм.рт.ст.,98865.0858,0.0075006168,2024-06-26 17:19:17,0,0
767,Соборна 36,49.232859,28.470453,2024-06-26 17:19:14,0,A2,PM10,PM10,Пил 10 мкм,ug/m3,мкг/м³,1.5689,1.0000000000,2024-06-26 17:19:14,0,0
767,Соборна 36,49.232859,28.470453,2024-06-26 17:19:14,0,A3,PM2.5,PM2.5,Пил 2.5 мкм,ug/m3,мкг/м³,0.2947,1.0000000000,2024-06-26 17:19:14,0,0
774,Станція замостя,49.245473,28.493727,2024-06-26 17:19:08,0,A2,PM10,PM10,Пил 10 мкм,ug/m3,мкг/м³,4.2184,1.0000000000,2024-06-26 17:19:08,0,0
774,Станція замостя,49.245473,28.493727,2024-06-26 17:19:08,0,A3,PM2.5,PM2.5,Пил 2.5 мкм,ug/m3,мкг/м³,2.2479,1.0000000000,2024-06-26 17:19:08,0,0
774,Станція замостя,49.245473,28.493727,2024-06-26 17:19:08,0,E1,Temperature,Temperature,Температура,°C,°C,28.3716,1.0000000000,2024-06-26 17:19:08,0,0
774,Станція замостя,49.245473,28.493727,2024-06-26 17:19:08,0,E2,Humidity,Humidity,Вологість,%,%,33.5342,1.0000000000,2024-06-26 17:19:08,0,0
774,Станція замостя,49.245473,28.493727,2024-06-26 17:19:08,0,E3,Pressure,Pressure,Атмосферний тиск,Pa,мм.рт.ст.,98649.5732,0.0075006168,2024-06-26 17:19:08,0,0
790,станція Вишенька,49.2270093,28.4189984,2024-06-26 17:19:12,0,A2,PM10,PM10,Пил 10 мкм,ug/m3,мкг/м³,4.5205,1.0000000000,2024-06-26 17:19:12,0,0
790,станція Вишенька,49.2270093,28.4189984,2024-06-26 17:19:12,0,A3,PM2.5,PM2.5,Пил 2.5 мкм,ug/m3,мкг/м³,1.8311,1.0000000000,2024-06-26 17:19:12,0,0
790,станція Вишенька,49.2270093,28.4189984,2024-06-26 17:19:12,0,E1,Temperature,Temperature,Температура,°C,°C,27.7889,1.0000000000,2024-06-26 17:19:12,0,0
790,станція Вишенька,49.2270093,28.4189984,2024-06-26 17:19:12,0,E2,Humidity,Humidity,Вологість,%,%,33.7537,1.0000000000,2024-06-26 17:19:12,0,0
790,станція Вишенька,49.2270093,28.4189984,2024-06-26 17:19:12,0,E3,Pressure,Pressure,Атмосферний тиск,Pa,мм.рт.ст.,98639.6484,0.0075006168,2024-06-26 17:19:12,0,0
1315,Vinnytsia National Technical University,49.23327,28.409161,2024-06-26 17:19:53,0,A2,PM10,PM10,Пил 10 мкм,ug/m3,мкг/м³,20.2370,1.0000000000,2024-06-26 17:19:53,0,0
1315,Vinnytsia National Technical University,49.23327,28.409161,2024-06-26 17:19:53,0,A3,PM2.5,PM2.5,Пил 2.5 мкм,ug/m3,мкг/м³,18.2690,1.0000000000,2024-06-26 17:19:53,0,0
1315,Vinnytsia National Technical University,49.23327,28.409161,2024-06-26 17:19:53,0,A4,PM1.0,PM1.0,Пил 1.0 мкм,ug/m3,мкг/м³,15.2190,1.0000000000,2024-06-26 17:19:53,0,0
1315,Vinnytsia National Technical University,49.23327,28.409161,2024-06-26 17:19:53,0,B2,CO,CO,Монооксид вуглецю,ppm,мкг/м³,0.5000,1164.2000000000,2024-06-26 17:19:53,0,0
1315,Vinnytsia National Technical University,49.23327,28.409161,2024-06-26 17:19:53,0,B3,O₃,O₃,O₃,ppm,мкг/м³,0.0400,1995.7000000000,2024-06-26 17:19:53,0,0
1315,Vinnytsia National Technical University,49.23327,28.409161,2024-06-26 17:19:53,0,C1,VOC (H₂CO),VOC (H₂CO),ЛОС (Формальдегід),mg/m3,мкг/м³,0.0107,1000.0000000000,2024-06-26 17:19:53,0,0
1315,Vinnytsia National Technical University,49.23327,28.409161,2024-06-26 17:19:53,0,E1,Temperature,Temperature,Температура,°C,°C,27.3725,1.0000000000,2024-06-26 17:19:53,0,0
1315,Vinnytsia National Technical University,49.23327,28.409161,2024-06-26 17:19:53,0,E1,Temperature,Temperature,Температура,°C,°C,26.4860,1.0000000000,2024-06-26 17:19:53,0,0
1315,Vinnytsia National Technical University,49.23327,28.409161,2024-06-26 17:19:53,0,E1,Temperature,Temperature,Температура,°C,°C,20.0100,1.0000000000,2024-06-26 17:19:53,0,0
1315,Vinnytsia National Technical University,49.23327,28.409161,2024-06-26 17:19:53,0,E2,Humidity,Humidity,Вологість,%,%,40.4620,1.0000000000,2024-06-26 17:19:53,0,0
1315,Vinnytsia National Technical University,49.23327,28.409161,2024-06-26 17:19:53,0,E2,Humidity,Humidity,Вологість,%,%,53.2220,1.0000000000,2024-06-26 17:19:53,0,0
1315,Vinnytsia National Technical University,49.23327,28.409161,2024-06-26 17:19:53,0,E3,Pressure,Pressure,Атмосферний тиск,Pa,мм.рт.ст.,98646.2055,0.0075006168,2024-06-26 17:19:53,0,0
1813,Якушинці,49.2571196,28.3671704,2024-06-26 17:02:18,0,A2,PM10,PM10,Пил 10 мкм,ug/m3,мкг/м³,3.6333,1.0000000000,2024-06-26 17:02:18,0,0
1813,Якушинці,49.2571196,28.3671704,2024-06-26 17:02:18,0,A3,PM2.5,PM2.5,Пил 2.5 мкм,ug/m3,мкг/м³,1.7667,1.0000000000,2024-06-26 17:02:18,0,0
1813,Якушинці,49.2571196,28.3671704,2024-06-26 17:02:18,0,D1,RAD,RAD,Радіаційний фон,uR/h,мкР/год,11.7267,1.0000000000,2024-06-26 17:02:18,0,0
1813,Якушинці,49.2571196,28.3671704,2024-06-26 17:02:18,0,E1,Temperature,Temperature,Температура,°C,°C,27.0867,1.0000000000,2024-06-26 17:02:18,0,0
1813,Якушинці,49.2571196,28.3671704,2024-06-26 17:02:18,0,E1,Temperature,Temperature,Температура,°C,°C,26.1133,1.0000000000,2024-06-26 17:02:18,0,0
1813,Якушинці,49.2571196,28.3671704,2024-06-26 17:02:18,0,E2,Humidity,Humidity,Вологість,%,%,38.9333,1.0000000000,2024-06-26 17:02:18,0,0
1813,Якушинці,49.2571196,28.3671704,2024-06-26 17:02:18,0,E3,Pressure,Pressure,Атмосферний тиск,Pa,мм.рт.ст.,98495.8733,0.0075006168,2024-06-26 17:02:18,0,0
1825,Центральна площа,49.105637,29.206617,2024-06-26 17:19:06,0,A2,PM10,PM10,Пил 10 мкм,ug/m3,мкг/м³,4.8316,1.0000000000,2024-06-26 17:19:06,0,0
1825,Центральна площа,49.105637,29.206617,2024-06-26 17:19:06,0,A3,PM2.5,PM2.5,Пил 2.5 мкм,ug/m3,мкг/м³,1.8526,1.0000000000,2024-06-26 17:19:06,0,0
1825,Центральна площа,49.105637,29.206617,2024-06-26 17:19:06,0,D1,RAD,RAD,Радіаційний фон,uR/h,мкР/год,14.6800,1.0000000000,2024-06-26 17:19:06,0,0
1825,Центральна площа,49.105637,29.206617,2024-06-26 17:19:06,0,E1,Temperature,Temperature,Температура,°C,°C,28.9716,1.0000000000,2024-06-26 17:19:06,0,0
1825,Центральна площа,49.105637,29.206617,2024-06-26 17:19:06,0,E1,Temperature,Temperature,Температура,°C,°C,28.0116,1.0000000000,2024-06-26 17:19:06,0,0
1825,Центральна площа,49.105637,29.206617,2024-06-26 17:19:06,0,E2,Humidity,Humidity,Вологість,%,%,37.3858,1.0000000000,2024-06-26 17:19:06,0,0
1825,Центральна площа,49.105637,29.206617,2024-06-26 17:19:06,0,E3,Pressure,Pressure,Атмосферний тиск,Pa,мм.рт.ст.,99278.5284,0.0075006168,2024-06-26 17:19:06,0,0
1830,Центр Безпеки громадян Війтівецької сільської ради,49.6288314,27.89884,2024-06-26 17:17:59,0,A2,PM10,PM10,Пил 10 мкм,ug/m3,мкг/м³,2.2643,1.0000000000,2024-06-26 17:17:59,0,0
1830,Центр Безпеки громадян Війтівецької сільської ради,49.6288314,27.89884,2024-06-26 17:17:59,0,A3,PM2.5,PM2.5,Пил 2.5 мкм,ug/m3,мкг/м³,1.3714,1.0000000000,2024-06-26 17:17:59,0,0
1830,Центр Безпеки громадян Війтівецької сільської ради,49.6288314,27.89884,2024-06-26 17:17:59,0,D1,RAD,RAD,Радіаційний фон,uR/h,мкР/год,11.0707,1.0000000000,2024-06-26 17:17:59,0,0
1830,Центр Безпеки громадян Війтівецької сільської ради,49.6288314,27.89884,2024-06-26 17:17:59,0,E1,Temperature,Temperature,Температура,°C,°C,30.5393,1.0000000000,2024-06-26 17:17:59,0,0
1830,Центр Безпеки громадян Війтівецької сільської ради,49.6288314,27.89884,2024-06-26 17:17:59,0,E1,Temperature,Temperature,Температура,°C,°C,29.9736,1.0000000000,2024-06-26 17:17:59,0,0
1830,Центр Безпеки громадян Війтівецької сільської ради,49.6288314,27.89884,2024-06-26 17:17:59,0,E2,Humidity,Humidity,Вологість,%,%,37.9721,1.0000000000,2024-06-26 17:17:59,0,0
1830,Центр Безпеки громадян Війтівецької сільської ради,49.6288314,27.89884,2024-06-26 17:17:59,0,E3,Pressure,Pressure,Атмосферний тиск,Pa,мм.рт.ст.,98742.8314,0.0075006168,2024-06-26 17:17:59,0,0
1866,Северинівка,48.516638,29.184421,2024-06-26 17:19:21,0,A2,PM10,PM10,Пил 10 мкм,ug/m3,мкг/м³,3.6750,1.0000000000,2024-06-26 17:19:21,0,0
1866,Северинівка,48.516638,29.184421,2024-06-26 17:19:21,0,A3,PM2.5,PM2.5,Пил 2.5 мкм,ug/m3,мкг/м³,1.2350,1.0000000000,2024-06-26 17:19:21,0,0
1866,Северинівка,48.516638,29.184421,2024-06-26 17:19:21,0,D1,RAD,RAD,Радіаційний фон,uR/h,мкР/год,11.0780,1.0000000000,2024-06-26 17:19:21,0,0
1866,Северинівка,48.516638,29.184421,2024-06-26 17:19:21,0,E1,Temperature,Temperature,Температура,°C,°C,28.3610,1.0000000000,2024-06-26 17:19:21,0,0
1866,Северинівка,48.516638,29.184421,2024-06-26 17:19:21,0,E1,Temperature,Temperature,Температура,°C,°C,27.2665,1.0000000000,2024-06-26 17:19:21,0,0
1866,Северинівка,48.516638,29.184421,2024-06-26 17:19:21,0,E2,Humidity,Humidity,Вологість,%,%,35.3350,1.0000000000,2024-06-26 17:19:21,0,0
1866,Северинівка,48.516638,29.184421,2024-06-26 17:19:21,0,E3,Pressure,Pressure,Атмосферний тиск,Pa,мм.рт.ст.,99514.7475,0.0075006168,2024-06-26 17:19:21,0,0
1919,Поділля-Коріатовичів,49.2195278,28.45438,2024-06-26 17:05:06,0,A2,PM10,PM10,Пил 10 мкм,ug/m3,мкг/м³,3.4800,1.0000000000,2024-06-26 17:05:06,0,0
1919,Поділля-Коріатовичів,49.2195278,28.45438,2024-06-26 17:05:06,0,A3,PM2.5,PM2.5,Пил 2.5 мкм,ug/m3,мкг/м³,2.1800,1.0000000000,2024-06-26 17:05:06,0,0
1919,Поділля-Коріатовичів,49.2195278,28.45438,2024-06-26 17:05:06,0,D1,RAD,RAD,Радіаційний фон,uR/h,мкР/год,14.0540,1.0000000000,2024-06-26 17:05:06,0,0
1919,Поділля-Коріатовичів,49.2195278,28.45438,2024-06-26 17:05:06,0,E1,Temperature,Temperature,Температура,°C,°C,27.2020,1.0000000000,2024-06-26 17:05:06,0,0
1919,Поділля-Коріатовичів,49.2195278,28.45438,2024-06-26 17:05:06,0,E1,Temperature,Temperature,Температура,°C,°C,26.8820,1.0000000000,2024-06-26 17:05:06,0,0
1919,Поділля-Коріатовичів,49.2195278,28.45438,2024-06-26 17:05:06,0,E2,Humidity,Humidity,Вологість,%,%,43.3460,1.0000000000,2024-06-26 17:05:06,0,0
1919,Поділля-Коріатовичів,49.2195278,28.45438,2024-06-26 17:05:06,0,E3,Pressure,Pressure,Атмосферний тиск,Pa,мм.рт.ст.,98753.0540,0.0075006168,2024-06-26 17:05:06,0,0
256,vinnytsia-256,49.208752495399324,28.528553271164593,2024-06-26T14:14:00Z,0,A4,PM1.0,PM1.0,Пил 1.0 мкм,ug/m3,мкг/м³,1.86575,null,2024-06-26T14:14:00Z,0,0
256,vinnytsia-256,49.208752495399324,28.528553271164593,2024-06-26T14:14:00Z,0,A3,PM2.5,PM2.5,Пил 2.5 мкм,ug/m3,мкг/м³,2.3395,null,2024-06-26T14:14:00Z,0,0
256,vinnytsia-256,49.208752495399324,28.528553271164593,2024-06-26T14:14:00Z,0,A2,PM100,PM100,Пил 10 мкм,ug/m3,мкг/м³,8.487,null,2024-06-26T14:14:00Z,0,0
256,vinnytsia-256,49.208752495399324,28.528553271164593,2024-06-26T14:14:00Z,0,E1,Temperature,Temperature,Температура,°C,°C,28.682750000000002,null,2024-06-26T14:14:00Z,0,0
256,vinnytsia-256,49.208752495399324,28.528553271164593,2024-06-26T14:14:00Z,0,E2,Humidity,Humidity,Вологість,%,%,38.28075,null,2024-06-26T14:14:00Z,0,0
256,vinnytsia-256,49.208752495399324,28.528553271164593,2024-06-26T14:14:00Z,0,E3,Pressure,Pressure,Атмосферний тиск,Pa,Паскаль,98284.716,null,2024-06-26T14:14:00Z,0,0
271,vinnytsia-271,49.236887137498584,28.513305486721826,2024-06-26T14:14:00Z,0,A4,PM1.0,PM1.0,Пил 1.0 мкм,ug/m3,мкг/м³,3.24475,null,2024-06-26T14:14:00Z,0,0
271,vinnytsia-271,49.236887137498584,28.513305486721826,2024-06-26T14:14:00Z,0,A3,PM2.5,PM2.5,Пил 2.5 мкм,ug/m3,мкг/м³,5.53275,null,2024-06-26T14:14:00Z,0,0
271,vinnytsia-271,49.236887137498584,28.513305486721826,2024-06-26T14:14:00Z,0,A2,PM100,PM100,Пил 10 мкм,ug/m3,мкг/м³,14.98,null,2024-06-26T14:14:00Z,0,0
271,vinnytsia-271,49.236887137498584,28.513305486721826,2024-06-26T14:14:00Z,0,E1,Temperature,Temperature,Температура,°C,°C,27.02025,null,2024-06-26T14:14:00Z,0,0
271,vinnytsia-271,49.236887137498584,28.513305486721826,2024-06-26T14:14:00Z,0,E2,Humidity,Humidity,Вологість,%,%,41.20575,null,2024-06-26T14:14:00Z,0,0
271,vinnytsia-271,49.236887137498584,28.513305486721826,2024-06-26T14:14:00Z,0,E3,Pressure,Pressure,Атмосферний тиск,Pa,Паскаль,98741.5615,null,2024-06-26T14:14:00Z,0,0
281,vinnytsia-281,49.24192686787152,28.462020923798242,2024-06-26T14:14:00Z,0,A4,PM1.0,PM1.0,Пил 1.0 мкм,ug/m3,мкг/м³,2.4685,null,2024-06-26T14:14:00Z,0,0
281,vinnytsia-281,49.24192686787152,28.462020923798242,2024-06-26T14:14:00Z,0,A3,PM2.5,PM2.5,Пил 2.5 мкм,ug/m3,мкг/м³,3.59975,null,2024-06-26T14:14:00Z,0,0
281,vinnytsia-281,49.24192686787152,28.462020923798242,2024-06-26T14:14:00Z,0,A2,PM100,PM100,Пил 10 мкм,ug/m3,мкг/м³,11.27375,null,2024-06-26T14:14:00Z,0,0
281,vinnytsia-281,49.24192686787152,28.462020923798242,2024-06-26T14:14:00Z,0,E1,Temperature,Temperature,Температура,°C,°C,28.09575,null,2024-06-26T14:14:00Z,0,0
281,vinnytsia-281,49.24192686787152,28.462020923798242,2024-06-26T14:14:00Z,0,E2,Humidity,Humidity,Вологість,%,%,40.217,null,2024-06-26T14:14:00Z,0,0
281,vinnytsia-281,49.24192686787152,28.462020923798242,2024-06-26T14:14:00Z,0,E3,Pressure,Pressure,Атмосферний тиск,Pa,Паскаль,98761.3485,null,2024-06-26T14:14:00Z,0,0
315,vinnytsia-315,49.2436875857327,28.496432230155264,2024-06-26T14:14:00Z,0,A4,PM1.0,PM1.0,Пил 1.0 мкм,ug/m3,мкг/м³,3.78625,null,2024-06-26T14:14:00Z,0,0
315,vinnytsia-315,49.2436875857327,28.496432230155264,2024-06-26T14:14:00Z,0,A3,PM2.5,PM2.5,Пил 2.5 мкм,ug/m3,мкг/м³,6.513,null,2024-06-26T14:14:00Z,0,0
315,vinnytsia-315,49.2436875857327,28.496432230155264,2024-06-26T14:14:00Z,0,A2,PM100,PM100,Пил 10 мкм,ug/m3,мкг/м³,17.607999999999997,null,2024-06-26T14:14:00Z,0,0
315,vinnytsia-315,49.2436875857327,28.496432230155264,2024-06-26T14:14:00Z,0,E1,Temperature,Temperature,Температура,°C,°C,30.13975,null,2024-06-26T14:14:00Z,0,0
315,vinnytsia-315,49.2436875857327,28.496432230155264,2024-06-26T14:14:00Z,0,E2,Humidity,Humidity,Вологість,%,%,36.555,null,2024-06-26T14:14:00Z,0,0
315,vinnytsia-315,49.2436875857327,28.496432230155264,2024-06-26T14:14:00Z,0,E3,Pressure,Pressure,Атмосферний тиск,Pa,Паскаль,null,null,2024-06-26T14:14:00Z,0,0
90,vinnytsia-90,49.21773364876253,28.44979464092501,2024-06-26T14:14:00Z,0,A4,PM1.0,PM1.0,Пил 1.0 мкм,ug/m3,мкг/м³,5.205,null,2024-06-26T14:14:00Z,0,0
90,vinnytsia-90,49.21773364876253,28.44979464092501,2024-06-26T14:14:00Z,0,A3,PM2.5,PM2.5,Пил 2.5 мкм,ug/m3,мкг/м³,8.244,null,2024-06-26T14:14:00Z,0,0
90,vinnytsia-90,49.21773364876253,28.44979464092501,2024-06-26T14:14:00Z,0,A2,PM100,PM100,Пил 10 мкм,ug/m3,мкг/м³,22.763749999999998,null,2024-06-26T14:14:00Z,0,0
90,vinnytsia-90,49.21773364876253,28.44979464092501,2024-06-26T14:14:00Z,0,E1,Temperature,Temperature,Температура,°C,°C,38.101749999999996,null,2024-06-26T14:14:00Z,0,0
90,vinnytsia-90,49.21773364876253,28.44979464092501,2024-06-26T14:14:00Z,0,E2,Humidity,Humidity,Вологість,%,%,29.07025,null,2024-06-26T14:14:00Z,0,0
90,vinnytsia-90,49.21773364876253,28.44979464092501,2024-06-26T14:14:00Z,0,E3,Pressure,Pressure,Атмосферний тиск,Pa,Паскаль,98551.6755,null,2024-06-26T14:14:00Z,0,0
650,дім,49.343484,28.729830,2024-06-26 17:38:59,0,A2,PM10,PM10,Пил 10 мкм,ug/m3,мкг/м³,1.2974,1.0000000000,2024-06-26 17:38:59,0,0
650,дім,49.343484,28.729830,2024-06-26 17:38:59,0,A3,PM2.5,PM2.5,Пил 2.5 мкм,ug/m3,мкг/м³,1.1311,1.0000000000,2024-06-26 17:38:59,0,0
650,дім,49.343484,28.729830,2024-06-26 17:38:59,0,C1,VOC (H₂CO),VOC (H₂CO),ЛОС (Формальдегід),ppb,мкг/м³,9.0000,1.2450000000,2024-06-26 17:38:59,0,0
650,дім,49.343484,28.729830,2024-06-26 17:38:59,0,E1,Temperature,Temperature,Температура,°C,°C,27.2342,1.0000000000,2024-06-26 17:38:59,0,0
650,дім,49.343484,28.729830,2024-06-26 17:38:59,0,E2,Humidity,Humidity,Вологість,%,%,36.9937,1.0000000000,2024-06-26 17:38:59,0,0
650,дім,49.343484,28.729830,2024-06-26 17:38:59,0,E3,Pressure,Pressure,Атмосферний тиск,Pa,мм.рт.ст.,98837.5879,0.0075006168,2024-06-26 17:38:59,0,0
767,Соборна 36,49.232859,28.470453,2024-06-26 17:39:02,0,A2,PM10,PM10,Пил 10 мкм,ug/m3,мкг/м³,1.5278,1.0000000000,2024-06-26 17:39:02,0,0
767,Соборна 36,49.232859,28.470453,2024-06-26 17:39:02,0,A3,PM2.5,PM2.5,Пил 2.5 мкм,ug/m3,мкг/м³,0.2806,1.0000000000,2024-06-26 17:39:02,0,0
774,Станція замостя,49.245473,28.493727,2024-06-26 17:39:44,0,A2,PM10,PM10,Пил 10 мкм,ug/m3,мкг/м³,3.9935,1.0000000000,2024-06-26 17:39:44,0,0
774,Станція замостя,49.245473,28.493727,2024-06-26 17:39:44,0,A3,PM2.5,PM2.5,Пил 2.5 мкм,ug/m3,мкг/м³,2.3720,1.0000000000,2024-06-26 17:39:44,0,0
774,Станція замостя,49.245473,28.493727,2024-06-26 17:39:44,0,E1,Temperature,Temperature,Температура,°C,°C,28.1990,1.0000000000,2024-06-26 17:39:44,0,0
774,Станція замостя,49.245473,28.493727,2024-06-26 17:39:44,0,E2,Humidity,Humidity,Вологість,%,%,33.4355,1.0000000000,2024-06-26 17:39:44,0,0
774,Станція замостя,49.245473,28.493727,2024-06-26 17:39:44,0,E3,Pressure,Pressure,Атмосферний тиск,Pa,мм.рт.ст.,98624.1100,0.0075006168,2024-06-26 17:39:44,0,0
790,станція Вишенька,49.2270093,28.4189984,2024-06-26 17:39:46,0,A2,PM10,PM10,Пил 10 мкм,ug/m3,мкг/м³,4.6010,1.0000000000,2024-06-26 17:39:46,0,0
790,станція Вишенька,49.2270093,28.4189984,2024-06-26 17:39:46,0,A3,PM2.5,PM2.5,Пил 2.5 мкм,ug/m3,мкг/м³,1.7760,1.0000000000,2024-06-26 17:39:46,0,0
790,станція Вишенька,49.2270093,28.4189984,2024-06-26 17:39:46,0,E1,Temperature,Temperature,Температура,°C,°C,27.6700,1.0000000000,2024-06-26 17:39:46,0,0
790,станція Вишенька,49.2270093,28.4189984,2024-06-26 17:39:46,0,E2,Humidity,Humidity,Вологість,%,%,33.8990,1.0000000000,2024-06-26 17:39:46,0,0
790,станція Вишенька,49.2270093,28.4189984,2024-06-26 17:39:46,0,E3,Pressure,Pressure,Атмосферний тиск,Pa,мм.рт.ст.,98615.3280,0.0075006168,2024-06-26 17:39:46,0,0
1315,Vinnytsia National Technical University,49.23327,28.409161,2024-06-26 17:39:07,0,A2,PM10,PM10,Пил 10 мкм,ug/m3,мкг/м³,20.6553,1.0000000000,2024-06-26 17:39:07,0,0
1315,Vinnytsia National Technical University,49.23327,28.409161,2024-06-26 17:39:07,0,A3,PM2.5,PM2.5,Пил 2.5 мкм,ug/m3,мкг/м³,18.7226,1.0000000000,2024-06-26 17:39:07,0,0
1315,Vinnytsia National Technical University,49.23327,28.409161,2024-06-26 17:39:07,0,A4,PM1.0,PM1.0,Пил 1.0 мкм,ug/m3,мкг/м³,15.4979,1.0000000000,2024-06-26 17:39:07,0,0
1315,Vinnytsia National Technical University,49.23327,28.409161,2024-06-26 17:39:07,0,B2,CO,CO,Монооксид вуглецю,ppm,мкг/м³,0.5000,1164.2000000000,2024-06-26 17:39:07,0,0
1315,Vinnytsia National Technical University,49.23327,28.409161,2024-06-26 17:39:07,0,B3,O₃,O₃,O₃,ppm,мкг/м³,0.0432,1995.7000000000,2024-06-26 17:39:07,0,0
1315,Vinnytsia National Technical University,49.23327,28.409161,2024-06-26 17:39:07,0,C1,VOC (H₂CO),VOC (H₂CO),ЛОС (Формальдегід),mg/m3,мкг/м³,0.0104,1000.0000000000,2024-06-26 17:39:07,0,0
1315,Vinnytsia National Technical University,49.23327,28.409161,2024-06-26 17:39:07,0,E1,Temperature,Temperature,Температура,°C,°C,27.2142,1.0000000000,2024-06-26 17:39:07,0,0
1315,Vinnytsia National Technical University,49.23327,28.409161,2024-06-26 17:39:07,0,E1,Temperature,Temperature,Температура,°C,°C,26.3221,1.0000000000,2024-06-26 17:39:07,0,0
1315,Vinnytsia National Technical University,49.23327,28.409161,2024-06-26 17:39:07,0,E1,Temperature,Temperature,Температура,°C,°C,19.7895,1.0000000000,2024-06-26 17:39:07,0,0
1315,Vinnytsia National Technical University,49.23327,28.409161,2024-06-26 17:39:07,0,E2,Humidity,Humidity,Вологість,%,%,40.7368,1.0000000000,2024-06-26 17:39:07,0,0
1315,Vinnytsia National Technical University,49.23327,28.409161,2024-06-26 17:39:07,0,E2,Humidity,Humidity,Вологість,%,%,53.4021,1.0000000000,2024-06-26 17:39:07,0,0
1315,Vinnytsia National Technical University,49.23327,28.409161,2024-06-26 17:39:07,0,E3,Pressure,Pressure,Атмосферний тиск,Pa,мм.рт.ст.,98621.1853,0.0075006168,2024-06-26 17:39:07,0,0
1825,Центральна площа,49.105637,29.206617,2024-06-26 17:39:17,0,A2,PM10,PM10,Пил 10 мкм,ug/m3,мкг/м³,5.0150,1.0000000000,2024-06-26 17:39:17,0,0
1825,Центральна площа,49.105637,29.206617,2024-06-26 17:39:17,0,A3,PM2.5,PM2.5,Пил 2.5 мкм,ug/m3,мкг/м³,1.8350,1.0000000000,2024-06-26 17:39:17,0,0
1825,Центральна площа,49.105637,29.206617,2024-06-26 17:39:17,0,D1,RAD,RAD,Радіаційний фон,uR/h,мкР/год,14.4960,1.0000000000,2024-06-26 17:39:17,0,0
1825,Центральна площа,49.105637,29.206617,2024-06-26 17:39:17,0,E1,Temperature,Temperature,Температура,°C,°C,28.6770,1.0000000000,2024-06-26 17:39:17,0,0
1825,Центральна площа,49.105637,29.206617,2024-06-26 17:39:17,0,E1,Temperature,Temperature,Температура,°C,°C,27.7225,1.0000000000,2024-06-26 17:39:17,0,0
1825,Центральна площа,49.105637,29.206617,2024-06-26 17:39:17,0,E2,Humidity,Humidity,Вологість,%,%,37.6720,1.0000000000,2024-06-26 17:39:17,0,0
1825,Центральна площа,49.105637,29.206617,2024-06-26 17:39:17,0,E3,Pressure,Pressure,Атмосферний тиск,Pa,мм.рт.ст.,99249.9315,0.0075006168,2024-06-26 17:39:17,0,0
1830,Центр Безпеки громадян Війтівецької сільської ради,49.6288314,27.89884,2024-06-26 17:39:53,0,A2,PM10,PM10,Пил 10 мкм,ug/m3,мкг/м³,2.5143,1.0000000000,2024-06-26 17:39:53,0,0
1830,Центр Безпеки громадян Війтівецької сільської ради,49.6288314,27.89884,2024-06-26 17:39:53,0,A3,PM2.5,PM2.5,Пил 2.5 мкм,ug/m3,мкг/м³,1.3286,1.0000000000,2024-06-26 17:39:53,0,0
1830,Центр Безпеки громадян Війтівецької сільської ради,49.6288314,27.89884,2024-06-26 17:39:53,0,D1,RAD,RAD,Радіаційний фон,uR/h,мкР/год,11.4100,1.0000000000,2024-06-26 17:39:53,0,0
1830,Центр Безпеки громадян Війтівецької сільської ради,49.6288314,27.89884,2024-06-26 17:39:53,0,E1,Temperature,Temperature,Температура,°C,°C,29.9271,1.0000000000,2024-06-26 17:39:53,0,0
1830,Центр Безпеки громадян Війтівецької сільської ради,49.6288314,27.89884,2024-06-26 17:39:53,0,E1,Temperature,Temperature,Температура,°C,°C,29.3721,1.0000000000,2024-06-26 17:39:53,0,0
1830,Центр Безпеки громадян Війтівецької сільської ради,49.6288314,27.89884,2024-06-26 17:39:53,0,E2,Humidity,Humidity,Вологість,%,%,38.3121,1.0000000000,2024-06-26 17:39:53,0,0
1830,Центр Безпеки громадян Війтівецької сільської ради,49.6288314,27.89884,2024-06-26 17:39:53,0,E3,Pressure,Pressure,Атмосферний тиск,Pa,мм.рт.ст.,98714.8450,0.0075006168,2024-06-26 17:39:53,0,0
1866,Северинівка,48.516638,29.184421,2024-06-26 17:39:32,0,A2,PM10,PM10,Пил 10 мкм,ug/m3,мкг/м³,3.6550,1.0000000000,2024-06-26 17:39:32,0,0
1866,Северинівка,48.516638,29.184421,2024-06-26 17:39:32,0,A3,PM2.5,PM2.5,Пил 2.5 мкм,ug/m3,мкг/м³,1.3950,1.0000000000,2024-06-26 17:39:32,0,0
1866,Северинівка,48.516638,29.184421,2024-06-26 17:39:32,0,D1,RAD,RAD,Радіаційний фон,uR/h,мкР/год,11.5130,1.0000000000,2024-06-26 17:39:32,0,0
1866,Северинівка,48.516638,29.184421,2024-06-26 17:39:32,0,E1,Temperature,Temperature,Температура,°C,°C,28.2125,1.0000000000,2024-06-26 17:39:32,0,0
1866,Северинівка,48.516638,29.184421,2024-06-26 17:39:32,0,E1,Temperature,Temperature,Температура,°C,°C,27.1130,1.0000000000,2024-06-26 17:39:32,0,0
1866,Северинівка,48.516638,29.184421,2024-06-26 17:39:32,0,E2,Humidity,Humidity,Вологість,%,%,37.1000,1.0000000000,2024-06-26 17:39:32,0,0
1866,Северинівка,48.516638,29.184421,2024-06-26 17:39:32,0,E3,Pressure,Pressure,Атмосферний тиск,Pa,мм.рт.ст.,99490.9590,0.0075006168,2024-06-26 17:39:32,0,0
1918,Вінницька міська рада,49.2322042,28.46848,2024-06-26 17:38:34,0,A2,PM10,PM10,Пил 10 мкм,ug/m3,мкг/м³,1.8000,1.0000000000,2024-06-26 17:38:34,0,0
1918,Вінницька міська рада,49.2322042,28.46848,2024-06-26 17:38:34,0,A3,PM2.5,PM2.5,Пил 2.5 мкм,ug/m3,мкг/м³,1.7000,1.0000000000,2024-06-26 17:38:34,0,0
1918,Вінницька міська рада,49.2322042,28.46848,2024-06-26 17:38:34,0,B1,NO₂,NO₂,Діоксид азоту,ppb,мкг/м³,23.1500,1.9125000000,2024-06-26 17:38:34,0,0
1918,Вінницька міська рада,49.2322042,28.46848,2024-06-26 17:38:34,0,B2,CO,CO,Монооксид вуглецю,ppm,мкг/м³,0.5000,1164.2000000000,2024-06-26 17:38:34,0,0
1918,Вінницька міська рада,49.2322042,28.46848,2024-06-26 17:38:34,0,D1,RAD,RAD,Радіаційний фон,uR/h,мкР/год,14.3633,1.0000000000,2024-06-26 17:38:34,0,0
1918,Вінницька міська рада,49.2322042,28.46848,2024-06-26 17:38:34,0,E1,Temperature,Temperature,Температура,°C,°C,24.0333,1.0000000000,2024-06-26 17:38:34,0,0
1918,Вінницька міська рада,49.2322042,28.46848,2024-06-26 17:38:34,0,E1,Temperature,Temperature,Температура,°C,°C,23.7333,1.0000000000,2024-06-26 17:38:34,0,0
1918,Вінницька міська рада,49.2322042,28.46848,2024-06-26 17:38:34,0,E2,Humidity,Humidity,Вологість,%,%,52.7167,1.0000000000,2024-06-26 17:38:34,0,0
1918,Вінницька міська рада,49.2322042,28.46848,2024-06-26 17:38:34,0,E3,Pressure,Pressure,Атмосферний тиск,Pa,мм.рт.ст.,98786.1733,0.0075006168,2024-06-26 17:38:34,0,0
256,vinnytsia-256,49.208752495399324,28.528553271164593,2024-06-26T14:34:00Z,0,A4,PM1.0,PM1.0,Пил 1.0 мкм,ug/m3,мкг/м³,1.8825,null,2024-06-26T14:34:00Z,0,0
256,vinnytsia-256,49.208752495399324,28.528553271164593,2024-06-26T14:34:00Z,0,A3,PM2.5,PM2.5,Пил 2.5 мкм,ug/m3,мкг/м³,2.3645,null,2024-06-26T14:34:00Z,0,0
256,vinnytsia-256,49.208752495399324,28.528553271164593,2024-06-26T14:34:00Z,0,A2,PM100,PM100,Пил 10 мкм,ug/m3,мкг/м³,8.73475,null,2024-06-26T14:34:00Z,0,0
256,vinnytsia-256,49.208752495399324,28.528553271164593,2024-06-26T14:34:00Z,0,E1,Temperature,Temperature,Температура,°C,°C,29.35225,null,2024-06-26T14:34:00Z,0,0
256,vinnytsia-256,49.208752495399324,28.528553271164593,2024-06-26T14:34:00Z,0,E2,Humidity,Humidity,Вологість,%,%,36.992999999999995,null,2024-06-26T14:34:00Z,0,0
256,vinnytsia-256,49.208752495399324,28.528553271164593,2024-06-26T14:34:00Z,0,E3,Pressure,Pressure,Атмосферний тиск,Pa,Паскаль,98260.35525,null,2024-06-26T14:34:00Z,0,0
271,vinnytsia-271,49.236887137498584,28.513305486721826,2024-06-26T14:34:00Z,0,A4,PM1.0,PM1.0,Пил 1.0 мкм,ug/m3,мкг/м³,3.1605,null,2024-06-26T14:34:00Z,0,0
271,vinnytsia-271,49.236887137498584,28.513305486721826,2024-06-26T14:34:00Z,0,A3,PM2.5,PM2.5,Пил 2.5 мкм,ug/m3,мкг/м³,5.321000000000001,null,2024-06-26T14:34:00Z,0,0
271,vinnytsia-271,49.236887137498584,28.513305486721826,2024-06-26T14:34:00Z,0,A2,PM100,PM100,Пил 10 мкм,ug/m3,мкг/м³,14.560500000000001,null,2024-06-26T14:34:00Z,0,0
271,vinnytsia-271,49.236887137498584,28.513305486721826,2024-06-26T14:34:00Z,0,E1,Temperature,Temperature,Температура,°C,°C,27.079500000000003,null,2024-06-26T14:34:00Z,0,0
271,vinnytsia-271,49.236887137498584,28.513305486721826,2024-06-26T14:34:00Z,0,E2,Humidity,Humidity,Вологість,%,%,41.44,null,2024-06-26T14:34:00Z,0,0
271,vinnytsia-271,49.236887137498584,28.513305486721826,2024-06-26T14:34:00Z,0,E3,Pressure,Pressure,Атмосферний тиск,Pa,Паскаль,98716.238,null,2024-06-26T14:34:00Z,0,0
281,vinnytsia-281,49.24192686787152,28.462020923798242,2024-06-26T14:34:00Z,0,A4,PM1.0,PM1.0,Пил 1.0 мкм,ug/m3,мкг/м³,2.55475,null,2024-06-26T14:34:00Z,0,0
281,vinnytsia-281,49.24192686787152,28.462020923798242,2024-06-26T14:34:00Z,0,A3,PM2.5,PM2.5,Пил 2.5 мкм,ug/m3,мкг/м³,3.822,null,2024-06-26T14:34:00Z,0,0
281,vinnytsia-281,49.24192686787152,28.462020923798242,2024-06-26T14:34:00Z,0,A2,PM100,PM100,Пил 10 мкм,ug/m3,мкг/м³,11.71125,null,2024-06-26T14:34:00Z,0,0
281,vinnytsia-281,49.24192686787152,28.462020923798242,2024-06-26T14:34:00Z,0,E1,Temperature,Temperature,Температура,°C,°C,27.72025,null,2024-06-26T14:34:00Z,0,0
281,vinnytsia-281,49.24192686787152,28.462020923798242,2024-06-26T14:34:00Z,0,E2,Humidity,Humidity,Вологість,%,%,39.63275,null,2024-06-26T14:34:00Z,0,0
281,vinnytsia-281,49.24192686787152,28.462020923798242,2024-06-26T14:34:00Z,0,E3,Pressure,Pressure,Атмосферний тиск,Pa,Паскаль,98726.66275,null,2024-06-26T14:34:00Z,0,0
315,vinnytsia-315,49.2436875857327,28.496432230155264,2024-06-26T14:34:00Z,0,A4,PM1.0,PM1.0,Пил 1.0 мкм,ug/m3,мкг/м³,3.6235,null,2024-06-26T14:34:00Z,0,0
315,vinnytsia-315,49.2436875857327,28.496432230155264,2024-06-26T14:34:00Z,0,A3,PM2.5,PM2.5,Пил 2.5 мкм,ug/m3,мкг/м³,6.23525,null,2024-06-26T14:34:00Z,0,0
315,vinnytsia-315,49.2436875857327,28.496432230155264,2024-06-26T14:34:00Z,0,A2,PM100,PM100,Пил 10 мкм,ug/m3,мкг/м³,16.83675,null,2024-06-26T14:34:00Z,0,0
315,vinnytsia-315,49.2436875857327,28.496432230155264,2024-06-26T14:34:00Z,0,E1,Temperature,Temperature,Температура,°C,°C,29.05775,null,2024-06-26T14:34:00Z,0,0
315,vinnytsia-315,49.2436875857327,28.496432230155264,2024-06-26T14:34:00Z,0,E2,Humidity,Humidity,Вологість,%,%,38.292500000000004,null,2024-06-26T14:34:00Z,0,0
315,vinnytsia-315,49.2436875857327,28.496432230155264,2024-06-26T14:34:00Z,0,E3,Pressure,Pressure,Атмосферний тиск,Pa,Паскаль,null,null,2024-06-26T14:34:00Z,0,0
90,vinnytsia-90,49.21773364876253,28.44979464092501,2024-06-26T14:34:00Z,0,A4,PM1.0,PM1.0,Пил 1.0 мкм,ug/m3,мкг/м³,5.61175,null,2024-06-26T14:34:00Z,0,0
90,vinnytsia-90,49.21773364876253,28.44979464092501,2024-06-26T14:34:00Z,0,A3,PM2.5,PM2.5,Пил 2.5 мкм,ug/m3,мкг/м³,8.87275,null,2024-06-26T14:34:00Z,0,0
90,vinnytsia-90,49.21773364876253,28.44979464092501,2024-06-26T14:34:00Z,0,A2,PM100,PM100,Пил 10 мкм,ug/m3,мкг/м³,24.182750000000002,null,2024-06-26T14:34:00Z,0,0
90,vinnytsia-90,49.21773364876253,28.44979464092501,2024-06-26T14:34:00Z,0,E1,Temperature,Temperature,Температура,°C,°C,38.67425,null,2024-06-26T14:34:00Z,0,0
90,vinnytsia-90,49.21773364876253,28.44979464092501,2024-06-26T14:34:00Z,0,E2,Humidity,Humidity,Вологість,%,%,28.545749999999998,null,2024-06-26T14:34:00Z,0,0
90,vinnytsia-90,49.21773364876253,28.44979464092501,2024-06-26T14:34:00Z,0,E3,Pressure,Pressure,Атмосферний тиск,Pa,Паскаль,98521.034,null,2024-06-26T14:34:00Z,0,0
650,дім,49.343484,28.729830,2024-06-26 17:59:45,0,A2,PM10,PM10,Пил 10 мкм,ug/m3,мкг/м³,1.4300,1.0000000000,2024-06-26 17:59:45,0,0
650,дім,49.343484,28.729830,2024-06-26 17:59:45,0,A3,PM2.5,PM2.5,Пил 2.5 мкм,ug/m3,мкг/м³,1.1865,1.0000000000,2024-06-26 17:59:45,0,0
650,дім,49.343484,28.729830,2024-06-26 17:59:45,0,C1,VOC (H₂CO),VOC (H₂CO),ЛОС (Формальдегід),ppb,мкг/м³,9.3500,1.2450000000,2024-06-26 17:59:45,0,0
650,дім,49.343484,28.729830,2024-06-26 17:59:45,0,E1,Temperature,Temperature,Температура,°C,°C,26.9095,1.0000000000,2024-06-26 17:59:45,0,0
650,дім,49.343484,28.729830,2024-06-26 17:59:45,0,E2,Humidity,Humidity,Вологість,%,%,37.7560,1.0000000000,2024-06-26 17:59:45,0,0
650,дім,49.343484,28.729830,2024-06-26 17:59:45,0,E3,Pressure,Pressure,Атмосферний тиск,Pa,мм.рт.ст.,98818.5015,0.0075006168,2024-06-26 17:59:45,0,0
767,Соборна 36,49.232859,28.470453,2024-06-26 17:59:56,0,A2,PM10,PM10,Пил 10 мкм,ug/m3,мкг/м³,1.4853,1.0000000000,2024-06-26 17:59:56,0,0
767,Соборна 36,49.232859,28.470453,2024-06-26 17:59:56,0,A3,PM2.5,PM2.5,Пил 2.5 мкм,ug/m3,мкг/м³,0.3021,1.0000000000,2024-06-26 17:59:56,0,0
774,Станція замостя,49.245473,28.493727,2024-06-26 17:59:13,0,A2,PM10,PM10,Пил 10 мкм,ug/m3,мкг/м³,3.8116,1.0000000000,2024-06-26 17:59:13,0,0
774,Станція замостя,49.245473,28.493727,2024-06-26 17:59:13,0,A3,PM2.5,PM2.5,Пил 2.5 мкм,ug/m3,мкг/м³,2.4716,1.0000000000,2024-06-26 17:59:13,0,0
774,Станція замостя,49.245473,28.493727,2024-06-26 17:59:13,0,E1,Temperature,Temperature,Температура,°C,°C,28.6084,1.0000000000,2024-06-26 17:59:13,0,0
774,Станція замостя,49.245473,28.493727,2024-06-26 17:59:13,0,E2,Humidity,Humidity,Вологість,%,%,33.2453,1.0000000000,2024-06-26 17:59:13,0,0
774,Станція замостя,49.245473,28.493727,2024-06-26 17:59:13,0,E3,Pressure,Pressure,Атмосферний тиск,Pa,мм.рт.ст.,98597.6237,0.0075006168,2024-06-26 17:59:13,0,0
790,станція Вишенька,49.2270093,28.4189984,2024-06-26 17:59:18,0,A2,PM10,PM10,Пил 10 мкм,ug/m3,мкг/м³,5.5368,1.0000000000,2024-06-26 17:59:18,0,0
790,станція Вишенька,49.2270093,28.4189984,2024-06-26 17:59:18,0,A3,PM2.5,PM2.5,Пил 2.5 мкм,ug/m3,мкг/м³,2.2353,1.0000000000,2024-06-26 17:59:18,0,0
790,станція Вишенька,49.2270093,28.4189984,2024-06-26 17:59:18,0,E1,Temperature,Temperature,Температура,°C,°C,27.4668,1.0000000000,2024-06-26 17:59:18,0,0
790,станція Вишенька,49.2270093,28.4189984,2024-06-26 17:59:18,0,E2,Humidity,Humidity,Вологість,%,%,34.2384,1.0000000000,2024-06-26 17:59:18,0,0
790,станція Вишенька,49.2270093,28.4189984,2024-06-26 17:59:18,0,E3,Pressure,Pressure,Атмосферний тиск,Pa,мм.рт.ст.,98592.3147,0.0075006168,2024-06-26 17:59:18,0,0
1315,Vinnytsia National Technical University,49.23327,28.409161,2024-06-26 17:59:24,0,A2,PM10,PM10,Пил 10 мкм,ug/m3,мкг/м³,20.2545,1.0000000000,2024-06-26 17:59:24,0,0
1315,Vinnytsia National Technical University,49.23327,28.409161,2024-06-26 17:59:24,0,A3,PM2.5,PM2.5,Пил 2.5 мкм,ug/m3,мкг/м³,18.3645,1.0000000000,2024-06-26 17:59:24,0,0
1315,Vinnytsia National Technical University,49.23327,28.409161,2024-06-26 17:59:24,0,A4,PM1.0,PM1.0,Пил 1.0 мкм,ug/m3,мкг/м³,15.3010,1.0000000000,2024-06-26 17:59:24,0,0
1315,Vinnytsia National Technical University,49.23327,28.409161,2024-06-26 17:59:24,0,B2,CO,CO,Монооксид вуглецю,ppm,мкг/м³,0.5000,1164.2000000000,2024-06-26 17:59:24,0,0
1315,Vinnytsia National Technical University,49.23327,28.409161,2024-06-26 17:59:24,0,B3,O₃,O₃,O₃,ppm,мкг/м³,0.0495,1995.7000000000,2024-06-26 17:59:24,0,0
1315,Vinnytsia National Technical University,49.23327,28.409161,2024-06-26 17:59:24,0,C1,VOC (H₂CO),VOC (H₂CO),ЛОС (Формальдегід),mg/m3,мкг/м³,0.0109,1000.0000000000,2024-06-26 17:59:24,0,0
1315,Vinnytsia National Technical University,49.23327,28.409161,2024-06-26 17:59:24,0,E1,Temperature,Temperature,Температура,°C,°C,26.1555,1.0000000000,2024-06-26 17:59:24,0,0
1315,Vinnytsia National Technical University,49.23327,28.409161,2024-06-26 17:59:24,0,E1,Temperature,Temperature,Температура,°C,°C,19.5300,1.0000000000,2024-06-26 17:59:24,0,0
1315,Vinnytsia National Technical University,49.23327,28.409161,2024-06-26 17:59:24,0,E1,Temperature,Temperature,Температура,°C,°C,27.0480,1.0000000000,2024-06-26 17:59:24,0,0
1315,Vinnytsia National Technical University,49.23327,28.409161,2024-06-26 17:59:24,0,E2,Humidity,Humidity,Вологість,%,%,40.7170,1.0000000000,2024-06-26 17:59:24,0,0
1315,Vinnytsia National Technical University,49.23327,28.409161,2024-06-26 17:59:24,0,E2,Humidity,Humidity,Вологість,%,%,53.4325,1.0000000000,2024-06-26 17:59:24,0,0
1315,Vinnytsia National Technical University,49.23327,28.409161,2024-06-26 17:59:24,0,E3,Pressure,Pressure,Атмосферний тиск,Pa,мм.рт.ст.,98598.5790,0.0075006168,2024-06-26 17:59:24,0,0
1825,Центральна площа,49.105637,29.206617,2024-06-26 17:59:29,0,A2,PM10,PM10,Пил 10 мкм,ug/m3,мкг/м³,5.1550,1.0000000000,2024-06-26 17:59:29,0,0
1825,Центральна площа,49.105637,29.206617,2024-06-26 17:59:29,0,A3,PM2.5,PM2.5,Пил 2.5 мкм,ug/m3,мкг/м³,1.8600,1.0000000000,2024-06-26 17:59:29,0,0
1825,Центральна площа,49.105637,29.206617,2024-06-26 17:59:29,0,D1,RAD,RAD,Радіаційний фон,uR/h,мкР/год,13.9455,1.0000000000,2024-06-26 17:59:29,0,0
1825,Центральна площа,49.105637,29.206617,2024-06-26 17:59:29,0,E1,Temperature,Temperature,Температура,°C,°C,27.4955,1.0000000000,2024-06-26 17:59:29,0,0
1825,Центральна площа,49.105637,29.206617,2024-06-26 17:59:29,0,E1,Temperature,Temperature,Температура,°C,°C,28.4475,1.0000000000,2024-06-26 17:59:29,0,0
1825,Центральна площа,49.105637,29.206617,2024-06-26 17:59:29,0,E2,Humidity,Humidity,Вологість,%,%,37.9840,1.0000000000,2024-06-26 17:59:29,0,0
1825,Центральна площа,49.105637,29.206617,2024-06-26 17:59:29,0,E3,Pressure,Pressure,Атмосферний тиск,Pa,мм.рт.ст.,99233.0645,0.0075006168,2024-06-26 17:59:29,0,0
1830,Центр Безпеки громадян Війтівецької сільської ради,49.6288314,27.89884,2024-06-26 17:59:37,0,A2,PM10,PM10,Пил 10 мкм,ug/m3,мкг/м³,2.4267,1.0000000000,2024-06-26 17:59:37,0,0
1830,Центр Безпеки громадян Війтівецької сільської ради,49.6288314,27.89884,2024-06-26 17:59:37,0,A3,PM2.5,PM2.5,Пил 2.5 мкм,ug/m3,мкг/м³,1.2600,1.0000000000,2024-06-26 17:59:37,0,0
1830,Центр Безпеки громадян Війтівецької сільської ради,49.6288314,27.89884,2024-06-26 17:59:37,0,D1,RAD,RAD,Радіаційний фон,uR/h,мкР/год,10.2180,1.0000000000,2024-06-26 17:59:37,0,0
1830,Центр Безпеки громадян Війтівецької сільської ради,49.6288314,27.89884,2024-06-26 17:59:37,0,E1,Temperature,Temperature,Температура,°C,°C,28.9793,1.0000000000,2024-06-26 17:59:37,0,0
1830,Центр Безпеки громадян Війтівецької сільської ради,49.6288314,27.89884,2024-06-26 17:59:37,0,E1,Temperature,Temperature,Температура,°C,°C,29.5287,1.0000000000,2024-06-26 17:59:37,0,0
1830,Центр Безпеки громадян Війтівецької сільської ради,49.6288314,27.89884,2024-06-26 17:59:37,0,E2,Humidity,Humidity,Вологість,%,%,39.4473,1.0000000000,2024-06-26 17:59:37,0,0
1830,Центр Безпеки громадян Війтівецької сільської ради,49.6288314,27.89884,2024-06-26 17:59:37,0,E3,Pressure,Pressure,Атмосферний тиск,Pa,мм.рт.ст.,98692.6473,0.0075006168,2024-06-26 17:59:37,0,0
1866,Северинівка,48.516638,29.184421,2024-06-26 17:59:43,0,A2,PM10,PM10,Пил 10 мкм,ug/m3,мкг/м³,4.1700,1.0000000000,2024-06-26 17:59:43,0,0
1866,Северинівка,48.516638,29.184421,2024-06-26 17:59:43,0,A3,PM2.5,PM2.5,Пил 2.5 мкм,ug/m3,мкг/м³,1.3950,1.0000000000,2024-06-26 17:59:43,0,0
1866,Северинівка,48.516638,29.184421,2024-06-26 17:59:43,0,D1,RAD,RAD,Радіаційний фон,uR/h,мкР/год,11.3185,1.0000000000,2024-06-26 17:59:43,0,0
1866,Северинівка,48.516638,29.184421,2024-06-26 17:59:43,0,E1,Temperature,Temperature,Температура,°C,°C,32.1635,1.0000000000,2024-06-26 17:59:43,0,0
1866,Северинівка,48.516638,29.184421,2024-06-26 17:59:43,0,E1,Temperature,Temperature,Температура,°C,°C,33.2500,1.0000000000,2024-06-26 17:59:43,0,0
1866,Северинівка,48.516638,29.184421,2024-06-26 17:59:43,0,E2,Humidity,Humidity,Вологість,%,%,31.8370,1.0000000000,2024-06-26 17:59:43,0,0
1866,Северинівка,48.516638,29.184421,2024-06-26 17:59:43,0,E3,Pressure,Pressure,Атмосферний тиск,Pa,мм.рт.ст.,99525.5010,0.0075006168,2024-06-26 17:59:43,0,0
1918,Вінницька міська рада,49.2322042,28.46848,2024-06-26 17:47:48,0,A2,PM10,PM10,Пил 10 мкм,ug/m3,мкг/м³,1.8000,1.0000000000,2024-06-26 17:47:48,0,0
1918,Вінницька міська рада,49.2322042,28.46848,2024-06-26 17:47:48,0,A3,PM2.5,PM2.5,Пил 2.5 мкм,ug/m3,мкг/м³,1.7000,1.0000000000,2024-06-26 17:47:48,0,0
1918,Вінницька міська рада,49.2322042,28.46848,2024-06-26 17:47:48,0,B1,NO₂,NO₂,Діоксид азоту,ppb,мкг/м³,22.0500,1.9125000000,2024-06-26 17:47:48,0,0
1918,Вінницька міська рада,49.2322042,28.46848,2024-06-26 17:47:48,0,B2,CO,CO,Монооксид вуглецю,ppm,мкг/м³,0.5000,1164.2000000000,2024-06-26 17:47:48,0,0
1918,Вінницька міська рада,49.2322042,28.46848,2024-06-26 17:47:48,0,D1,RAD,RAD,Радіаційний фон,uR/h,мкР/год,13.2700,1.0000000000,2024-06-26 17:47:48,0,0
1918,Вінницька міська рада,49.2322042,28.46848,2024-06-26 17:47:48,0,E1,Temperature,Temperature,Температура,°C,°C,23.7900,1.0000000000,2024-06-26 17:47:48,0,0
1918,Вінницька міська рада,49.2322042,28.46848,2024-06-26 17:47:48,0,E1,Temperature,Temperature,Температура,°C,°C,24.0900,1.0000000000,2024-06-26 17:47:48,0,0
1918,Вінницька міська рада,49.2322042,28.46848,2024-06-26 17:47:48,0,E2,Humidity,Humidity,Вологість,%,%,52.7400,1.0000000000,2024-06-26 17:47:48,0,0
1918,Вінницька міська рада,49.2322042,28.46848,2024-06-26 17:47:48,0,E3,Pressure,Pressure,Атмосферний тиск,Pa,мм.рт.ст.,98778.0300,0.0075006168,2024-06-26 17:47:48,0,0
256,vinnytsia-256,49.208752495399324,28.528553271164593,2024-06-26T14:54:00Z,0,A4,PM1.0,PM1.0,Пил 1.0 мкм,ug/m3,мкг/м³,1.9242500000000002,null,2024-06-26T14:54:00Z,0,0
256,vinnytsia-256,49.208752495399324,28.528553271164593,2024-06-26T14:54:00Z,0,A3,PM2.5,PM2.5,Пил 2.5 мкм,ug/m3,мкг/м³,2.46125,null,2024-06-26T14:54:00Z,0,0
256,vinnytsia-256,49.208752495399324,28.528553271164593,2024-06-26T14:54:00Z,0,A2,PM100,PM100,Пил 10 мкм,ug/m3,мкг/м³,9.0815,null,2024-06-26T14:54:00Z,0,0
256,vinnytsia-256,49.208752495399324,28.528553271164593,2024-06-26T14:54:00Z,0,E1,Temperature,Temperature,Температура,°C,°C,29.664250000000003,null,2024-06-26T14:54:00Z,0,0
256,vinnytsia-256,49.208752495399324,28.528553271164593,2024-06-26T14:54:00Z,0,E2,Humidity,Humidity,Вологість,%,%,35.99825,null,2024-06-26T14:54:00Z,0,0
256,vinnytsia-256,49.208752495399324,28.528553271164593,2024-06-26T14:54:00Z,0,E3,Pressure,Pressure,Атмосферний тиск,Pa,Паскаль,98240.79800000001,null,2024-06-26T14:54:00Z,0,0
271,vinnytsia-271,49.236887137498584,28.513305486721826,2024-06-26T14:54:00Z,0,A4,PM1.0,PM1.0,Пил 1.0 мкм,ug/m3,мкг/м³,3.3137499999999998,null,2024-06-26T14:54:00Z,0,0
271,vinnytsia-271,49.236887137498584,28.513305486721826,2024-06-26T14:54:00Z,0,A3,PM2.5,PM2.5,Пил 2.5 мкм,ug/m3,мкг/м³,5.68425,null,2024-06-26T14:54:00Z,0,0
271,vinnytsia-271,49.236887137498584,28.513305486721826,2024-06-26T14:54:00Z,0,A2,PM100,PM100,Пил 10 мкм,ug/m3,мкг/м³,15.266499999999999,null,2024-06-26T14:54:00Z,0,0
271,vinnytsia-271,49.236887137498584,28.513305486721826,2024-06-26T14:54:00Z,0,E1,Temperature,Temperature,Температура,°C,°C,27.186,null,2024-06-26T14:54:00Z,0,0
271,vinnytsia-271,49.236887137498584,28.513305486721826,2024-06-26T14:54:00Z,0,E2,Humidity,Humidity,Вологість,%,%,41.372749999999996,null,2024-06-26T14:54:00Z,0,0
271,vinnytsia-271,49.236887137498584,28.513305486721826,2024-06-26T14:54:00Z,0,E3,Pressure,Pressure,Атмосферний тиск,Pa,Паскаль,98694.4735,null,2024-06-26T14:54:00Z,0,0
281,vinnytsia-281,49.24192686787152,28.462020923798242,2024-06-26T14:54:00Z,0,A4,PM1.0,PM1.0,Пил 1.0 мкм,ug/m3,мкг/м³,2.56675,null,2024-06-26T14:54:00Z,0,0
281,vinnytsia-281,49.24192686787152,28.462020923798242,2024-06-26T14:54:00Z,0,A3,PM2.5,PM2.5,Пил 2.5 мкм,ug/m3,мкг/м³,3.739,null,2024-06-26T14:54:00Z,0,0
281,vinnytsia-281,49.24192686787152,28.462020923798242,2024-06-26T14:54:00Z,0,A2,PM100,PM100,Пил 10 мкм,ug/m3,мкг/м³,11.333,null,2024-06-26T14:54:00Z,0,0
281,vinnytsia-281,49.24192686787152,28.462020923798242,2024-06-26T14:54:00Z,0,E1,Temperature,Temperature,Температура,°C,°C,27.39675,null,2024-06-26T14:54:00Z,0,0
281,vinnytsia-281,49.24192686787152,28.462020923798242,2024-06-26T14:54:00Z,0,E2,Humidity,Humidity,Вологість,%,%,42.22825,null,2024-06-26T14:54:00Z,0,0
281,vinnytsia-281,49.24192686787152,28.462020923798242,2024-06-26T14:54:00Z,0,E3,Pressure,Pressure,Атмосферний тиск,Pa,Паскаль,98719.5625,null,2024-06-26T14:54:00Z,0,0
315,vinnytsia-315,49.2436875857327,28.496432230155264,2024-06-26T14:54:00Z,0,A4,PM1.0,PM1.0,Пил 1.0 мкм,ug/m3,мкг/м³,3.84725,null,2024-06-26T14:54:00Z,0,0
315,vinnytsia-315,49.2436875857327,28.496432230155264,2024-06-26T14:54:00Z,0,A3,PM2.5,PM2.5,Пил 2.5 мкм,ug/m3,мкг/м³,6.6160000000000005,null,2024-06-26T14:54:00Z,0,0
315,vinnytsia-315,49.2436875857327,28.496432230155264,2024-06-26T14:54:00Z,0,A2,PM100,PM100,Пил 10 мкм,ug/m3,мкг/м³,17.56725,null,2024-06-26T14:54:00Z,0,0
315,vinnytsia-315,49.2436875857327,28.496432230155264,2024-06-26T14:54:00Z,0,E1,Temperature,Temperature,Температура,°C,°C,29.03875,null,2024-06-26T14:54:00Z,0,0
315,vinnytsia-315,49.2436875857327,28.496432230155264,2024-06-26T14:54:00Z,0,E2,Humidity,Humidity,Вологість,%,%,38.496249999999996,null,2024-06-26T14:54:00Z,0,0
315,vinnytsia-315,49.2436875857327,28.496432230155264,2024-06-26T14:54:00Z,0,E3,Pressure,Pressure,Атмосферний тиск,Pa,Паскаль,null,null,2024-06-26T14:54:00Z,0,0
90,vinnytsia-90,49.21773364876253,28.44979464092501,2024-06-26T14:54:00Z,0,A4,PM1.0,PM1.0,Пил 1.0 мкм,ug/m3,мкг/м³,6.766,null,2024-06-26T14:54:00Z,0,0
90,vinnytsia-90,49.21773364876253,28.44979464092501,2024-06-26T14:54:00Z,0,A3,PM2.5,PM2.5,Пил 2.5 мкм,ug/m3,мкг/м³,10.361,null,2024-06-26T14:54:00Z,0,0
90,vinnytsia-90,49.21773364876253,28.44979464092501,2024-06-26T14:54:00Z,0,A2,PM100,PM100,Пил 10 мкм,ug/m3,мкг/м³,23.49425,null,2024-06-26T14:54:00Z,0,0
90,vinnytsia-90,49.21773364876253,28.44979464092501,2024-06-26T14:54:00Z,0,E1,Temperature,Temperature,Температура,°C,°C,36.66525,null,2024-06-26T14:54:00Z,0,0
90,vinnytsia-90,49.21773364876253,28.44979464092501,2024-06-26T14:54:00Z,0,E2,Humidity,Humidity,Вологість,%,%,30.51425,null,2024-06-26T14:54:00Z,0,0
90,vinnytsia-90,49.21773364876253,28.44979464092501,2024-06-26T14:54:00Z,0,E3,Pressure,Pressure,Атмосферний тиск,Pa,Паскаль,98494.22325,null,2024-06-26T14:54:00Z,0,0
650,дім,49.343484,28.729830,2024-06-26 18:02:52,0,A2,PM10,PM10,Пил 10 мкм,ug/m3,мкг/м³,1.4967,1.0000000000,2024-06-26 18:02:52,0,0
650,дім,49.343484,28.729830,2024-06-26 18:02:52,0,A3,PM2.5,PM2.5,Пил 2.5 мкм,ug/m3,мкг/м³,1.2233,1.0000000000,2024-06-26 18:02:52,0,0
650,дім,49.343484,28.729830,2024-06-26 18:02:52,0,C1,VOC (H₂CO),VOC (H₂CO),ЛОС (Формальдегід),ppb,мкг/м³,9.0000,1.2450000000,2024-06-26 18:02:52,0,0
650,дім,49.343484,28.729830,2024-06-26 18:02:52,0,E1,Temperature,Temperature,Температура,°C,°C,26.7867,1.0000000000,2024-06-26 18:02:52,0,0
650,дім,49.343484,28.729830,2024-06-26 18:02:52,0,E2,Humidity,Humidity,Вологість,%,%,38.1267,1.0000000000,2024-06-26 18:02:52,0,0
650,дім,49.343484,28.729830,2024-06-26 18:02:52,0,E3,Pressure,Pressure,Атмосферний тиск,Pa,мм.рт.ст.,98812.8800,0.0075006168,2024-06-26 18:02:52,0,0
767,Соборна 36,49.232859,28.470453,2024-06-26 18:19:58,0,A2,PM10,PM10,Пил 10 мкм,ug/m3,мкг/м³,1.1311,1.0000000000,2024-06-26 18:19:58,0,0
767,Соборна 36,49.232859,28.470453,2024-06-26 18:19:58,0,A3,PM2.5,PM2.5,Пил 2.5 мкм,ug/m3,мкг/м³,0.2861,1.0000000000,2024-06-26 18:19:58,0,0
774,Станція замостя,49.245473,28.493727,2024-06-26 18:19:44,0,A2,PM10,PM10,Пил 10 мкм,ug/m3,мкг/м³,8.3845,1.0000000000,2024-06-26 18:19:44,0,0
774,Станція замостя,49.245473,28.493727,2024-06-26 18:19:44,0,A3,PM2.5,PM2.5,Пил 2.5 мкм,ug/m3,мкг/м³,6.1510,1.0000000000,2024-06-26 18:19:44,0,0
774,Станція замостя,49.245473,28.493727,2024-06-26 18:19:44,0,E1,Temperature,Temperature,Температура,°C,°C,28.6920,1.0000000000,2024-06-26 18:19:44,0,0
774,Станція замостя,49.245473,28.493727,2024-06-26 18:19:44,0,E2,Humidity,Humidity,Вологість,%,%,33.1960,1.0000000000,2024-06-26 18:19:44,0,0
774,Станція замостя,49.245473,28.493727,2024-06-26 18:19:44,0,E3,Pressure,Pressure,Атмосферний тиск,Pa,мм.рт.ст.,98591.6465,0.0075006168,2024-06-26 18:19:44,0,0
790,станція Вишенька,49.2270093,28.4189984,2024-06-26 18:19:52,0,A2,PM10,PM10,Пил 10 мкм,ug/m3,мкг/м³,4.8665,1.0000000000,2024-06-26 18:19:52,0,0
790,станція Вишенька,49.2270093,28.4189984,2024-06-26 18:19:52,0,A3,PM2.5,PM2.5,Пил 2.5 мкм,ug/m3,мкг/м³,1.8915,1.0000000000,2024-06-26 18:19:52,0,0
790,станція Вишенька,49.2270093,28.4189984,2024-06-26 18:19:52,0,E1,Temperature,Temperature,Температура,°C,°C,27.2310,1.0000000000,2024-06-26 18:19:52,0,0
790,станція Вишенька,49.2270093,28.4189984,2024-06-26 18:19:52,0,E2,Humidity,Humidity,Вологість,%,%,35.2300,1.0000000000,2024-06-26 18:19:52,0,0
790,станція Вишенька,49.2270093,28.4189984,2024-06-26 18:19:52,0,E3,Pressure,Pressure,Атмосферний тиск,Pa,мм.рт.ст.,98586.7540,0.0075006168,2024-06-26 18:19:52,0,0
1315,Vinnytsia National Technical University,49.23327,28.409161,2024-06-26 18:19:38,0,A2,PM10,PM10,Пил 10 мкм,ug/m3,мкг/м³,19.0760,1.0000000000,2024-06-26 18:19:38,0,0
1315,Vinnytsia National Technical University,49.23327,28.409161,2024-06-26 18:19:38,0,A3,PM2.5,PM2.5,Пил 2.5 мкм,ug/m3,мкг/м³,17.5220,1.0000000000,2024-06-26 18:19:38,0,0
1315,Vinnytsia National Technical University,49.23327,28.409161,2024-06-26 18:19:38,0,A4,PM1.0,PM1.0,Пил 1.0 мкм,ug/m3,мкг/м³,14.3770,1.0000000000,2024-06-26 18:19:38,0,0
1315,Vinnytsia National Technical University,49.23327,28.409161,2024-06-26 18:19:38,0,B2,CO,CO,Монооксид вуглецю,ppm,мкг/м³,0.5000,1164.2000000000,2024-06-26 18:19:38,0,0
1315,Vinnytsia National Technical University,49.23327,28.409161,2024-06-26 18:19:38,0,B3,O₃,O₃,O₃,ppm,мкг/м³,0.0480,1995.7000000000,2024-06-26 18:19:38,0,0
1315,Vinnytsia National Technical University,49.23327,28.409161,2024-06-26 18:19:38,0,C1,VOC (H₂CO),VOC (H₂CO),ЛОС (Формальдегід),mg/m3,мкг/м³,0.0106,1000.0000000000,2024-06-26 18:19:38,0,0
1315,Vinnytsia National Technical University,49.23327,28.409161,2024-06-26 18:19:38,0,E1,Temperature,Temperature,Температура,°C,°C,27.0020,1.0000000000,2024-06-26 18:19:38,0,0
1315,Vinnytsia National Technical University,49.23327,28.409161,2024-06-26 18:19:38,0,E1,Temperature,Temperature,Температура,°C,°C,26.1130,1.0000000000,2024-06-26 18:19:38,0,0
1315,Vinnytsia National Technical University,49.23327,28.409161,2024-06-26 18:19:38,0,E1,Temperature,Temperature,Температура,°C,°C,19.4850,1.0000000000,2024-06-26 18:19:38,0,0
1315,Vinnytsia National Technical University,49.23327,28.409161,2024-06-26 18:19:38,0,E2,Humidity,Humidity,Вологість,%,%,41.7555,1.0000000000,2024-06-26 18:19:38,0,0
1315,Vinnytsia National Technical University,49.23327,28.409161,2024-06-26 18:19:38,0,E2,Humidity,Humidity,Вологість,%,%,54.1405,1.0000000000,2024-06-26 18:19:38,0,0
1315,Vinnytsia National Technical University,49.23327,28.409161,2024-06-26 18:19:38,0,E3,Pressure,Pressure,Атмосферний тиск,Pa,мм.рт.ст.,98590.0925,0.0075006168,2024-06-26 18:19:38,0,0
1811,EcoCity станція моніторингу Хмільник,49.558012,27.956897,2024-06-26 18:19:05,0,A2,PM10,PM10,Пил 10 мкм,ug/m3,мкг/м³,6.0462,1.0000000000,2024-06-26 18:19:05,0,0
1811,EcoCity станція моніторингу Хмільник,49.558012,27.956897,2024-06-26 18:19:05,0,A3,PM2.5,PM2.5,Пил 2.5 мкм,ug/m3,мкг/м³,2.0615,1.0000000000,2024-06-26 18:19:05,0,0
1811,EcoCity станція моніторингу Хмільник,49.558012,27.956897,2024-06-26 18:19:05,0,D1,RAD,RAD,Радіаційний фон,uR/h,мкР/год,13.8015,1.0000000000,2024-06-26 18:19:05,0,0
1811,EcoCity станція моніторингу Хмільник,49.558012,27.956897,2024-06-26 18:19:05,0,E1,Temperature,Temperature,Температура,°C,°C,28.9162,1.0000000000,2024-06-26 18:19:05,0,0
1811,EcoCity станція моніторингу Хмільник,49.558012,27.956897,2024-06-26 18:19:05,0,E1,Temperature,Temperature,Температура,°C,°C,28.2869,1.0000000000,2024-06-26 18:19:05,0,0
1811,EcoCity станція моніторингу Хмільник,49.558012,27.956897,2024-06-26 18:19:05,0,E2,Humidity,Humidity,Вологість,%,%,34.5769,1.0000000000,2024-06-26 18:19:05,0,0
1811,EcoCity станція моніторингу Хмільник,49.558012,27.956897,2024-06-26 18:19:05,0,E3,Pressure,Pressure,Атмосферний тиск,Pa,мм.рт.ст.,98852.1815,0.0075006168,2024-06-26 18:19:05,0,0
1825,Центральна площа,49.105637,29.206617,2024-06-26 18:19:40,0,A2,PM10,PM10,Пил 10 мкм,ug/m3,мкг/м³,4.6500,1.0000000000,2024-06-26 18:19:40,0,0
1825,Центральна площа,49.105637,29.206617,2024-06-26 18:19:40,0,A3,PM2.5,PM2.5,Пил 2.5 мкм,ug/m3,мкг/м³,1.8250,1.0000000000,2024-06-26 18:19:40,0,0
1825,Центральна площа,49.105637,29.206617,2024-06-26 18:19:40,0,D1,RAD,RAD,Радіаційний фон,uR/h,мкР/год,14.0640,1.0000000000,2024-06-26 18:19:40,0,0
1825,Центральна площа,49.105637,29.206617,2024-06-26 18:19:40,0,E1,Temperature,Temperature,Температура,°C,°C,28.3685,1.0000000000,2024-06-26 18:19:40,0,0
1825,Центральна площа,49.105637,29.206617,2024-06-26 18:19:40,0,E1,Temperature,Temperature,Температура,°C,°C,27.4160,1.0000000000,2024-06-26 18:19:40,0,0
1825,Центральна площа,49.105637,29.206617,2024-06-26 18:19:40,0,E2,Humidity,Humidity,Вологість,%,%,38.3935,1.0000000000,2024-06-26 18:19:40,0,0
1825,Центральна площа,49.105637,29.206617,2024-06-26 18:19:40,0,E3,Pressure,Pressure,Атмосферний тиск,Pa,мм.рт.ст.,99214.3310,0.0075006168,2024-06-26 18:19:40,0,0
1866,Северинівка,48.516638,29.184421,2024-06-26 18:19:53,0,A2,PM10,PM10,Пил 10 мкм,ug/m3,мкг/м³,3.3400,1.0000000000,2024-06-26 18:19:53,0,0
1866,Северинівка,48.516638,29.184421,2024-06-26 18:19:53,0,A3,PM2.5,PM2.5,Пил 2.5 мкм,ug/m3,мкг/м³,1.2800,1.0000000000,2024-06-26 18:19:53,0,0
1866,Северинівка,48.516638,29.184421,2024-06-26 18:19:53,0,D1,RAD,RAD,Радіаційний фон,uR/h,мкР/год,12.0310,1.0000000000,2024-06-26 18:19:53,0,0
1866,Северинівка,48.516638,29.184421,2024-06-26 18:00:44,0,E1,Temperature,Temperature,Температура,°C,°C,39.7100,1.0000000000,2024-06-26 18:00:44,0,0
1866,Северинівка,48.516638,29.184421,2024-06-26 18:19:53,0,E1,Temperature,Temperature,Температура,°C,°C,39.6322,1.0000000000,2024-06-26 18:19:53,0,0
1866,Северинівка,48.516638,29.184421,2024-06-26 18:19:53,0,E2,Humidity,Humidity,Вологість,%,%,20.6950,1.0000000000,2024-06-26 18:19:53,0,0
1866,Северинівка,48.516638,29.184421,2024-06-26 18:19:53,0,E3,Pressure,Pressure,Атмосферний тиск,Pa,мм.рт.ст.,99523.2165,0.0075006168,2024-06-26 18:19:53,0,0
1918,Вінницька міська рада,49.2322042,28.46848,2024-06-26 18:19:41,0,A2,PM10,PM10,Пил 10 мкм,ug/m3,мкг/м³,2.1556,1.0000000000,2024-06-26 18:19:41,0,0
1918,Вінницька міська рада,49.2322042,28.46848,2024-06-26 18:19:41,0,A3,PM2.5,PM2.5,Пил 2.5 мкм,ug/m3,мкг/м³,1.7889,1.0000000000,2024-06-26 18:19:41,0,0
1918,Вінницька міська рада,49.2322042,28.46848,2024-06-26 18:19:41,0,B1,NO₂,NO₂,Діоксид азоту,ppb,мкг/м³,22.3367,1.9125000000,2024-06-26 18:19:41,0,0
1918,Вінницька міська рада,49.2322042,28.46848,2024-06-26 18:19:41,0,B2,CO,CO,Монооксид вуглецю,ppm,мкг/м³,0.5000,1164.2000000000,2024-06-26 18:19:41,0,0
1918,Вінницька міська рада,49.2322042,28.46848,2024-06-26 18:19:41,0,D1,RAD,RAD,Радіаційний фон,uR/h,мкР/год,14.7178,1.0000000000,2024-06-26 18:19:41,0,0
1918,Вінницька міська рада,49.2322042,28.46848,2024-06-26 18:19:41,0,E1,Temperature,Temperature,Температура,°C,°C,23.9578,1.0000000000,2024-06-26 18:19:41,0,0
1918,Вінницька міська рада,49.2322042,28.46848,2024-06-26 18:19:41,0,E1,Temperature,Temperature,Температура,°C,°C,23.6544,1.0000000000,2024-06-26 18:19:41,0,0
1918,Вінницька міська рада,49.2322042,28.46848,2024-06-26 18:19:41,0,E2,Humidity,Humidity,Вологість,%,%,53.1633,1.0000000000,2024-06-26 18:19:41,0,0
1918,Вінницька міська рада,49.2322042,28.46848,2024-06-26 18:19:41,0,E3,Pressure,Pressure,Атмосферний тиск,Pa,мм.рт.ст.,98767.0822,0.0075006168,2024-06-26 18:19:41,0,0
271,vinnytsia-271,49.236887137498584,28.513305486721826,2024-06-26T15:14:00Z,0,A4,PM1.0,PM1.0,Пил 1.0 мкм,ug/m3,мкг/м³,3.48325,null,2024-06-26T15:14:00Z,0,0
271,vinnytsia-271,49.236887137498584,28.513305486721826,2024-06-26T15:14:00Z,0,A3,PM2.5,PM2.5,Пил 2.5 мкм,ug/m3,мкг/м³,6.0672500000000005,null,2024-06-26T15:14:00Z,0,0
271,vinnytsia-271,49.236887137498584,28.513305486721826,2024-06-26T15:14:00Z,0,A2,PM100,PM100,Пил 10 мкм,ug/m3,мкг/м³,15.963500000000002,null,2024-06-26T15:14:00Z,0,0
271,vinnytsia-271,49.236887137498584,28.513305486721826,2024-06-26T15:14:00Z,0,E1,Temperature,Temperature,Температура,°C,°C,27.033249999999995,null,2024-06-26T15:14:00Z,0,0
271,vinnytsia-271,49.236887137498584,28.513305486721826,2024-06-26T15:14:00Z,0,E2,Humidity,Humidity,Вологість,%,%,41.77275,null,2024-06-26T15:14:00Z,0,0
271,vinnytsia-271,49.236887137498584,28.513305486721826,2024-06-26T15:14:00Z,0,E3,Pressure,Pressure,Атмосферний тиск,Pa,Паскаль,98688.0405,null,2024-06-26T15:14:00Z,0,0
281,vinnytsia-281,49.24192686787152,28.462020923798242,2024-06-26T15:14:00Z,0,A4,PM1.0,PM1.0,Пил 1.0 мкм,ug/m3,мкг/м³,2.491,null,2024-06-26T15:14:00Z,0,0
281,vinnytsia-281,49.24192686787152,28.462020923798242,2024-06-26T15:14:00Z,0,A3,PM2.5,PM2.5,Пил 2.5 мкм,ug/m3,мкг/м³,3.6174999999999997,null,2024-06-26T15:14:00Z,0,0
281,vinnytsia-281,49.24192686787152,28.462020923798242,2024-06-26T15:14:00Z,0,A2,PM100,PM100,Пил 10 мкм,ug/m3,мкг/м³,11.037,null,2024-06-26T15:14:00Z,0,0
281,vinnytsia-281,49.24192686787152,28.462020923798242,2024-06-26T15:14:00Z,0,E1,Temperature,Temperature,Температура,°C,°C,27.31725,null,2024-06-26T15:14:00Z,0,0
281,vinnytsia-281,49.24192686787152,28.462020923798242,2024-06-26T15:14:00Z,0,E2,Humidity,Humidity,Вологість,%,%,42.052749999999996,null,2024-06-26T15:14:00Z,0,0
281,vinnytsia-281,49.24192686787152,28.462020923798242,2024-06-26T15:14:00Z,0,E3,Pressure,Pressure,Атмосферний тиск,Pa,Паскаль,98715.87225,null,2024-06-26T15:14:00Z,0,0
90,vinnytsia-90,49.21773364876253,28.44979464092501,2024-06-26T15:14:00Z,0,A4,PM1.0,PM1.0,Пил 1.0 мкм,ug/m3,мкг/м³,4.872,null,2024-06-26T15:14:00Z,0,0
90,vinnytsia-90,49.21773364876253,28.44979464092501,2024-06-26T15:14:00Z,0,A3,PM2.5,PM2.5,Пил 2.5 мкм,ug/m3,мкг/м³,8.01475,null,2024-06-26T15:14:00Z,0,0
90,vinnytsia-90,49.21773364876253,28.44979464092501,2024-06-26T15:14:00Z,0,A2,PM100,PM100,Пил 10 мкм,ug/m3,мкг/м³,21.8175,null,2024-06-26T15:14:00Z,0,0
90,vinnytsia-90,49.21773364876253,28.44979464092501,2024-06-26T15:14:00Z,0,E1,Temperature,Temperature,Температура,°C,°C,35.76625,null,2024-06-26T15:14:00Z,0,0
90,vinnytsia-90,49.21773364876253,28.44979464092501,2024-06-26T15:14:00Z,0,E2,Humidity,Humidity,Вологість,%,%,32.815999999999995,null,2024-06-26T15:14:00Z,0,0
90,vinnytsia-90,49.21773364876253,28.44979464092501,2024-06-26T15:14:00Z,0,E3,Pressure,Pressure,Атмосферний тиск,Pa,Паскаль,98481.68025,null,2024-06-26T15:14:00Z,0,0
767,Соборна 36,49.232859,28.470453,2024-06-26 18:39:46,0,A2,PM10,PM10,Пил 10 мкм,ug/m3,мкг/м³,1.9342,1.0000000000,2024-06-26 18:39:46,0,0
767,Соборна 36,49.232859,28.470453,2024-06-26 18:39:46,0,A3,PM2.5,PM2.5,Пил 2.5 мкм,ug/m3,мкг/м³,0.3174,1.0000000000,2024-06-26 18:39:46,0,0
774,Станція замостя,49.245473,28.493727,2024-06-26 18:39:56,0,A2,PM10,PM10,Пил 10 мкм,ug/m3,мкг/м³,4.8047,1.0000000000,2024-06-26 18:39:56,0,0
774,Станція замостя,49.245473,28.493727,2024-06-26 18:39:56,0,A3,PM2.5,PM2.5,Пил 2.5 мкм,ug/m3,мкг/м³,3.1818,1.0000000000,2024-06-26 18:39:56,0,0
774,Станція замостя,49.245473,28.493727,2024-06-26 18:39:56,0,E1,Temperature,Temperature,Температура,°C,°C,28.7971,1.0000000000,2024-06-26 18:39:56,0,0
774,Станція замостя,49.245473,28.493727,2024-06-26 18:39:56,0,E2,Humidity,Humidity,Вологість,%,%,32.7394,1.0000000000,2024-06-26 18:39:56,0,0
774,Станція замостя,49.245473,28.493727,2024-06-26 18:39:56,0,E3,Pressure,Pressure,Атмосферний тиск,Pa,мм.рт.ст.,98587.1618,0.0075006168,2024-06-26 18:39:56,0,0
790,станція Вишенька,49.2270093,28.4189984,2024-06-26 18:37:37,0,A2,PM10,PM10,Пил 10 мкм,ug/m3,мкг/м³,4.3771,1.0000000000,2024-06-26 18:37:37,0,0
790,станція Вишенька,49.2270093,28.4189984,2024-06-26 18:37:37,0,A3,PM2.5,PM2.5,Пил 2.5 мкм,ug/m3,мкг/м³,1.8400,1.0000000000,2024-06-26 18:37:37,0,0
790,станція Вишенька,49.2270093,28.4189984,2024-06-26 18:37:37,0,E1,Temperature,Temperature,Температура,°C,°C,27.0941,1.0000000000,2024-06-26 18:37:37,0,0
790,станція Вишенька,49.2270093,28.4189984,2024-06-26 18:37:37,0,E2,Humidity,Humidity,Вологість,%,%,35.6353,1.0000000000,2024-06-26 18:37:37,0,0
790,станція Вишенька,49.2270093,28.4189984,2024-06-26 18:37:37,0,E3,Pressure,Pressure,Атмосферний тиск,Pa,мм.рт.ст.,98581.2259,0.0075006168,2024-06-26 18:37:37,0,0
1315,Vinnytsia National Technical University,49.23327,28.409161,2024-06-26 18:39:53,0,A2,PM10,PM10,Пил 10 мкм,ug/m3,мкг/м³,18.9355,1.0000000000,2024-06-26 18:39:53,0,0
1315,Vinnytsia National Technical University,49.23327,28.409161,2024-06-26 18:39:53,0,A3,PM2.5,PM2.5,Пил 2.5 мкм,ug/m3,мкг/м³,17.5505,1.0000000000,2024-06-26 18:39:53,0,0
1315,Vinnytsia National Technical University,49.23327,28.409161,2024-06-26 18:39:53,0,A4,PM1.0,PM1.0,Пил 1.0 мкм,ug/m3,мкг/м³,14.4590,1.0000000000,2024-06-26 18:39:53,0,0
1315,Vinnytsia National Technical University,49.23327,28.409161,2024-06-26 18:39:53,0,B2,CO,CO,Монооксид вуглецю,ppm,мкг/м³,0.5000,1164.2000000000,2024-06-26 18:39:53,0,0
1315,Vinnytsia National Technical University,49.23327,28.409161,2024-06-26 18:39:53,0,B3,O₃,O₃,O₃,ppm,мкг/м³,0.0520,1995.7000000000,2024-06-26 18:39:53,0,0
1315,Vinnytsia National Technical University,49.23327,28.409161,2024-06-26 18:39:53,0,C1,VOC (H₂CO),VOC (H₂CO),ЛОС (Формальдегід),mg/m3,мкг/м³,0.0107,1000.0000000000,2024-06-26 18:39:53,0,0
1315,Vinnytsia National Technical University,49.23327,28.409161,2024-06-26 18:39:53,0,E1,Temperature,Temperature,Температура,°C,°C,19.4100,1.0000000000,2024-06-26 18:39:53,0,0
1315,Vinnytsia National Technical University,49.23327,28.409161,2024-06-26 18:39:53,0,E1,Temperature,Temperature,Температура,°C,°C,26.8760,1.0000000000,2024-06-26 18:39:53,0,0
1315,Vinnytsia National Technical University,49.23327,28.409161,2024-06-26 18:39:53,0,E1,Temperature,Temperature,Температура,°C,°C,25.9810,1.0000000000,2024-06-26 18:39:53,0,0
1315,Vinnytsia National Technical University,49.23327,28.409161,2024-06-26 18:39:53,0,E2,Humidity,Humidity,Вологість,%,%,42.4135,1.0000000000,2024-06-26 18:39:53,0,0
1315,Vinnytsia National Technical University,49.23327,28.409161,2024-06-26 18:39:53,0,E2,Humidity,Humidity,Вологість,%,%,54.4910,1.0000000000,2024-06-26 18:39:53,0,0
1315,Vinnytsia National Technical University,49.23327,28.409161,2024-06-26 18:39:53,0,E3,Pressure,Pressure,Атмосферний тиск,Pa,мм.рт.ст.,98583.3500,0.0075006168,2024-06-26 18:39:53,0,0
1811,EcoCity станція моніторингу Хмільник,49.558012,27.956897,2024-06-26 18:39:15,0,A2,PM10,PM10,Пил 10 мкм,ug/m3,мкг/м³,5.7737,1.0000000000,2024-06-26 18:39:15,0,0
1811,EcoCity станція моніторингу Хмільник,49.558012,27.956897,2024-06-26 18:39:15,0,A3,PM2.5,PM2.5,Пил 2.5 мкм,ug/m3,мкг/м³,2.0316,1.0000000000,2024-06-26 18:39:15,0,0
1811,EcoCity станція моніторингу Хмільник,49.558012,27.956897,2024-06-26 18:39:15,0,D1,RAD,RAD,Радіаційний фон,uR/h,мкР/год,13.6705,1.0000000000,2024-06-26 18:39:15,0,0
1811,EcoCity станція моніторингу Хмільник,49.558012,27.956897,2024-06-26 18:39:15,0,E1,Temperature,Temperature,Температура,°C,°C,28.4026,1.0000000000,2024-06-26 18:39:15,0,0
1811,EcoCity станція моніторингу Хмільник,49.558012,27.956897,2024-06-26 18:39:15,0,E1,Temperature,Temperature,Температура,°C,°C,29.0289,1.0000000000,2024-06-26 18:39:15,0,0
1811,EcoCity станція моніторингу Хмільник,49.558012,27.956897,2024-06-26 18:39:15,0,E2,Humidity,Humidity,Вологість,%,%,33.9974,1.0000000000,2024-06-26 18:39:15,0,0
1811,EcoCity станція моніторингу Хмільник,49.558012,27.956897,2024-06-26 18:39:15,0,E3,Pressure,Pressure,Атмосферний тиск,Pa,мм.рт.ст.,98840.5774,0.0075006168,2024-06-26 18:39:15,0,0
1825,Центральна площа,49.105637,29.206617,2024-06-26 18:39:50,0,A2,PM10,PM10,Пил 10 мкм,ug/m3,мкг/м³,4.8300,1.0000000000,2024-06-26 18:39:50,0,0
1825,Центральна площа,49.105637,29.206617,2024-06-26 18:39:50,0,A3,PM2.5,PM2.5,Пил 2.5 мкм,ug/m3,мкг/м³,1.8150,1.0000000000,2024-06-26 18:39:50,0,0
1825,Центральна площа,49.105637,29.206617,2024-06-26 18:39:50,0,D1,RAD,RAD,Радіаційний фон,uR/h,мкР/год,13.2000,1.0000000000,2024-06-26 18:39:50,0,0
1825,Центральна площа,49.105637,29.206617,2024-06-26 18:39:50,0,E1,Temperature,Temperature,Температура,°C,°C,27.3100,1.0000000000,2024-06-26 18:39:50,0,0
1825,Центральна площа,49.105637,29.206617,2024-06-26 18:39:50,0,E1,Temperature,Temperature,Температура,°C,°C,28.2665,1.0000000000,2024-06-26 18:39:50,0,0
1825,Центральна площа,49.105637,29.206617,2024-06-26 18:39:50,0,E2,Humidity,Humidity,Вологість,%,%,38.6610,1.0000000000,2024-06-26 18:39:50,0,0
1825,Центральна площа,49.105637,29.206617,2024-06-26 18:39:50,0,E3,Pressure,Pressure,Атмосферний тиск,Pa,мм.рт.ст.,99210.5055,0.0075006168,2024-06-26 18:39:50,0,0
1866,Северинівка,48.516638,29.184421,2024-06-26 18:39:02,0,A2,PM10,PM10,Пил 10 мкм,ug/m3,мкг/м³,3.4947,1.0000000000,2024-06-26 18:39:02,0,0
1866,Северинівка,48.516638,29.184421,2024-06-26 18:39:02,0,A3,PM2.5,PM2.5,Пил 2.5 мкм,ug/m3,мкг/м³,1.2842,1.0000000000,2024-06-26 18:39:02,0,0
1866,Северинівка,48.516638,29.184421,2024-06-26 18:39:02,0,D1,RAD,RAD,Радіаційний фон,uR/h,мкР/год,11.8663,1.0000000000,2024-06-26 18:39:02,0,0
1866,Северинівка,48.516638,29.184421,2024-06-26 18:39:02,0,E1,Temperature,Temperature,Температура,°C,°C,38.6547,1.0000000000,2024-06-26 18:39:02,0,0
1866,Северинівка,48.516638,29.184421,2024-06-26 18:39:02,0,E1,Temperature,Temperature,Температура,°C,°C,39.3177,1.0000000000,2024-06-26 18:39:02,0,0
1866,Северинівка,48.516638,29.184421,2024-06-26 18:39:02,0,E2,Humidity,Humidity,Вологість,%,%,21.5579,1.0000000000,2024-06-26 18:39:02,0,0
1866,Северинівка,48.516638,29.184421,2024-06-26 18:39:02,0,E3,Pressure,Pressure,Атмосферний тиск,Pa,мм.рт.ст.,99490.9311,0.0075006168,2024-06-26 18:39:02,0,0
1918,Вінницька міська рада,49.2322042,28.46848,2024-06-26 18:39:46,0,A2,PM10,PM10,Пил 10 мкм,ug/m3,мкг/м³,2.3167,1.0000000000,2024-06-26 18:39:46,0,0
1918,Вінницька міська рада,49.2322042,28.46848,2024-06-26 18:39:46,0,A3,PM2.5,PM2.5,Пил 2.5 мкм,ug/m3,мкг/м³,1.8500,1.0000000000,2024-06-26 18:39:46,0,0
1918,Вінницька міська рада,49.2322042,28.46848,2024-06-26 18:39:46,0,B1,NO₂,NO₂,Діоксид азоту,ppb,мкг/м³,22.5300,1.9125000000,2024-06-26 18:39:46,0,0
1918,Вінницька міська рада,49.2322042,28.46848,2024-06-26 18:39:46,0,B2,CO,CO,Монооксид вуглецю,ppm,мкг/м³,0.5000,1164.2000000000,2024-06-26 18:39:46,0,0
1918,Вінницька міська рада,49.2322042,28.46848,2024-06-26 18:39:46,0,D1,RAD,RAD,Радіаційний фон,uR/h,мкР/год,14.3183,1.0000000000,2024-06-26 18:39:46,0,0
1918,Вінницька міська рада,49.2322042,28.46848,2024-06-26 18:39:46,0,E1,Temperature,Temperature,Температура,°C,°C,23.4983,1.0000000000,2024-06-26 18:39:46,0,0
1918,Вінницька міська рада,49.2322042,28.46848,2024-06-26 18:39:46,0,E1,Temperature,Temperature,Температура,°C,°C,23.7983,1.0000000000,2024-06-26 18:39:46,0,0
1918,Вінницька міська рада,49.2322042,28.46848,2024-06-26 18:39:46,0,E2,Humidity,Humidity,Вологість,%,%,53.3667,1.0000000000,2024-06-26 18:39:46,0,0
1918,Вінницька міська рада,49.2322042,28.46848,2024-06-26 18:39:46,0,E3,Pressure,Pressure,Атмосферний тиск,Pa,мм.рт.ст.,98761.6467,0.0075006168,2024-06-26 18:39:46,0,0
271,vinnytsia-271,49.236887137498584,28.513305486721826,2024-06-26T15:34:00Z,0,A4,PM1.0,PM1.0,Пил 1.0 мкм,ug/m3,мкг/м³,3.25275,null,2024-06-26T15:34:00Z,0,0
271,vinnytsia-271,49.236887137498584,28.513305486721826,2024-06-26T15:34:00Z,0,A3,PM2.5,PM2.5,Пил 2.5 мкм,ug/m3,мкг/м³,5.54375,null,2024-06-26T15:34:00Z,0,0
271,vinnytsia-271,49.236887137498584,28.513305486721826,2024-06-26T15:34:00Z,0,A2,PM100,PM100,Пил 10 мкм,ug/m3,мкг/м³,14.88525,null,2024-06-26T15:34:00Z,0,0
271,vinnytsia-271,49.236887137498584,28.513305486721826,2024-06-26T15:34:00Z,0,E1,Temperature,Temperature,Температура,°C,°C,26.96675,null,2024-06-26T15:34:00Z,0,0
271,vinnytsia-271,49.236887137498584,28.513305486721826,2024-06-26T15:34:00Z,0,E2,Humidity,Humidity,Вологість,%,%,42.34525,null,2024-06-26T15:34:00Z,0,0
271,vinnytsia-271,49.236887137498584,28.513305486721826,2024-06-26T15:34:00Z,0,E3,Pressure,Pressure,Атмосферний тиск,Pa,Паскаль,98681.4265,null,2024-06-26T15:34:00Z,0,0
281,vinnytsia-281,49.24192686787152,28.462020923798242,2024-06-26T15:34:00Z,0,A4,PM1.0,PM1.0,Пил 1.0 мкм,ug/m3,мкг/м³,2.5465,null,2024-06-26T15:34:00Z,0,0
281,vinnytsia-281,49.24192686787152,28.462020923798242,2024-06-26T15:34:00Z,0,A3,PM2.5,PM2.5,Пил 2.5 мкм,ug/m3,мкг/м³,3.7262500000000003,null,2024-06-26T15:34:00Z,0,0
281,vinnytsia-281,49.24192686787152,28.462020923798242,2024-06-26T15:34:00Z,0,A2,PM100,PM100,Пил 10 мкм,ug/m3,мкг/м³,11.06925,null,2024-06-26T15:34:00Z,0,0
281,vinnytsia-281,49.24192686787152,28.462020923798242,2024-06-26T15:34:00Z,0,E1,Temperature,Temperature,Температура,°C,°C,27.107750000000003,null,2024-06-26T15:34:00Z,0,0
281,vinnytsia-281,49.24192686787152,28.462020923798242,2024-06-26T15:34:00Z,0,E2,Humidity,Humidity,Вологість,%,%,43.28975,null,2024-06-26T15:34:00Z,0,0
281,vinnytsia-281,49.24192686787152,28.462020923798242,2024-06-26T15:34:00Z,0,E3,Pressure,Pressure,Атмосферний тиск,Pa,Паскаль,98709.82775,null,2024-06-26T15:34:00Z,0,0
90,vinnytsia-90,49.21773364876253,28.44979464092501,2024-06-26T15:34:00Z,0,A4,PM1.0,PM1.0,Пил 1.0 мкм,ug/m3,мкг/м³,4.8,null,2024-06-26T15:34:00Z,0,0
90,vinnytsia-90,49.21773364876253,28.44979464092501,2024-06-26T15:34:00Z,0,A3,PM2.5,PM2.5,Пил 2.5 мкм,ug/m3,мкг/м³,8.043000000000001,null,2024-06-26T15:34:00Z,0,0
90,vinnytsia-90,49.21773364876253,28.44979464092501,2024-06-26T15:34:00Z,0,A2,PM100,PM100,Пил 10 мкм,ug/m3,мкг/м³,21.58925,null,2024-06-26T15:34:00Z,0,0
90,vinnytsia-90,49.21773364876253,28.44979464092501,2024-06-26T15:34:00Z,0,E1,Temperature,Temperature,Температура,°C,°C,34.8825,null,2024-06-26T15:34:00Z,0,0
90,vinnytsia-90,49.21773364876253,28.44979464092501,2024-06-26T15:34:00Z,0,E2,Humidity,Humidity,Вологість,%,%,33.821749999999994,null,2024-06-26T15:34:00Z,0,0
90,vinnytsia-90,49.21773364876253,28.44979464092501,2024-06-26T15:34:00Z,0,E3,Pressure,Pressure,Атмосферний тиск,Pa,Паскаль,98470.9995,null,2024-06-26T15:34:00Z,0,0
767,Соборна 36,49.232859,28.470453,2024-06-26 18:59:22,0,A2,PM10,PM10,Пил 10 мкм,ug/m3,мкг/м³,1.9547,1.0000000000,2024-06-26 18:59:22,0,0
767,Соборна 36,49.232859,28.470453,2024-06-26 18:59:22,0,A3,PM2.5,PM2.5,Пил 2.5 мкм,ug/m3,мкг/м³,0.3347,1.0000000000,2024-06-26 18:59:22,0,0
774,Станція замостя,49.245473,28.493727,2024-06-26 18:59:27,0,A2,PM10,PM10,Пил 10 мкм,ug/m3,мкг/м³,3.8774,1.0000000000,2024-06-26 18:59:27,0,0
774,Станція замостя,49.245473,28.493727,2024-06-26 18:59:27,0,A3,PM2.5,PM2.5,Пил 2.5 мкм,ug/m3,мкг/м³,2.3532,1.0000000000,2024-06-26 18:59:27,0,0
774,Станція замостя,49.245473,28.493727,2024-06-26 18:59:27,0,E1,Temperature,Temperature,Температура,°C,°C,29.3137,1.0000000000,2024-06-26 18:59:27,0,0
774,Станція замостя,49.245473,28.493727,2024-06-26 18:59:27,0,E2,Humidity,Humidity,Вологість,%,%,32.0521,1.0000000000,2024-06-26 18:59:27,0,0
774,Станція замостя,49.245473,28.493727,2024-06-26 18:59:27,0,E3,Pressure,Pressure,Атмосферний тиск,Pa,мм.рт.ст.,98566.3932,0.0075006168,2024-06-26 18:59:27,0,0
790,станція Вишенька,49.2270093,28.4189984,2024-06-26 18:59:48,0,A2,PM10,PM10,Пил 10 мкм,ug/m3,мкг/м³,4.9195,1.0000000000,2024-06-26 18:59:48,0,0
790,станція Вишенька,49.2270093,28.4189984,2024-06-26 18:59:48,0,A3,PM2.5,PM2.5,Пил 2.5 мкм,ug/m3,мкг/м³,1.8932,1.0000000000,2024-06-26 18:59:48,0,0
790,станція Вишенька,49.2270093,28.4189984,2024-06-26 18:59:48,0,E1,Temperature,Temperature,Температура,°C,°C,26.8747,1.0000000000,2024-06-26 18:59:48,0,0
790,станція Вишенька,49.2270093,28.4189984,2024-06-26 18:59:48,0,E2,Humidity,Humidity,Вологість,%,%,35.8221,1.0000000000,2024-06-26 18:59:48,0,0
790,станція Вишенька,49.2270093,28.4189984,2024-06-26 18:59:48,0,E3,Pressure,Pressure,Атмосферний тиск,Pa,мм.рт.ст.,98562.3337,0.0075006168,2024-06-26 18:59:48,0,0
1315,Vinnytsia National Technical University,49.23327,28.409161,2024-06-26 18:59:06,0,A2,PM10,PM10,Пил 10 мкм,ug/m3,мкг/м³,18.0379,1.0000000000,2024-06-26 18:59:06,0,0
1315,Vinnytsia National Technical University,49.23327,28.409161,2024-06-26 18:59:06,0,A3,PM2.5,PM2.5,Пил 2.5 мкм,ug/m3,мкг/м³,17.0237,1.0000000000,2024-06-26 18:59:06,0,0
1315,Vinnytsia National Technical University,49.23327,28.409161,2024-06-26 18:59:06,0,A4,PM1.0,PM1.0,Пил 1.0 мкм,ug/m3,мкг/м³,13.8611,1.0000000000,2024-06-26 18:59:06,0,0
1315,Vinnytsia National Technical University,49.23327,28.409161,2024-06-26 18:59:06,0,B2,CO,CO,Монооксид вуглецю,ppm,мкг/м³,0.5000,1164.2000000000,2024-06-26 18:59:06,0,0
1315,Vinnytsia National Technical University,49.23327,28.409161,2024-06-26 18:59:06,0,B3,O₃,O₃,O₃,ppm,мкг/м³,0.0474,1995.7000000000,2024-06-26 18:59:06,0,0
1315,Vinnytsia National Technical University,49.23327,28.409161,2024-06-26 18:59:06,0,C1,VOC (H₂CO),VOC (H₂CO),ЛОС (Формальдегід),mg/m3,мкг/м³,0.0105,1000.0000000000,2024-06-26 18:59:06,0,0
1315,Vinnytsia National Technical University,49.23327,28.409161,2024-06-26 18:59:06,0,E1,Temperature,Temperature,Температура,°C,°C,25.8547,1.0000000000,2024-06-26 18:59:06,0,0
1315,Vinnytsia National Technical University,49.23327,28.409161,2024-06-26 18:59:06,0,E1,Temperature,Temperature,Температура,°C,°C,19.3842,1.0000000000,2024-06-26 18:59:06,0,0
1315,Vinnytsia National Technical University,49.23327,28.409161,2024-06-26 18:59:06,0,E1,Temperature,Temperature,Температура,°C,°C,26.7474,1.0000000000,2024-06-26 18:59:06,0,0
1315,Vinnytsia National Technical University,49.23327,28.409161,2024-06-26 18:59:06,0,E2,Humidity,Humidity,Вологість,%,%,55.0000,1.0000000000,2024-06-26 18:59:06,0,0
1315,Vinnytsia National Technical University,49.23327,28.409161,2024-06-26 18:59:06,0,E2,Humidity,Humidity,Вологість,%,%,43.2768,1.0000000000,2024-06-26 18:59:06,0,0
1315,Vinnytsia National Technical University,49.23327,28.409161,2024-06-26 18:59:06,0,E3,Pressure,Pressure,Атмосферний тиск,Pa,мм.рт.ст.,98568.1616,0.0075006168,2024-06-26 18:59:06,0,0
1811,EcoCity станція моніторингу Хмільник,49.558012,27.956897,2024-06-26 18:58:25,0,A2,PM10,PM10,Пил 10 мкм,ug/m3,мкг/м³,5.4667,1.0000000000,2024-06-26 18:58:25,0,0
1811,EcoCity станція моніторингу Хмільник,49.558012,27.956897,2024-06-26 18:58:25,0,A3,PM2.5,PM2.5,Пил 2.5 мкм,ug/m3,мкг/м³,1.9111,1.0000000000,2024-06-26 18:58:25,0,0
1811,EcoCity станція моніторингу Хмільник,49.558012,27.956897,2024-06-26 18:58:25,0,D1,RAD,RAD,Радіаційний фон,uR/h,мкР/год,14.1428,1.0000000000,2024-06-26 18:58:25,0,0
1811,EcoCity станція моніторингу Хмільник,49.558012,27.956897,2024-06-26 18:58:25,0,E1,Temperature,Temperature,Температура,°C,°C,28.1094,1.0000000000,2024-06-26 18:58:25,0,0
1811,EcoCity станція моніторингу Хмільник,49.558012,27.956897,2024-06-26 18:58:25,0,E1,Temperature,Temperature,Температура,°C,°C,28.7372,1.0000000000,2024-06-26 18:58:25,0,0
1811,EcoCity станція моніторингу Хмільник,49.558012,27.956897,2024-06-26 18:58:25,0,E2,Humidity,Humidity,Вологість,%,%,34.3633,1.0000000000,2024-06-26 18:58:25,0,0
1811,EcoCity станція моніторингу Хмільник,49.558012,27.956897,2024-06-26 18:58:25,0,E3,Pressure,Pressure,Атмосферний тиск,Pa,мм.рт.ст.,98823.3628,0.0075006168,2024-06-26 18:58:25,0,0
1825,Центральна площа,49.105637,29.206617,2024-06-26 18:59:01,0,A2,PM10,PM10,Пил 10 мкм,ug/m3,мкг/м³,5.5263,1.0000000000,2024-06-26 18:59:01,0,0
1825,Центральна площа,49.105637,29.206617,2024-06-26 18:59:01,0,A3,PM2.5,PM2.5,Пил 2.5 мкм,ug/m3,мкг/м³,1.9684,1.0000000000,2024-06-26 18:59:01,0,0
1825,Центральна площа,49.105637,29.206617,2024-06-26 18:59:01,0,D1,RAD,RAD,Радіаційний фон,uR/h,мкР/год,14.6279,1.0000000000,2024-06-26 18:59:01,0,0
1825,Центральна площа,49.105637,29.206617,2024-06-26 18:59:01,0,E1,Temperature,Temperature,Температура,°C,°C,27.1058,1.0000000000,2024-06-26 18:59:01,0,0
1825,Центральна площа,49.105637,29.206617,2024-06-26 18:59:01,0,E1,Temperature,Temperature,Температура,°C,°C,28.0689,1.0000000000,2024-06-26 18:59:01,0,0
1825,Центральна площа,49.105637,29.206617,2024-06-26 18:59:01,0,E2,Humidity,Humidity,Вологість,%,%,38.9505,1.0000000000,2024-06-26 18:59:01,0,0
1825,Центральна площа,49.105637,29.206617,2024-06-26 18:59:01,0,E3,Pressure,Pressure,Атмосферний тиск,Pa,мм.рт.ст.,99201.6005,0.0075006168,2024-06-26 18:59:01,0,0
1866,Северинівка,48.516638,29.184421,2024-06-26 18:59:12,0,A2,PM10,PM10,Пил 10 мкм,ug/m3,мкг/м³,3.6900,1.0000000000,2024-06-26 18:59:12,0,0
1866,Северинівка,48.516638,29.184421,2024-06-26 18:59:12,0,A3,PM2.5,PM2.5,Пил 2.5 мкм,ug/m3,мкг/м³,1.2550,1.0000000000,2024-06-26 18:59:12,0,0
1866,Северинівка,48.516638,29.184421,2024-06-26 18:59:12,0,D1,RAD,RAD,Радіаційний фон,uR/h,мкР/год,10.8225,1.0000000000,2024-06-26 18:59:12,0,0
1866,Северинівка,48.516638,29.184421,2024-06-26 18:59:12,0,E1,Temperature,Temperature,Температура,°C,°C,39.5217,1.0000000000,2024-06-26 18:59:12,0,0
1866,Северинівка,48.516638,29.184421,2024-06-26 18:40:03,0,E1,Temperature,Temperature,Температура,°C,°C,39.7800,1.0000000000,2024-06-26 18:40:03,0,0
1866,Северинівка,48.516638,29.184421,2024-06-26 18:59:12,0,E2,Humidity,Humidity,Вологість,%,%,20.0555,1.0000000000,2024-06-26 18:59:12,0,0
1866,Северинівка,48.516638,29.184421,2024-06-26 18:59:12,0,E3,Pressure,Pressure,Атмосферний тиск,Pa,мм.рт.ст.,99491.4180,0.0075006168,2024-06-26 18:59:12,0,0
1918,Вінницька міська рада,49.2322042,28.46848,2024-06-26 18:58:15,0,A2,PM10,PM10,Пил 10 мкм,ug/m3,мкг/м³,2.1455,1.0000000000,2024-06-26 18:58:15,0,0
1918,Вінницька міська рада,49.2322042,28.46848,2024-06-26 18:58:15,0,A3,PM2.5,PM2.5,Пил 2.5 мкм,ug/m3,мкг/м³,1.7091,1.0000000000,2024-06-26 18:58:15,0,0
1918,Вінницька міська рада,49.2322042,28.46848,2024-06-26 18:58:15,0,B1,NO₂,NO₂,Діоксид азоту,ppb,мкг/м³,23.6700,1.9125000000,2024-06-26 18:58:15,0,0
1918,Вінницька міська рада,49.2322042,28.46848,2024-06-26 18:58:15,0,B2,CO,CO,Монооксид вуглецю,ppm,мкг/м³,0.5000,1164.2000000000,2024-06-26 18:58:15,0,0
1918,Вінницька міська рада,49.2322042,28.46848,2024-06-26 18:58:15,0,D1,RAD,RAD,Радіаційний фон,uR/h,мкР/год,14.0164,1.0000000000,2024-06-26 18:58:15,0,0
1918,Вінницька міська рада,49.2322042,28.46848,2024-06-26 18:58:15,0,E1,Temperature,Temperature,Температура,°C,°C,23.4745,1.0000000000,2024-06-26 18:58:15,0,0
1918,Вінницька міська рада,49.2322042,28.46848,2024-06-26 18:58:15,0,E1,Temperature,Temperature,Температура,°C,°C,23.7745,1.0000000000,2024-06-26 18:58:15,0,0
1918,Вінницька міська рада,49.2322042,28.46848,2024-06-26 18:58:15,0,E2,Humidity,Humidity,Вологість,%,%,53.5582,1.0000000000,2024-06-26 18:58:15,0,0
1918,Вінницька міська рада,49.2322042,28.46848,2024-06-26 18:58:15,0,E3,Pressure,Pressure,Атмосферний тиск,Pa,мм.рт.ст.,98742.8000,0.0075006168,2024-06-26 18:58:15,0,0
271,vinnytsia-271,49.236887137498584,28.513305486721826,2024-06-26T15:54:00Z,0,A4,PM1.0,PM1.0,Пил 1.0 мкм,ug/m3,мкг/м³,3.351,null,2024-06-26T15:54:00Z,0,0
271,vinnytsia-271,49.236887137498584,28.513305486721826,2024-06-26T15:54:00Z,0,A3,PM2.5,PM2.5,Пил 2.5 мкм,ug/m3,мкг/м³,5.7677499999999995,null,2024-06-26T15:54:00Z,0,0
271,vinnytsia-271,49.236887137498584,28.513305486721826,2024-06-26T15:54:00Z,0,A2,PM100,PM100,Пил 10 мкм,ug/m3,мкг/м³,15.23525,null,2024-06-26T15:54:00Z,0,0
271,vinnytsia-271,49.236887137498584,28.513305486721826,2024-06-26T15:54:00Z,0,E1,Temperature,Temperature,Температура,°C,°C,26.831249999999997,null,2024-06-26T15:54:00Z,0,0
271,vinnytsia-271,49.236887137498584,28.513305486721826,2024-06-26T15:54:00Z,0,E2,Humidity,Humidity,Вологість,%,%,42.862,null,2024-06-26T15:54:00Z,0,0
271,vinnytsia-271,49.236887137498584,28.513305486721826,2024-06-26T15:54:00Z,0,E3,Pressure,Pressure,Атмосферний тиск,Pa,Паскаль,98661.62325,null,2024-06-26T15:54:00Z,0,0
281,vinnytsia-281,49.24192686787152,28.462020923798242,2024-06-26T15:54:00Z,0,A4,PM1.0,PM1.0,Пил 1.0 мкм,ug/m3,мкг/м³,2.32775,null,2024-06-26T15:54:00Z,0,0
281,vinnytsia-281,49.24192686787152,28.462020923798242,2024-06-26T15:54:00Z,0,A3,PM2.5,PM2.5,Пил 2.5 мкм,ug/m3,мкг/м³,3.3289999999999997,null,2024-06-26T15:54:00Z,0,0
281,vinnytsia-281,49.24192686787152,28.462020923798242,2024-06-26T15:54:00Z,0,A2,PM100,PM100,Пил 10 мкм,ug/m3,мкг/м³,10.45475,null,2024-06-26T15:54:00Z,0,0
281,vinnytsia-281,49.24192686787152,28.462020923798242,2024-06-26T15:54:00Z,0,E1,Temperature,Temperature,Температура,°C,°C,27.040749999999996,null,2024-06-26T15:54:00Z,0,0
281,vinnytsia-281,49.24192686787152,28.462020923798242,2024-06-26T15:54:00Z,0,E2,Humidity,Humidity,Вологість,%,%,40.8155,null,2024-06-26T15:54:00Z,0,0
281,vinnytsia-281,49.24192686787152,28.462020923798242,2024-06-26T15:54:00Z,0,E3,Pressure,Pressure,Атмосферний тиск,Pa,Паскаль,98674.39225,null,2024-06-26T15:54:00Z,0,0
90,vinnytsia-90,49.21773364876253,28.44979464092501,2024-06-26T15:54:00Z,0,A4,PM1.0,PM1.0,Пил 1.0 мкм,ug/m3,мкг/м³,4.5737499999999995,null,2024-06-26T15:54:00Z,0,0
90,vinnytsia-90,49.21773364876253,28.44979464092501,2024-06-26T15:54:00Z,0,A3,PM2.5,PM2.5,Пил 2.5 мкм,ug/m3,мкг/м³,7.836750000000001,null,2024-06-26T15:54:00Z,0,0
90,vinnytsia-90,49.21773364876253,28.44979464092501,2024-06-26T15:54:00Z,0,A2,PM100,PM100,Пил 10 мкм,ug/m3,мкг/м³,20.849249999999998,null,2024-06-26T15:54:00Z,0,0
90,vinnytsia-90,49.21773364876253,28.44979464092501,2024-06-26T15:54:00Z,0,E1,Temperature,Temperature,Температура,°C,°C,33.821999999999996,null,2024-06-26T15:54:00Z,0,0
90,vinnytsia-90,49.21773364876253,28.44979464092501,2024-06-26T15:54:00Z,0,E2,Humidity,Humidity,Вологість,%,%,35.32075,null,2024-06-26T15:54:00Z,0,0
90,vinnytsia-90,49.21773364876253,28.44979464092501,2024-06-26T15:54:00Z,0,E3,Pressure,Pressure,Атмосферний тиск,Pa,Паскаль,98446.97549999999,null,2024-06-26T15:54:00Z,0,0
767,Соборна 36,49.232859,28.470453,2024-06-26 19:19:26,0,A2,PM10,PM10,Пил 10 мкм,ug/m3,мкг/м³,1.8628,1.0000000000,2024-06-26 19:19:26,0,0
767,Соборна 36,49.232859,28.470453,2024-06-26 19:19:26,0,A3,PM2.5,PM2.5,Пил 2.5 мкм,ug/m3,мкг/м³,0.3111,1.0000000000,2024-06-26 19:19:26,0,0
774,Станція замостя,49.245473,28.493727,2024-06-26 19:19:56,0,A2,PM10,PM10,Пил 10 мкм,ug/m3,мкг/м³,3.5205,1.0000000000,2024-06-26 19:19:56,0,0
774,Станція замостя,49.245473,28.493727,2024-06-26 19:19:56,0,A3,PM2.5,PM2.5,Пил 2.5 мкм,ug/m3,мкг/м³,2.0865,1.0000000000,2024-06-26 19:19:56,0,0
774,Станція замостя,49.245473,28.493727,2024-06-26 19:19:56,0,E1,Temperature,Temperature,Температура,°C,°C,32.5735,1.0000000000,2024-06-26 19:19:56,0,0
774,Станція замостя,49.245473,28.493727,2024-06-26 19:19:56,0,E2,Humidity,Humidity,Вологість,%,%,27.0750,1.0000000000,2024-06-26 19:19:56,0,0
774,Станція замостя,49.245473,28.493727,2024-06-26 19:19:56,0,E3,Pressure,Pressure,Атмосферний тиск,Pa,мм.рт.ст.,98546.6620,0.0075006168,2024-06-26 19:19:56,0,0
790,станція Вишенька,49.2270093,28.4189984,2024-06-26 19:19:28,0,A2,PM10,PM10,Пил 10 мкм,ug/m3,мкг/м³,4.5484,1.0000000000,2024-06-26 19:19:28,0,0
790,станція Вишенька,49.2270093,28.4189984,2024-06-26 19:19:28,0,A3,PM2.5,PM2.5,Пил 2.5 мкм,ug/m3,мкг/м³,1.9374,1.0000000000,2024-06-26 19:19:28,0,0
790,станція Вишенька,49.2270093,28.4189984,2024-06-26 19:19:28,0,E1,Temperature,Temperature,Температура,°C,°C,26.6000,1.0000000000,2024-06-26 19:19:28,0,0
790,станція Вишенька,49.2270093,28.4189984,2024-06-26 19:19:28,0,E2,Humidity,Humidity,Вологість,%,%,36.1900,1.0000000000,2024-06-26 19:19:28,0,0
790,станція Вишенька,49.2270093,28.4189984,2024-06-26 19:19:28,0,E3,Pressure,Pressure,Атмосферний тиск,Pa,мм.рт.ст.,98546.0974,0.0075006168,2024-06-26 19:19:28,0,0
1315,Vinnytsia National Technical University,49.23327,28.409161,2024-06-26 19:19:20,0,A2,PM10,PM10,Пил 10 мкм,ug/m3,мкг/м³,20.7490,1.0000000000,2024-06-26 19:19:20,0,0
1315,Vinnytsia National Technical University,49.23327,28.409161,2024-06-26 19:19:20,0,A3,PM2.5,PM2.5,Пил 2.5 мкм,ug/m3,мкг/м³,18.8945,1.0000000000,2024-06-26 19:19:20,0,0
1315,Vinnytsia National Technical University,49.23327,28.409161,2024-06-26 19:19:20,0,A4,PM1.0,PM1.0,Пил 1.0 мкм,ug/m3,мкг/м³,15.3490,1.0000000000,2024-06-26 19:19:20,0,0
1315,Vinnytsia National Technical University,49.23327,28.409161,2024-06-26 19:19:20,0,B2,CO,CO,Монооксид вуглецю,ppm,мкг/м³,0.5000,1164.2000000000,2024-06-26 19:19:20,0,0
1315,Vinnytsia National Technical University,49.23327,28.409161,2024-06-26 19:19:20,0,B3,O₃,O₃,O₃,ppm,мкг/м³,0.0485,1995.7000000000,2024-06-26 19:19:20,0,0
1315,Vinnytsia National Technical University,49.23327,28.409161,2024-06-26 19:19:20,0,C1,VOC (H₂CO),VOC (H₂CO),ЛОС (Формальдегід),mg/m3,мкг/м³,0.0106,1000.0000000000,2024-06-26 19:19:20,0,0
1315,Vinnytsia National Technical University,49.23327,28.409161,2024-06-26 19:19:20,0,E1,Temperature,Temperature,Температура,°C,°C,25.7745,1.0000000000,2024-06-26 19:19:20,0,0
1315,Vinnytsia National Technical University,49.23327,28.409161,2024-06-26 19:19:20,0,E1,Temperature,Temperature,Температура,°C,°C,19.2800,1.0000000000,2024-06-26 19:19:20,0,0
1315,Vinnytsia National Technical University,49.23327,28.409161,2024-06-26 19:19:20,0,E1,Temperature,Temperature,Температура,°C,°C,26.6685,1.0000000000,2024-06-26 19:19:20,0,0
1315,Vinnytsia National Technical University,49.23327,28.409161,2024-06-26 19:19:20,0,E2,Humidity,Humidity,Вологість,%,%,42.9510,1.0000000000,2024-06-26 19:19:20,0,0
1315,Vinnytsia National Technical University,49.23327,28.409161,2024-06-26 19:19:20,0,E2,Humidity,Humidity,Вологість,%,%,54.8640,1.0000000000,2024-06-26 19:19:20,0,0
1315,Vinnytsia National Technical University,49.23327,28.409161,2024-06-26 19:19:20,0,E3,Pressure,Pressure,Атмосферний тиск,Pa,мм.рт.ст.,98551.2570,0.0075006168,2024-06-26 19:19:20,0,0
1811,EcoCity станція моніторингу Хмільник,49.558012,27.956897,2024-06-26 19:19:44,0,A2,PM10,PM10,Пил 10 мкм,ug/m3,мкг/м³,5.6450,1.0000000000,2024-06-26 19:19:44,0,0
1811,EcoCity станція моніторингу Хмільник,49.558012,27.956897,2024-06-26 19:19:44,0,A3,PM2.5,PM2.5,Пил 2.5 мкм,ug/m3,мкг/м³,2.0100,1.0000000000,2024-06-26 19:19:44,0,0
1811,EcoCity станція моніторингу Хмільник,49.558012,27.956897,2024-06-26 19:19:44,0,D1,RAD,RAD,Радіаційний фон,uR/h,мкР/год,13.8315,1.0000000000,2024-06-26 19:19:44,0,0
1811,EcoCity станція моніторингу Хмільник,49.558012,27.956897,2024-06-26 19:19:44,0,E1,Temperature,Temperature,Температура,°C,°C,27.8780,1.0000000000,2024-06-26 19:19:44,0,0
1811,EcoCity станція моніторингу Хмільник,49.558012,27.956897,2024-06-26 19:19:44,0,E1,Temperature,Temperature,Температура,°C,°C,28.5105,1.0000000000,2024-06-26 19:19:44,0,0
1811,EcoCity станція моніторингу Хмільник,49.558012,27.956897,2024-06-26 19:19:44,0,E2,Humidity,Humidity,Вологість,%,%,34.5735,1.0000000000,2024-06-26 19:19:44,0,0
1811,EcoCity станція моніторингу Хмільник,49.558012,27.956897,2024-06-26 19:19:44,0,E3,Pressure,Pressure,Атмосферний тиск,Pa,мм.рт.ст.,98802.1220,0.0075006168,2024-06-26 19:19:44,0,0
1825,Центральна площа,49.105637,29.206617,2024-06-26 19:19:12,0,A2,PM10,PM10,Пил 10 мкм,ug/m3,мкг/м³,5.6700,1.0000000000,2024-06-26 19:19:12,0,0
1825,Центральна площа,49.105637,29.206617,2024-06-26 19:19:12,0,A3,PM2.5,PM2.5,Пил 2.5 мкм,ug/m3,мкг/м³,1.9900,1.0000000000,2024-06-26 19:19:12,0,0
1825,Центральна площа,49.105637,29.206617,2024-06-26 19:19:12,0,D1,RAD,RAD,Радіаційний фон,uR/h,мкР/год,14.7810,1.0000000000,2024-06-26 19:19:12,0,0
1825,Центральна площа,49.105637,29.206617,2024-06-26 19:19:12,0,E1,Temperature,Temperature,Температура,°C,°C,26.8510,1.0000000000,2024-06-26 19:19:12,0,0
1825,Центральна площа,49.105637,29.206617,2024-06-26 19:19:12,0,E1,Temperature,Temperature,Температура,°C,°C,27.8125,1.0000000000,2024-06-26 19:19:12,0,0
1825,Центральна площа,49.105637,29.206617,2024-06-26 19:19:12,0,E2,Humidity,Humidity,Вологість,%,%,39.2985,1.0000000000,2024-06-26 19:19:12,0,0
1825,Центральна площа,49.105637,29.206617,2024-06-26 19:19:12,0,E3,Pressure,Pressure,Атмосферний тиск,Pa,мм.рт.ст.,99188.1100,0.0075006168,2024-06-26 19:19:12,0,0
1866,Северинівка,48.516638,29.184421,2024-06-26 19:19:22,0,A2,PM10,PM10,Пил 10 мкм,ug/m3,мкг/м³,4.8050,1.0000000000,2024-06-26 19:19:22,0,0
1866,Северинівка,48.516638,29.184421,2024-06-26 19:19:22,0,A3,PM2.5,PM2.5,Пил 2.5 мкм,ug/m3,мкг/м³,1.3950,1.0000000000,2024-06-26 19:19:22,0,0
1866,Северинівка,48.516638,29.184421,2024-06-26 19:19:22,0,D1,RAD,RAD,Радіаційний фон,uR/h,мкР/год,12.0450,1.0000000000,2024-06-26 19:19:22,0,0
1866,Северинівка,48.516638,29.184421,2024-06-26 19:19:22,0,E1,Temperature,Temperature,Температура,°C,°C,39.0237,1.0000000000,2024-06-26 19:19:22,0,0
1866,Северинівка,48.516638,29.184421,2024-06-26 19:19:22,0,E1,Temperature,Temperature,Температура,°C,°C,39.2888,1.0000000000,2024-06-26 19:19:22,0,0
1866,Северинівка,48.516638,29.184421,2024-06-26 19:19:22,0,E2,Humidity,Humidity,Вологість,%,%,21.4160,1.0000000000,2024-06-26 19:19:22,0,0
1866,Северинівка,48.516638,29.184421,2024-06-26 19:19:22,0,E3,Pressure,Pressure,Атмосферний тиск,Pa,мм.рт.ст.,99468.8365,0.0075006168,2024-06-26 19:19:22,0,0
1918,Вінницька міська рада,49.2322042,28.46848,2024-06-26 19:11:55,0,A2,PM10,PM10,Пил 10 мкм,ug/m3,мкг/м³,2.0857,1.0000000000,2024-06-26 19:11:55,0,0
1918,Вінницька міська рада,49.2322042,28.46848,2024-06-26 19:11:55,0,A3,PM2.5,PM2.5,Пил 2.5 мкм,ug/m3,мкг/м³,1.8000,1.0000000000,2024-06-26 19:11:55,0,0
1918,Вінницька міська рада,49.2322042,28.46848,2024-06-26 19:11:55,0,B1,NO₂,NO₂,Діоксид азоту,ppb,мкг/м³,23.3200,1.9125000000,2024-06-26 19:11:55,0,0
1918,Вінницька міська рада,49.2322042,28.46848,2024-06-26 19:11:55,0,B2,CO,CO,Монооксид вуглецю,ppm,мкг/м³,0.5000,1164.2000000000,2024-06-26 19:11:55,0,0
1918,Вінницька міська рада,49.2322042,28.46848,2024-06-26 19:11:55,0,D1,RAD,RAD,Радіаційний фон,uR/h,мкР/год,14.5714,1.0000000000,2024-06-26 19:11:55,0,0
1918,Вінницька міська рада,49.2322042,28.46848,2024-06-26 19:11:55,0,E1,Temperature,Temperature,Температура,°C,°C,23.5800,1.0000000000,2024-06-26 19:11:55,0,0
1918,Вінницька міська рада,49.2322042,28.46848,2024-06-26 19:11:55,0,E1,Temperature,Temperature,Температура,°C,°C,23.8900,1.0000000000,2024-06-26 19:11:55,0,0
1918,Вінницька міська рада,49.2322042,28.46848,2024-06-26 19:11:55,0,E2,Humidity,Humidity,Вологість,%,%,53.3657,1.0000000000,2024-06-26 19:11:55,0,0
1918,Вінницька міська рада,49.2322042,28.46848,2024-06-26 19:11:55,0,E3,Pressure,Pressure,Атмосферний тиск,Pa,мм.рт.ст.,98731.0386,0.0075006168,2024-06-26 19:11:55,0,0
271,vinnytsia-271,49.236887137498584,28.513305486721826,2024-06-26T16:14:00Z,0,A4,PM1.0,PM1.0,Пил 1.0 мкм,ug/m3,мкг/м³,2.8817500000000003,null,2024-06-26T16:14:00Z,0,0
271,vinnytsia-271,49.236887137498584,28.513305486721826,2024-06-26T16:14:00Z,0,A3,PM2.5,PM2.5,Пил 2.5 мкм,ug/m3,мкг/м³,4.791,null,2024-06-26T16:14:00Z,0,0
271,vinnytsia-271,49.236887137498584,28.513305486721826,2024-06-26T16:14:00Z,0,A2,PM100,PM100,Пил 10 мкм,ug/m3,мкг/м³,13.30025,null,2024-06-26T16:14:00Z,0,0
271,vinnytsia-271,49.236887137498584,28.513305486721826,2024-06-26T16:14:00Z,0,E1,Temperature,Temperature,Температура,°C,°C,26.79925,null,2024-06-26T16:14:00Z,0,0
271,vinnytsia-271,49.236887137498584,28.513305486721826,2024-06-26T16:14:00Z,0,E2,Humidity,Humidity,Вологість,%,%,42.30075,null,2024-06-26T16:14:00Z,0,0
271,vinnytsia-271,49.236887137498584,28.513305486721826,2024-06-26T16:14:00Z,0,E3,Pressure,Pressure,Атмосферний тиск,Pa,Паскаль,98652.53099999999,null,2024-06-26T16:14:00Z,0,0
281,vinnytsia-281,49.24192686787152,28.462020923798242,2024-06-26T16:14:00Z,0,A4,PM1.0,PM1.0,Пил 1.0 мкм,ug/m3,мкг/м³,2.3600000000000003,null,2024-06-26T16:14:00Z,0,0
281,vinnytsia-281,49.24192686787152,28.462020923798242,2024-06-26T16:14:00Z,0,A3,PM2.5,PM2.5,Пил 2.5 мкм,ug/m3,мкг/м³,3.3714999999999997,null,2024-06-26T16:14:00Z,0,0
281,vinnytsia-281,49.24192686787152,28.462020923798242,2024-06-26T16:14:00Z,0,A2,PM100,PM100,Пил 10 мкм,ug/m3,мкг/м³,10.4395,null,2024-06-26T16:14:00Z,0,0
281,vinnytsia-281,49.24192686787152,28.462020923798242,2024-06-26T16:14:00Z,0,E1,Temperature,Temperature,Температура,°C,°C,27.1145,null,2024-06-26T16:14:00Z,0,0
281,vinnytsia-281,49.24192686787152,28.462020923798242,2024-06-26T16:14:00Z,0,E2,Humidity,Humidity,Вологість,%,%,42.03075,null,2024-06-26T16:14:00Z,0,0
281,vinnytsia-281,49.24192686787152,28.462020923798242,2024-06-26T16:14:00Z,0,E3,Pressure,Pressure,Атмосферний тиск,Pa,Паскаль,98673.4825,null,2024-06-26T16:14:00Z,0,0
90,vinnytsia-90,49.21773364876253,28.44979464092501,2024-06-26T16:14:00Z,0,A4,PM1.0,PM1.0,Пил 1.0 мкм,ug/m3,мкг/м³,4.612500000000001,null,2024-06-26T16:14:00Z,0,0
90,vinnytsia-90,49.21773364876253,28.44979464092501,2024-06-26T16:14:00Z,0,A3,PM2.5,PM2.5,Пил 2.5 мкм,ug/m3,мкг/м³,7.875249999999999,null,2024-06-26T16:14:00Z,0,0
90,vinnytsia-90,49.21773364876253,28.44979464092501,2024-06-26T16:14:00Z,0,A2,PM100,PM100,Пил 10 мкм,ug/m3,мкг/м³,20.795749999999998,null,2024-06-26T16:14:00Z,0,0
90,vinnytsia-90,49.21773364876253,28.44979464092501,2024-06-26T16:14:00Z,0,E1,Temperature,Temperature,Температура,°C,°C,33.11875,null,2024-06-26T16:14:00Z,0,0
90,vinnytsia-90,49.21773364876253,28.44979464092501,2024-06-26T16:14:00Z,0,E2,Humidity,Humidity,Вологість,%,%,36.04325,null,2024-06-26T16:14:00Z,0,0
90,vinnytsia-90,49.21773364876253,28.44979464092501,2024-06-26T16:14:00Z,0,E3,Pressure,Pressure,Атмосферний тиск,Pa,Паскаль,98432.1595,null,2024-06-26T16:14:00Z,0,0
767,Соборна 36,49.232859,28.470453,2024-06-26 19:39:17,0,A2,PM10,PM10,Пил 10 мкм,ug/m3,мкг/м³,2.5716,1.0000000000,2024-06-26 19:39:17,0,0
767,Соборна 36,49.232859,28.470453,2024-06-26 19:39:17,0,A3,PM2.5,PM2.5,Пил 2.5 мкм,ug/m3,мкг/м³,0.3900,1.0000000000,2024-06-26 19:39:17,0,0
774,Станція замостя,49.245473,28.493727,2024-06-26 19:39:27,0,A2,PM10,PM10,Пил 10 мкм,ug/m3,мкг/м³,3.2674,1.0000000000,2024-06-26 19:39:27,0,0
774,Станція замостя,49.245473,28.493727,2024-06-26 19:39:27,0,A3,PM2.5,PM2.5,Пил 2.5 мкм,ug/m3,мкг/м³,1.9774,1.0000000000,2024-06-26 19:39:27,0,0
774,Станція замостя,49.245473,28.493727,2024-06-26 19:39:27,0,E1,Temperature,Temperature,Температура,°C,°C,33.4463,1.0000000000,2024-06-26 19:39:27,0,0
774,Станція замостя,49.245473,28.493727,2024-06-26 19:39:27,0,E2,Humidity,Humidity,Вологість,%,%,24.9237,1.0000000000,2024-06-26 19:39:27,0,0
774,Станція замостя,49.245473,28.493727,2024-06-26 19:39:27,0,E3,Pressure,Pressure,Атмосферний тиск,Pa,мм.рт.ст.,98546.4179,0.0075006168,2024-06-26 19:39:27,0,0
790,станція Вишенька,49.2270093,28.4189984,2024-06-26 19:39:50,0,A2,PM10,PM10,Пил 10 мкм,ug/m3,мкг/м³,5.0775,1.0000000000,2024-06-26 19:39:50,0,0
790,станція Вишенька,49.2270093,28.4189984,2024-06-26 19:39:50,0,A3,PM2.5,PM2.5,Пил 2.5 мкм,ug/m3,мкг/м³,2.0500,1.0000000000,2024-06-26 19:39:50,0,0
790,станція Вишенька,49.2270093,28.4189984,2024-06-26 19:39:50,0,E1,Temperature,Temperature,Температура,°C,°C,26.4219,1.0000000000,2024-06-26 19:39:50,0,0
790,станція Вишенька,49.2270093,28.4189984,2024-06-26 19:39:50,0,E2,Humidity,Humidity,Вологість,%,%,37.3000,1.0000000000,2024-06-26 19:39:50,0,0
790,станція Вишенька,49.2270093,28.4189984,2024-06-26 19:39:50,0,E3,Pressure,Pressure,Атмосферний тиск,Pa,мм.рт.ст.,98541.1462,0.0075006168,2024-06-26 19:39:50,0,0
1315,Vinnytsia National Technical University,49.23327,28.409161,2024-06-26 19:39:35,0,A2,PM10,PM10,Пил 10 мкм,ug/m3,мкг/м³,17.8950,1.0000000000,2024-06-26 19:39:35,0,0
1315,Vinnytsia National Technical University,49.23327,28.409161,2024-06-26 19:39:35,0,A3,PM2.5,PM2.5,Пил 2.5 мкм,ug/m3,мкг/м³,16.7315,1.0000000000,2024-06-26 19:39:35,0,0
1315,Vinnytsia National Technical University,49.23327,28.409161,2024-06-26 19:39:35,0,A4,PM1.0,PM1.0,Пил 1.0 мкм,ug/m3,мкг/м³,13.3450,1.0000000000,2024-06-26 19:39:35,0,0
1315,Vinnytsia National Technical University,49.23327,28.409161,2024-06-26 19:39:35,0,B2,CO,CO,Монооксид вуглецю,ppm,мкг/м³,0.5000,1164.2000000000,2024-06-26 19:39:35,0,0
1315,Vinnytsia National Technical University,49.23327,28.409161,2024-06-26 19:39:35,0,B3,O₃,O₃,O₃,ppm,мкг/м³,0.0500,1995.7000000000,2024-06-26 19:39:35,0,0
1315,Vinnytsia National Technical University,49.23327,28.409161,2024-06-26 19:39:35,0,C1,VOC (H₂CO),VOC (H₂CO),ЛОС (Формальдегід),mg/m3,мкг/м³,0.0102,1000.0000000000,2024-06-26 19:39:35,0,0
1315,Vinnytsia National Technical University,49.23327,28.409161,2024-06-26 19:39:35,0,E1,Temperature,Temperature,Температура,°C,°C,26.5705,1.0000000000,2024-06-26 19:39:35,0,0
1315,Vinnytsia National Technical University,49.23327,28.409161,2024-06-26 19:39:35,0,E1,Temperature,Temperature,Температура,°C,°C,25.6700,1.0000000000,2024-06-26 19:39:35,0,0
1315,Vinnytsia National Technical University,49.23327,28.409161,2024-06-26 19:39:35,0,E1,Temperature,Temperature,Температура,°C,°C,19.2400,1.0000000000,2024-06-26 19:39:35,0,0
1315,Vinnytsia National Technical University,49.23327,28.409161,2024-06-26 19:39:35,0,E2,Humidity,Humidity,Вологість,%,%,44.1835,1.0000000000,2024-06-26 19:39:35,0,0
1315,Vinnytsia National Technical University,49.23327,28.409161,2024-06-26 19:39:35,0,E2,Humidity,Humidity,Вологість,%,%,55.5635,1.0000000000,2024-06-26 19:39:35,0,0
1315,Vinnytsia National Technical University,49.23327,28.409161,2024-06-26 19:39:35,0,E3,Pressure,Pressure,Атмосферний тиск,Pa,мм.рт.ст.,98547.0775,0.0075006168,2024-06-26 19:39:35,0,0
1811,EcoCity станція моніторингу Хмільник,49.558012,27.956897,2024-06-26 19:39:55,0,A2,PM10,PM10,Пил 10 мкм,ug/m3,мкг/м³,5.8050,1.0000000000,2024-06-26 19:39:55,0,0
1811,EcoCity станція моніторингу Хмільник,49.558012,27.956897,2024-06-26 19:39:55,0,A3,PM2.5,PM2.5,Пил 2.5 мкм,ug/m3,мкг/м³,2.0300,1.0000000000,2024-06-26 19:39:55,0,0
1811,EcoCity станція моніторингу Хмільник,49.558012,27.956897,2024-06-26 19:39:55,0,D1,RAD,RAD,Радіаційний фон,uR/h,мкР/год,13.3420,1.0000000000,2024-06-26 19:39:55,0,0
1811,EcoCity станція моніторингу Хмільник,49.558012,27.956897,2024-06-26 19:39:55,0,E1,Temperature,Temperature,Температура,°C,°C,28.0420,1.0000000000,2024-06-26 19:39:55,0,0
1811,EcoCity станція моніторингу Хмільник,49.558012,27.956897,2024-06-26 19:39:55,0,E1,Temperature,Temperature,Температура,°C,°C,27.4005,1.0000000000,2024-06-26 19:39:55,0,0
1811,EcoCity станція моніторингу Хмільник,49.558012,27.956897,2024-06-26 19:39:55,0,E2,Humidity,Humidity,Вологість,%,%,35.7000,1.0000000000,2024-06-26 19:39:55,0,0
1811,EcoCity станція моніторингу Хмільник,49.558012,27.956897,2024-06-26 19:39:55,0,E3,Pressure,Pressure,Атмосферний тиск,Pa,мм.рт.ст.,98793.8800,0.0075006168,2024-06-26 19:39:55,0,0
1825,Центральна площа,49.105637,29.206617,2024-06-26 19:39:23,0,A2,PM10,PM10,Пил 10 мкм,ug/m3,мкг/м³,5.3800,1.0000000000,2024-06-26 19:39:23,0,0
1825,Центральна площа,49.105637,29.206617,2024-06-26 19:39:23,0,A3,PM2.5,PM2.5,Пил 2.5 мкм,ug/m3,мкг/м³,1.9950,1.0000000000,2024-06-26 19:39:23,0,0
1825,Центральна площа,49.105637,29.206617,2024-06-26 19:39:23,0,D1,RAD,RAD,Радіаційний фон,uR/h,мкР/год,14.4535,1.0000000000,2024-06-26 19:39:23,0,0
1825,Центральна площа,49.105637,29.206617,2024-06-26 19:39:23,0,E1,Temperature,Temperature,Температура,°C,°C,27.6585,1.0000000000,2024-06-26 19:39:23,0,0
1825,Центральна площа,49.105637,29.206617,2024-06-26 19:39:23,0,E1,Temperature,Temperature,Температура,°C,°C,26.6930,1.0000000000,2024-06-26 19:39:23,0,0
1825,Центральна площа,49.105637,29.206617,2024-06-26 19:39:23,0,E2,Humidity,Humidity,Вологість,%,%,40.3460,1.0000000000,2024-06-26 19:39:23,0,0
1825,Центральна площа,49.105637,29.206617,2024-06-26 19:39:23,0,E3,Pressure,Pressure,Атмосферний тиск,Pa,мм.рт.ст.,99184.4970,0.0075006168,2024-06-26 19:39:23,0,0
1866,Северинівка,48.516638,29.184421,2024-06-26 19:39:34,0,A2,PM10,PM10,Пил 10 мкм,ug/m3,мкг/м³,3.8700,1.0000000000,2024-06-26 19:39:34,0,0
1866,Северинівка,48.516638,29.184421,2024-06-26 19:39:34,0,A3,PM2.5,PM2.5,Пил 2.5 мкм,ug/m3,мкг/м³,1.4350,1.0000000000,2024-06-26 19:39:34,0,0
1866,Северинівка,48.516638,29.184421,2024-06-26 19:39:34,0,D1,RAD,RAD,Радіаційний фон,uR/h,мкР/год,11.2545,1.0000000000,2024-06-26 19:39:34,0,0
1866,Северинівка,48.516638,29.184421,2024-06-26 19:39:34,0,E1,Temperature,Temperature,Температура,°C,°C,38.2645,1.0000000000,2024-06-26 19:39:34,0,0
1866,Северинівка,48.516638,29.184421,2024-06-26 19:39:34,0,E1,Temperature,Temperature,Температура,°C,°C,37.2360,1.0000000000,2024-06-26 19:39:34,0,0
1866,Северинівка,48.516638,29.184421,2024-06-26 19:39:34,0,E2,Humidity,Humidity,Вологість,%,%,23.7330,1.0000000000,2024-06-26 19:39:34,0,0
1866,Северинівка,48.516638,29.184421,2024-06-26 19:39:34,0,E3,Pressure,Pressure,Атмосферний тиск,Pa,мм.рт.ст.,99467.3355,0.0075006168,2024-06-26 19:39:34,0,0
1918,Вінницька міська рада,49.2322042,28.46848,2024-06-26 19:39:18,0,A2,PM10,PM10,Пил 10 мкм,ug/m3,мкг/м³,2.4071,1.0000000000,2024-06-26 19:39:18,0,0
1918,Вінницька міська рада,49.2322042,28.46848,2024-06-26 19:39:18,0,A3,PM2.5,PM2.5,Пил 2.5 мкм,ug/m3,мкг/м³,1.8143,1.0000000000,2024-06-26 19:39:18,0,0
1918,Вінницька міська рада,49.2322042,28.46848,2024-06-26 19:39:18,0,B1,NO₂,NO₂,Діоксид азоту,ppb,мкг/м³,23.7429,1.9125000000,2024-06-26 19:39:18,0,0
1918,Вінницька міська рада,49.2322042,28.46848,2024-06-26 19:39:18,0,B2,CO,CO,Монооксид вуглецю,ppm,мкг/м³,0.5000,1164.2000000000,2024-06-26 19:39:18,0,0
1918,Вінницька міська рада,49.2322042,28.46848,2024-06-26 19:39:18,0,D1,RAD,RAD,Радіаційний фон,uR/h,мкР/год,14.9679,1.0000000000,2024-06-26 19:39:18,0,0
1918,Вінницька міська рада,49.2322042,28.46848,2024-06-26 19:39:18,0,E1,Temperature,Temperature,Температура,°C,°C,23.7507,1.0000000000,2024-06-26 19:39:18,0,0
1918,Вінницька міська рада,49.2322042,28.46848,2024-06-26 19:39:18,0,E1,Temperature,Temperature,Температура,°C,°C,24.0486,1.0000000000,2024-06-26 19:39:18,0,0
1918,Вінницька міська рада,49.2322042,28.46848,2024-06-26 19:39:18,0,E2,Humidity,Humidity,Вологість,%,%,53.2557,1.0000000000,2024-06-26 19:39:18,0,0
1918,Вінницька міська рада,49.2322042,28.46848,2024-06-26 19:39:18,0,E3,Pressure,Pressure,Атмосферний тиск,Pa,мм.рт.ст.,98722.6307,0.0075006168,2024-06-26 19:39:18,0,0
271,vinnytsia-271,49.236887137498584,28.513305486721826,2024-06-26T16:34:00Z,0,A4,PM1.0,PM1.0,Пил 1.0 мкм,ug/m3,мкг/м³,2.985,null,2024-06-26T16:34:00Z,0,0
271,vinnytsia-271,49.236887137498584,28.513305486721826,2024-06-26T16:34:00Z,0,A3,PM2.5,PM2.5,Пил 2.5 мкм,ug/m3,мкг/м³,4.91225,null,2024-06-26T16:34:00Z,0,0
271,vinnytsia-271,49.236887137498584,28.513305486721826,2024-06-26T16:34:00Z,0,A2,PM100,PM100,Пил 10 мкм,ug/m3,мкг/м³,13.642499999999998,null,2024-06-26T16:34:00Z,0,0
271,vinnytsia-271,49.236887137498584,28.513305486721826,2024-06-26T16:34:00Z,0,E1,Temperature,Temperature,Температура,°C,°C,26.676249999999996,null,2024-06-26T16:34:00Z,0,0
271,vinnytsia-271,49.236887137498584,28.513305486721826,2024-06-26T16:34:00Z,0,E2,Humidity,Humidity,Вологість,%,%,41.7185,null,2024-06-26T16:34:00Z,0,0
271,vinnytsia-271,49.236887137498584,28.513305486721826,2024-06-26T16:34:00Z,0,E3,Pressure,Pressure,Атмосферний тиск,Pa,Паскаль,98644.89074999999,null,2024-06-26T16:34:00Z,0,0
281,vinnytsia-281,49.24192686787152,28.462020923798242,2024-06-26T16:34:00Z,0,A4,PM1.0,PM1.0,Пил 1.0 мкм,ug/m3,мкг/м³,2.3805,null,2024-06-26T16:34:00Z,0,0
281,vinnytsia-281,49.24192686787152,28.462020923798242,2024-06-26T16:34:00Z,0,A3,PM2.5,PM2.5,Пил 2.5 мкм,ug/m3,мкг/м³,3.32025,null,2024-06-26T16:34:00Z,0,0
281,vinnytsia-281,49.24192686787152,28.462020923798242,2024-06-26T16:34:00Z,0,A2,PM100,PM100,Пил 10 мкм,ug/m3,мкг/м³,10.102,null,2024-06-26T16:34:00Z,0,0
281,vinnytsia-281,49.24192686787152,28.462020923798242,2024-06-26T16:34:00Z,0,E1,Temperature,Temperature,Температура,°C,°C,26.5925,null,2024-06-26T16:34:00Z,0,0
281,vinnytsia-281,49.24192686787152,28.462020923798242,2024-06-26T16:34:00Z,0,E2,Humidity,Humidity,Вологість,%,%,44.813500000000005,null,2024-06-26T16:34:00Z,0,0
281,vinnytsia-281,49.24192686787152,28.462020923798242,2024-06-26T16:34:00Z,0,E3,Pressure,Pressure,Атмосферний тиск,Pa,Паскаль,98680.85824999999,null,2024-06-26T16:34:00Z,0,0
90,vinnytsia-90,49.21773364876253,28.44979464092501,2024-06-26T16:34:00Z,0,A4,PM1.0,PM1.0,Пил 1.0 мкм,ug/m3,мкг/м³,5.631,null,2024-06-26T16:34:00Z,0,0
90,vinnytsia-90,49.21773364876253,28.44979464092501,2024-06-26T16:34:00Z,0,A3,PM2.5,PM2.5,Пил 2.5 мкм,ug/m3,мкг/м³,9.0625,null,2024-06-26T16:34:00Z,0,0
90,vinnytsia-90,49.21773364876253,28.44979464092501,2024-06-26T16:34:00Z,0,A2,PM100,PM100,Пил 10 мкм,ug/m3,мкг/м³,20.68725,null,2024-06-26T16:34:00Z,0,0
90,vinnytsia-90,49.21773364876253,28.44979464092501,2024-06-26T16:34:00Z,0,E1,Temperature,Temperature,Температура,°C,°C,31.433500000000002,null,2024-06-26T16:34:00Z,0,0
90,vinnytsia-90,49.21773364876253,28.44979464092501,2024-06-26T16:34:00Z,0,E2,Humidity,Humidity,Вологість,%,%,38.355,null,2024-06-26T16:34:00Z,0,0
90,vinnytsia-90,49.21773364876253,28.44979464092501,2024-06-26T16:34:00Z,0,E3,Pressure,Pressure,Атмосферний тиск,Pa,Паскаль,98417.23975,null,2024-06-26T16:34:00Z,0,0
767,Соборна 36,49.232859,28.470453,2024-06-26 19:59:13,0,A2,PM10,PM10,Пил 10 мкм,ug/m3,мкг/м³,1.4016,1.0000000000,2024-06-26 19:59:13,0,0
767,Соборна 36,49.232859,28.470453,2024-06-26 19:59:13,0,A3,PM2.5,PM2.5,Пил 2.5 мкм,ug/m3,мкг/м³,0.3274,1.0000000000,2024-06-26 19:59:13,0,0
774,Станція замостя,49.245473,28.493727,2024-06-26 19:59:57,0,A2,PM10,PM10,Пил 10 мкм,ug/m3,мкг/м³,6.5835,1.0000000000,2024-06-26 19:59:57,0,0
774,Станція замостя,49.245473,28.493727,2024-06-26 19:59:57,0,A3,PM2.5,PM2.5,Пил 2.5 мкм,ug/m3,мкг/м³,3.8140,1.0000000000,2024-06-26 19:59:57,0,0
774,Станція замостя,49.245473,28.493727,2024-06-26 19:59:57,0,E1,Temperature,Temperature,Температура,°C,°C,30.4130,1.0000000000,2024-06-26 19:59:57,0,0
774,Станція замостя,49.245473,28.493727,2024-06-26 19:59:57,0,E2,Humidity,Humidity,Вологість,%,%,28.9300,1.0000000000,2024-06-26 19:59:57,0,0
774,Станція замостя,49.245473,28.493727,2024-06-26 19:59:57,0,E3,Pressure,Pressure,Атмосферний тиск,Pa,мм.рт.ст.,98541.5820,0.0075006168,2024-06-26 19:59:57,0,0
790,станція Вишенька,49.2270093,28.4189984,2024-06-26 19:59:22,0,A2,PM10,PM10,Пил 10 мкм,ug/m3,мкг/м³,5.0021,1.0000000000,2024-06-26 19:59:22,0,0
790,станція Вишенька,49.2270093,28.4189984,2024-06-26 19:59:22,0,A3,PM2.5,PM2.5,Пил 2.5 мкм,ug/m3,мкг/м³,2.0784,1.0000000000,2024-06-26 19:59:22,0,0
790,станція Вишенька,49.2270093,28.4189984,2024-06-26 19:59:22,0,E1,Temperature,Temperature,Температура,°C,°C,26.2137,1.0000000000,2024-06-26 19:59:22,0,0
790,станція Вишенька,49.2270093,28.4189984,2024-06-26 19:59:22,0,E2,Humidity,Humidity,Вологість,%,%,37.9032,1.0000000000,2024-06-26 19:59:22,0,0
790,станція Вишенька,49.2270093,28.4189984,2024-06-26 19:59:22,0,E3,Pressure,Pressure,Атмосферний тиск,Pa,мм.рт.ст.,98536.7084,0.0075006168,2024-06-26 19:59:22,0,0
1315,Vinnytsia National Technical University,49.23327,28.409161,2024-06-26 19:59:49,0,A2,PM10,PM10,Пил 10 мкм,ug/m3,мкг/м³,19.2590,1.0000000000,2024-06-26 19:59:49,0,0
1315,Vinnytsia National Technical University,49.23327,28.409161,2024-06-26 19:59:49,0,A3,PM2.5,PM2.5,Пил 2.5 мкм,ug/m3,мкг/м³,17.7545,1.0000000000,2024-06-26 19:59:49,0,0
1315,Vinnytsia National Technical University,49.23327,28.409161,2024-06-26 19:59:49,0,A4,PM1.0,PM1.0,Пил 1.0 мкм,ug/m3,мкг/м³,14.6410,1.0000000000,2024-06-26 19:59:49,0,0
1315,Vinnytsia National Technical University,49.23327,28.409161,2024-06-26 19:59:49,0,B2,CO,CO,Монооксид вуглецю,ppm,мкг/м³,0.5000,1164.2000000000,2024-06-26 19:59:49,0,0
1315,Vinnytsia National Technical University,49.23327,28.409161,2024-06-26 19:59:49,0,B3,O₃,O₃,O₃,ppm,мкг/м³,0.0520,1995.7000000000,2024-06-26 19:59:49,0,0
1315,Vinnytsia National Technical University,49.23327,28.409161,2024-06-26 19:59:49,0,C1,VOC (H₂CO),VOC (H₂CO),ЛОС (Формальдегід),mg/m3,мкг/м³,0.0105,1000.0000000000,2024-06-26 19:59:49,0,0
1315,Vinnytsia National Technical University,49.23327,28.409161,2024-06-26 19:59:49,0,E1,Temperature,Temperature,Температура,°C,°C,26.2755,1.0000000000,2024-06-26 19:59:49,0,0
1315,Vinnytsia National Technical University,49.23327,28.409161,2024-06-26 19:59:49,0,E1,Temperature,Temperature,Температура,°C,°C,25.3725,1.0000000000,2024-06-26 19:59:49,0,0
1315,Vinnytsia National Technical University,49.23327,28.409161,2024-06-26 19:59:49,0,E1,Temperature,Temperature,Температура,°C,°C,18.8800,1.0000000000,2024-06-26 19:59:49,0,0
1315,Vinnytsia National Technical University,49.23327,28.409161,2024-06-26 19:59:49,0,E2,Humidity,Humidity,Вологість,%,%,45.1630,1.0000000000,2024-06-26 19:59:49,0,0
1315,Vinnytsia National Technical University,49.23327,28.409161,2024-06-26 19:59:49,0,E2,Humidity,Humidity,Вологість,%,%,56.0000,1.0000000000,2024-06-26 19:59:49,0,0
1315,Vinnytsia National Technical University,49.23327,28.409161,2024-06-26 19:59:49,0,E3,Pressure,Pressure,Атмосферний тиск,Pa,мм.рт.ст.,98541.8490,0.0075006168,2024-06-26 19:59:49,0,0
1811,EcoCity станція моніторингу Хмільник,49.558012,27.956897,2024-06-26 19:59:03,0,A2,PM10,PM10,Пил 10 мкм,ug/m3,мкг/м³,6.0474,1.0000000000,2024-06-26 19:59:03,0,0
1811,EcoCity станція моніторингу Хмільник,49.558012,27.956897,2024-06-26 19:59:03,0,A3,PM2.5,PM2.5,Пил 2.5 мкм,ug/m3,мкг/м³,1.9526,1.0000000000,2024-06-26 19:59:03,0,0
1811,EcoCity станція моніторингу Хмільник,49.558012,27.956897,2024-06-26 19:59:03,0,D1,RAD,RAD,Радіаційний фон,uR/h,мкР/год,13.0816,1.0000000000,2024-06-26 19:59:03,0,0
1811,EcoCity станція моніторингу Хмільник,49.558012,27.956897,2024-06-26 19:59:03,0,E1,Temperature,Temperature,Температура,°C,°C,27.5816,1.0000000000,2024-06-26 19:59:03,0,0
1811,EcoCity станція моніторингу Хмільник,49.558012,27.956897,2024-06-26 19:59:03,0,E1,Temperature,Temperature,Температура,°C,°C,26.9279,1.0000000000,2024-06-26 19:59:03,0,0
1811,EcoCity станція моніторингу Хмільник,49.558012,27.956897,2024-06-26 19:59:03,0,E2,Humidity,Humidity,Вологість,%,%,36.8026,1.0000000000,2024-06-26 19:59:03,0,0
1811,EcoCity станція моніторингу Хмільник,49.558012,27.956897,2024-06-26 19:59:03,0,E3,Pressure,Pressure,Атмосферний тиск,Pa,мм.рт.ст.,98782.7816,0.0075006168,2024-06-26 19:59:03,0,0
1825,Центральна площа,49.105637,29.206617,2024-06-26 19:59:34,0,A2,PM10,PM10,Пил 10 мкм,ug/m3,мкг/м³,5.9400,1.0000000000,2024-06-26 19:59:34,0,0
1825,Центральна площа,49.105637,29.206617,2024-06-26 19:59:34,0,A3,PM2.5,PM2.5,Пил 2.5 мкм,ug/m3,мкг/м³,2.1000,1.0000000000,2024-06-26 19:59:34,0,0
1825,Центральна площа,49.105637,29.206617,2024-06-26 19:59:34,0,D1,RAD,RAD,Радіаційний фон,uR/h,мкР/год,13.3955,1.0000000000,2024-06-26 19:59:34,0,0
1825,Центральна площа,49.105637,29.206617,2024-06-26 19:59:34,0,E1,Temperature,Temperature,Температура,°C,°C,27.4655,1.0000000000,2024-06-26 19:59:34,0,0
1825,Центральна площа,49.105637,29.206617,2024-06-26 19:59:34,0,E1,Temperature,Temperature,Температура,°C,°C,26.5055,1.0000000000,2024-06-26 19:59:34,0,0
1825,Центральна площа,49.105637,29.206617,2024-06-26 19:59:34,0,E2,Humidity,Humidity,Вологість,%,%,42.1065,1.0000000000,2024-06-26 19:59:34,0,0
1825,Центральна площа,49.105637,29.206617,2024-06-26 19:59:34,0,E3,Pressure,Pressure,Атмосферний тиск,Pa,мм.рт.ст.,99178.9175,0.0075006168,2024-06-26 19:59:34,0,0
1866,Северинівка,48.516638,29.184421,2024-06-26 19:59:43,0,A2,PM10,PM10,Пил 10 мкм,ug/m3,мкг/м³,4.4050,1.0000000000,2024-06-26 19:59:43,0,0
1866,Северинівка,48.516638,29.184421,2024-06-26 19:59:43,0,A3,PM2.5,PM2.5,Пил 2.5 мкм,ug/m3,мкг/м³,1.4250,1.0000000000,2024-06-26 19:59:43,0,0
1866,Северинівка,48.516638,29.184421,2024-06-26 19:59:43,0,D1,RAD,RAD,Радіаційний фон,uR/h,мкР/год,10.8545,1.0000000000,2024-06-26 19:59:43,0,0
1866,Северинівка,48.516638,29.184421,2024-06-26 19:59:43,0,E1,Temperature,Temperature,Температура,°C,°C,39.5310,1.0000000000,2024-06-26 19:59:43,0,0
1866,Северинівка,48.516638,29.184421,2024-06-26 19:59:43,0,E1,Temperature,Temperature,Температура,°C,°C,38.5390,1.0000000000,2024-06-26 19:59:43,0,0
1866,Северинівка,48.516638,29.184421,2024-06-26 19:59:43,0,E2,Humidity,Humidity,Вологість,%,%,24.3210,1.0000000000,2024-06-26 19:59:43,0,0
1866,Северинівка,48.516638,29.184421,2024-06-26 19:59:43,0,E3,Pressure,Pressure,Атмосферний тиск,Pa,мм.рт.ст.,99456.6985,0.0075006168,2024-06-26 19:59:43,0,0
1918,Вінницька міська рада,49.2322042,28.46848,2024-06-26 19:59:04,0,A2,PM10,PM10,Пил 10 мкм,ug/m3,мкг/м³,2.1462,1.0000000000,2024-06-26 19:59:04,0,0
1918,Вінницька міська рада,49.2322042,28.46848,2024-06-26 19:59:04,0,A3,PM2.5,PM2.5,Пил 2.5 мкм,ug/m3,мкг/м³,1.9000,1.0000000000,2024-06-26 19:59:04,0,0
1918,Вінницька міська рада,49.2322042,28.46848,2024-06-26 19:59:04,0,B1,NO₂,NO₂,Діоксид азоту,ppb,мкг/м³,21.8431,1.9125000000,2024-06-26 19:59:04,0,0
1918,Вінницька міська рада,49.2322042,28.46848,2024-06-26 19:59:04,0,B2,CO,CO,Монооксид вуглецю,ppm,мкг/м³,0.5000,1164.2000000000,2024-06-26 19:59:04,0,0
1918,Вінницька міська рада,49.2322042,28.46848,2024-06-26 19:59:04,0,D1,RAD,RAD,Радіаційний фон,uR/h,мкР/год,13.7192,1.0000000000,2024-06-26 19:59:04,0,0
1918,Вінницька міська рада,49.2322042,28.46848,2024-06-26 19:59:04,0,E1,Temperature,Temperature,Температура,°C,°C,24.4200,1.0000000000,2024-06-26 19:59:04,0,0
1918,Вінницька міська рада,49.2322042,28.46848,2024-06-26 19:59:04,0,E1,Temperature,Temperature,Температура,°C,°C,24.1185,1.0000000000,2024-06-26 19:59:04,0,0
1918,Вінницька міська рада,49.2322042,28.46848,2024-06-26 19:59:04,0,E2,Humidity,Humidity,Вологість,%,%,52.1500,1.0000000000,2024-06-26 19:59:04,0,0
1918,Вінницька міська рада,49.2322042,28.46848,2024-06-26 19:59:04,0,E3,Pressure,Pressure,Атмосферний тиск,Pa,мм.рт.ст.,98716.6400,0.0075006168,2024-06-26 19:59:04,0,0
271,vinnytsia-271,49.236887137498584,28.513305486721826,2024-06-26T16:54:00Z,0,A4,PM1.0,PM1.0,Пил 1.0 мкм,ug/m3,мкг/м³,3.0410000000000004,null,2024-06-26T16:54:00Z,0,0
271,vinnytsia-271,49.236887137498584,28.513305486721826,2024-06-26T16:54:00Z,0,A3,PM2.5,PM2.5,Пил 2.5 мкм,ug/m3,мкг/м³,4.99,null,2024-06-26T16:54:00Z,0,0
271,vinnytsia-271,49.236887137498584,28.513305486721826,2024-06-26T16:54:00Z,0,A2,PM100,PM100,Пил 10 мкм,ug/m3,мкг/м³,13.746,null,2024-06-26T16:54:00Z,0,0
271,vinnytsia-271,49.236887137498584,28.513305486721826,2024-06-26T16:54:00Z,0,E1,Temperature,Temperature,Температура,°C,°C,26.550749999999997,null,2024-06-26T16:54:00Z,0,0
271,vinnytsia-271,49.236887137498584,28.513305486721826,2024-06-26T16:54:00Z,0,E2,Humidity,Humidity,Вологість,%,%,42.459,null,2024-06-26T16:54:00Z,0,0
271,vinnytsia-271,49.236887137498584,28.513305486721826,2024-06-26T16:54:00Z,0,E3,Pressure,Pressure,Атмосферний тиск,Pa,Паскаль,98638.41450000001,null,2024-06-26T16:54:00Z,0,0
281,vinnytsia-281,49.24192686787152,28.462020923798242,2024-06-26T16:54:00Z,0,A4,PM1.0,PM1.0,Пил 1.0 мкм,ug/m3,мкг/м³,2.225,null,2024-06-26T16:54:00Z,0,0
281,vinnytsia-281,49.24192686787152,28.462020923798242,2024-06-26T16:54:00Z,0,A3,PM2.5,PM2.5,Пил 2.5 мкм,ug/m3,мкг/м³,3.1312499999999996,null,2024-06-26T16:54:00Z,0,0
281,vinnytsia-281,49.24192686787152,28.462020923798242,2024-06-26T16:54:00Z,0,A2,PM100,PM100,Пил 10 мкм,ug/m3,мкг/м³,9.660749999999998,null,2024-06-26T16:54:00Z,0,0
281,vinnytsia-281,49.24192686787152,28.462020923798242,2024-06-26T16:54:00Z,0,E1,Temperature,Temperature,Температура,°C,°C,26.322499999999998,null,2024-06-26T16:54:00Z,0,0
281,vinnytsia-281,49.24192686787152,28.462020923798242,2024-06-26T16:54:00Z,0,E2,Humidity,Humidity,Вологість,%,%,42.6745,null,2024-06-26T16:54:00Z,0,0
281,vinnytsia-281,49.24192686787152,28.462020923798242,2024-06-26T16:54:00Z,0,E3,Pressure,Pressure,Атмосферний тиск,Pa,Паскаль,98661.04000000001,null,2024-06-26T16:54:00Z,0,0
90,vinnytsia-90,49.21773364876253,28.44979464092501,2024-06-26T16:54:00Z,0,A4,PM1.0,PM1.0,Пил 1.0 мкм,ug/m3,мкг/м³,3.7035,null,2024-06-26T16:54:00Z,0,0
90,vinnytsia-90,49.21773364876253,28.44979464092501,2024-06-26T16:54:00Z,0,A3,PM2.5,PM2.5,Пил 2.5 мкм,ug/m3,мкг/м³,6.385,null,2024-06-26T16:54:00Z,0,0
90,vinnytsia-90,49.21773364876253,28.44979464092501,2024-06-26T16:54:00Z,0,A2,PM100,PM100,Пил 10 мкм,ug/m3,мкг/м³,17.018749999999997,null,2024-06-26T16:54:00Z,0,0
90,vinnytsia-90,49.21773364876253,28.44979464092501,2024-06-26T16:54:00Z,0,E1,Temperature,Temperature,Температура,°C,°C,29.914749999999998,null,2024-06-26T16:54:00Z,0,0
90,vinnytsia-90,49.21773364876253,28.44979464092501,2024-06-26T16:54:00Z,0,E2,Humidity,Humidity,Вологість,%,%,40.7805,null,2024-06-26T16:54:00Z,0,0
90,vinnytsia-90,49.21773364876253,28.44979464092501,2024-06-26T16:54:00Z,0,E3,Pressure,Pressure,Атмосферний тиск,Pa,Паскаль,98408.18149999999,null,2024-06-26T16:54:00Z,0,0
271,vinnytsia-271,49.236887137498584,28.513305486721826,2024-06-26T17:15:00Z,0,A4,PM1.0,PM1.0,Пил 1.0 мкм,ug/m3,мкг/м³,3.915,null,2024-06-26T17:15:00Z,0,0
271,vinnytsia-271,49.236887137498584,28.513305486721826,2024-06-26T17:15:00Z,0,A3,PM2.5,PM2.5,Пил 2.5 мкм,ug/m3,мкг/м³,6.66225,null,2024-06-26T17:15:00Z,0,0
271,vinnytsia-271,49.236887137498584,28.513305486721826,2024-06-26T17:15:00Z,0,A2,PM100,PM100,Пил 10 мкм,ug/m3,мкг/м³,16.9045,null,2024-06-26T17:15:00Z,0,0
271,vinnytsia-271,49.236887137498584,28.513305486721826,2024-06-26T17:15:00Z,0,E1,Temperature,Temperature,Температура,°C,°C,26.35275,null,2024-06-26T17:15:00Z,0,0
271,vinnytsia-271,49.236887137498584,28.513305486721826,2024-06-26T17:15:00Z,0,E2,Humidity,Humidity,Вологість,%,%,42.6225,null,2024-06-26T17:15:00Z,0,0
271,vinnytsia-271,49.236887137498584,28.513305486721826,2024-06-26T17:15:00Z,0,E3,Pressure,Pressure,Атмосферний тиск,Pa,Паскаль,98632.21425,null,2024-06-26T17:15:00Z,0,0
281,vinnytsia-281,49.24192686787152,28.462020923798242,2024-06-26T17:15:00Z,0,A4,PM1.0,PM1.0,Пил 1.0 мкм,ug/m3,мкг/м³,2.2977499999999997,null,2024-06-26T17:15:00Z,0,0
281,vinnytsia-281,49.24192686787152,28.462020923798242,2024-06-26T17:15:00Z,0,A3,PM2.5,PM2.5,Пил 2.5 мкм,ug/m3,мкг/м³,3.2485,null,2024-06-26T17:15:00Z,0,0
281,vinnytsia-281,49.24192686787152,28.462020923798242,2024-06-26T17:15:00Z,0,A2,PM100,PM100,Пил 10 мкм,ug/m3,мкг/м³,9.84575,null,2024-06-26T17:15:00Z,0,0
281,vinnytsia-281,49.24192686787152,28.462020923798242,2024-06-26T17:15:00Z,0,E1,Temperature,Temperature,Температура,°C,°C,25.938,null,2024-06-26T17:15:00Z,0,0
281,vinnytsia-281,49.24192686787152,28.462020923798242,2024-06-26T17:15:00Z,0,E2,Humidity,Humidity,Вологість,%,%,44.640249999999995,null,2024-06-26T17:15:00Z,0,0
281,vinnytsia-281,49.24192686787152,28.462020923798242,2024-06-26T17:15:00Z,0,E3,Pressure,Pressure,Атмосферний тиск,Pa,Паскаль,98669.038,null,2024-06-26T17:15:00Z,0,0
315,vinnytsia-315,49.2436875857327,28.496432230155264,2024-06-26T17:15:00Z,0,A4,PM1.0,PM1.0,Пил 1.0 мкм,ug/m3,мкг/м³,2.9937500000000004,null,2024-06-26T17:15:00Z,0,0
315,vinnytsia-315,49.2436875857327,28.496432230155264,2024-06-26T17:15:00Z,0,A3,PM2.5,PM2.5,Пил 2.5 мкм,ug/m3,мкг/м³,4.8405000000000005,null,2024-06-26T17:15:00Z,0,0
315,vinnytsia-315,49.2436875857327,28.496432230155264,2024-06-26T17:15:00Z,0,A2,PM100,PM100,Пил 10 мкм,ug/m3,мкг/м³,13.0845,null,2024-06-26T17:15:00Z,0,0
315,vinnytsia-315,49.2436875857327,28.496432230155264,2024-06-26T17:15:00Z,0,E1,Temperature,Temperature,Температура,°C,°C,25.98625,null,2024-06-26T17:15:00Z,0,0
315,vinnytsia-315,49.2436875857327,28.496432230155264,2024-06-26T17:15:00Z,0,E2,Humidity,Humidity,Вологість,%,%,44.15475000000001,null,2024-06-26T17:15:00Z,0,0
315,vinnytsia-315,49.2436875857327,28.496432230155264,2024-06-26T17:15:00Z,0,E3,Pressure,Pressure,Атмосферний тиск,Pa,Паскаль,null,null,2024-06-26T17:15:00Z,0,0
90,vinnytsia-90,49.21773364876253,28.44979464092501,2024-06-26T17:15:00Z,0,A4,PM1.0,PM1.0,Пил 1.0 мкм,ug/m3,мкг/м³,5.359,null,2024-06-26T17:15:00Z,0,0
90,vinnytsia-90,49.21773364876253,28.44979464092501,2024-06-26T17:15:00Z,0,A3,PM2.5,PM2.5,Пил 2.5 мкм,ug/m3,мкг/м³,7.79375,null,2024-06-26T17:15:00Z,0,0
90,vinnytsia-90,49.21773364876253,28.44979464092501,2024-06-26T17:15:00Z,0,A2,PM100,PM100,Пил 10 мкм,ug/m3,мкг/м³,17.242749999999997,null,2024-06-26T17:15:00Z,0,0
90,vinnytsia-90,49.21773364876253,28.44979464092501,2024-06-26T17:15:00Z,0,E1,Temperature,Temperature,Температура,°C,°C,28.908250000000002,null,2024-06-26T17:15:00Z,0,0
90,vinnytsia-90,49.21773364876253,28.44979464092501,2024-06-26T17:15:00Z,0,E2,Humidity,Humidity,Вологість,%,%,42.57475,null,2024-06-26T17:15:00Z,0,0
90,vinnytsia-90,49.21773364876253,28.44979464092501,2024-06-26T17:15:00Z,0,E3,Pressure,Pressure,Атмосферний тиск,Pa,Паскаль,98397.9505,null,2024-06-26T17:15:00Z,0,0
271,vinnytsia-271,49.236887137498584,28.513305486721826,2024-06-26T17:35:00Z,0,A4,PM1.0,PM1.0,Пил 1.0 мкм,ug/m3,мкг/м³,3.1715000000000004,null,2024-06-26T17:35:00Z,0,0
271,vinnytsia-271,49.236887137498584,28.513305486721826,2024-06-26T17:35:00Z,0,A3,PM2.5,PM2.5,Пил 2.5 мкм,ug/m3,мкг/м³,5.276,null,2024-06-26T17:35:00Z,0,0
271,vinnytsia-271,49.236887137498584,28.513305486721826,2024-06-26T17:35:00Z,0,A2,PM100,PM100,Пил 10 мкм,ug/m3,мкг/м³,14.13425,null,2024-06-26T17:35:00Z,0,0
271,vinnytsia-271,49.236887137498584,28.513305486721826,2024-06-26T17:35:00Z,0,E1,Temperature,Temperature,Температура,°C,°C,25.969749999999998,null,2024-06-26T17:35:00Z,0,0
271,vinnytsia-271,49.236887137498584,28.513305486721826,2024-06-26T17:35:00Z,0,E2,Humidity,Humidity,Вологість,%,%,44.073499999999996,null,2024-06-26T17:35:00Z,0,0
271,vinnytsia-271,49.236887137498584,28.513305486721826,2024-06-26T17:35:00Z,0,E3,Pressure,Pressure,Атмосферний тиск,Pa,Паскаль,98622.85875,null,2024-06-26T17:35:00Z,0,0
281,vinnytsia-281,49.24192686787152,28.462020923798242,2024-06-26T17:35:00Z,0,A4,PM1.0,PM1.0,Пил 1.0 мкм,ug/m3,мкг/м³,2.2175,null,2024-06-26T17:35:00Z,0,0
281,vinnytsia-281,49.24192686787152,28.462020923798242,2024-06-26T17:35:00Z,0,A3,PM2.5,PM2.5,Пил 2.5 мкм,ug/m3,мкг/м³,3.2455,null,2024-06-26T17:35:00Z,0,0
281,vinnytsia-281,49.24192686787152,28.462020923798242,2024-06-26T17:35:00Z,0,A2,PM100,PM100,Пил 10 мкм,ug/m3,мкг/м³,9.634,null,2024-06-26T17:35:00Z,0,0
281,vinnytsia-281,49.24192686787152,28.462020923798242,2024-06-26T17:35:00Z,0,E1,Temperature,Temperature,Температура,°C,°C,25.096999999999998,null,2024-06-26T17:35:00Z,0,0
281,vinnytsia-281,49.24192686787152,28.462020923798242,2024-06-26T17:35:00Z,0,E2,Humidity,Humidity,Вологість,%,%,47.179249999999996,null,2024-06-26T17:35:00Z,0,0
281,vinnytsia-281,49.24192686787152,28.462020923798242,2024-06-26T17:35:00Z,0,E3,Pressure,Pressure,Атмосферний тиск,Pa,Паскаль,98671.48375,null,2024-06-26T17:35:00Z,0,0
315,vinnytsia-315,49.2436875857327,28.496432230155264,2024-06-26T17:35:00Z,0,A4,PM1.0,PM1.0,Пил 1.0 мкм,ug/m3,мкг/м³,3.481,null,2024-06-26T17:35:00Z,0,0
315,vinnytsia-315,49.2436875857327,28.496432230155264,2024-06-26T17:35:00Z,0,A3,PM2.5,PM2.5,Пил 2.5 мкм,ug/m3,мкг/м³,5.923500000000001,null,2024-06-26T17:35:00Z,0,0
315,vinnytsia-315,49.2436875857327,28.496432230155264,2024-06-26T17:35:00Z,0,A2,PM100,PM100,Пил 10 мкм,ug/m3,мкг/м³,15.1195,null,2024-06-26T17:35:00Z,0,0
315,vinnytsia-315,49.2436875857327,28.496432230155264,2024-06-26T17:35:00Z,0,E1,Temperature,Temperature,Температура,°C,°C,25.478,null,2024-06-26T17:35:00Z,0,0
315,vinnytsia-315,49.2436875857327,28.496432230155264,2024-06-26T17:35:00Z,0,E2,Humidity,Humidity,Вологість,%,%,46.656499999999994,null,2024-06-26T17:35:00Z,0,0
315,vinnytsia-315,49.2436875857327,28.496432230155264,2024-06-26T17:35:00Z,0,E3,Pressure,Pressure,Атмосферний тиск,Pa,Паскаль,null,null,2024-06-26T17:35:00Z,0,0
90,vinnytsia-90,49.21773364876253,28.44979464092501,2024-06-26T17:35:00Z,0,A4,PM1.0,PM1.0,Пил 1.0 мкм,ug/m3,мкг/м³,4.59825,null,2024-06-26T17:35:00Z,0,0
90,vinnytsia-90,49.21773364876253,28.44979464092501,2024-06-26T17:35:00Z,0,A3,PM2.5,PM2.5,Пил 2.5 мкм,ug/m3,мкг/м³,7.255,null,2024-06-26T17:35:00Z,0,0
90,vinnytsia-90,49.21773364876253,28.44979464092501,2024-06-26T17:35:00Z,0,A2,PM100,PM100,Пил 10 мкм,ug/m3,мкг/м³,16.91,null,2024-06-26T17:35:00Z,0,0
90,vinnytsia-90,49.21773364876253,28.44979464092501,2024-06-26T17:35:00Z,0,E1,Temperature,Temperature,Температура,°C,°C,26.757749999999998,null,2024-06-26T17:35:00Z,0,0
90,vinnytsia-90,49.21773364876253,28.44979464092501,2024-06-26T17:35:00Z,0,E2,Humidity,Humidity,Вологість,%,%,45.77850000000001,null,2024-06-26T17:35:00Z,0,0
90,vinnytsia-90,49.21773364876253,28.44979464092501,2024-06-26T17:35:00Z,0,E3,Pressure,Pressure,Атмосферний тиск,Pa,Паскаль,98384.12375,null,2024-06-26T17:35:00Z,0,0
271,vinnytsia-271,49.236887137498584,28.513305486721826,2024-06-26T17:55:00Z,0,A4,PM1.0,PM1.0,Пил 1.0 мкм,ug/m3,мкг/м³,5.65625,null,2024-06-26T17:55:00Z,0,0
271,vinnytsia-271,49.236887137498584,28.513305486721826,2024-06-26T17:55:00Z,0,A3,PM2.5,PM2.5,Пил 2.5 мкм,ug/m3,мкг/м³,8.98525,null,2024-06-26T17:55:00Z,0,0
271,vinnytsia-271,49.236887137498584,28.513305486721826,2024-06-26T17:55:00Z,0,A2,PM100,PM100,Пил 10 мкм,ug/m3,мкг/м³,20.14975,null,2024-06-26T17:55:00Z,0,0
271,vinnytsia-271,49.236887137498584,28.513305486721826,2024-06-26T17:55:00Z,0,E1,Temperature,Temperature,Температура,°C,°C,25.51125,null,2024-06-26T17:55:00Z,0,0
271,vinnytsia-271,49.236887137498584,28.513305486721826,2024-06-26T17:55:00Z,0,E2,Humidity,Humidity,Вологість,%,%,45.31925,null,2024-06-26T17:55:00Z,0,0
271,vinnytsia-271,49.236887137498584,28.513305486721826,2024-06-26T17:55:00Z,0,E3,Pressure,Pressure,Атмосферний тиск,Pa,Паскаль,98633.3125,null,2024-06-26T17:55:00Z,0,0
281,vinnytsia-281,49.24192686787152,28.462020923798242,2024-06-26T17:55:00Z,0,A4,PM1.0,PM1.0,Пил 1.0 мкм,ug/m3,мкг/м³,2.262,null,2024-06-26T17:55:00Z,0,0
281,vinnytsia-281,49.24192686787152,28.462020923798242,2024-06-26T17:55:00Z,0,A3,PM2.5,PM2.5,Пил 2.5 мкм,ug/m3,мкг/м³,3.3032500000000002,null,2024-06-26T17:55:00Z,0,0
281,vinnytsia-281,49.24192686787152,28.462020923798242,2024-06-26T17:55:00Z,0,A2,PM100,PM100,Пил 10 мкм,ug/m3,мкг/м³,9.159500000000001,null,2024-06-26T17:55:00Z,0,0
281,vinnytsia-281,49.24192686787152,28.462020923798242,2024-06-26T17:55:00Z,0,E1,Temperature,Temperature,Температура,°C,°C,24.29175,null,2024-06-26T17:55:00Z,0,0
281,vinnytsia-281,49.24192686787152,28.462020923798242,2024-06-26T17:55:00Z,0,E2,Humidity,Humidity,Вологість,%,%,49.34575,null,2024-06-26T17:55:00Z,0,0
281,vinnytsia-281,49.24192686787152,28.462020923798242,2024-06-26T17:55:00Z,0,E3,Pressure,Pressure,Атмосферний тиск,Pa,Паскаль,98690.82375,null,2024-06-26T17:55:00Z,0,0
315,vinnytsia-315,49.2436875857327,28.496432230155264,2024-06-26T17:55:00Z,0,A4,PM1.0,PM1.0,Пил 1.0 мкм,ug/m3,мкг/м³,9.552249999999999,null,2024-06-26T17:55:00Z,0,0
315,vinnytsia-315,49.2436875857327,28.496432230155264,2024-06-26T17:55:00Z,0,A3,PM2.5,PM2.5,Пил 2.5 мкм,ug/m3,мкг/м³,11.32875,null,2024-06-26T17:55:00Z,0,0
315,vinnytsia-315,49.2436875857327,28.496432230155264,2024-06-26T17:55:00Z,0,A2,PM100,PM100,Пил 10 мкм,ug/m3,мкг/м³,17.13375,null,2024-06-26T17:55:00Z,0,0
315,vinnytsia-315,49.2436875857327,28.496432230155264,2024-06-26T17:55:00Z,0,E1,Temperature,Temperature,Температура,°C,°C,24.92075,null,2024-06-26T17:55:00Z,0,0
315,vinnytsia-315,49.2436875857327,28.496432230155264,2024-06-26T17:55:00Z,0,E2,Humidity,Humidity,Вологість,%,%,48.676249999999996,null,2024-06-26T17:55:00Z,0,0
315,vinnytsia-315,49.2436875857327,28.496432230155264,2024-06-26T17:55:00Z,0,E3,Pressure,Pressure,Атмосферний тиск,Pa,Паскаль,null,null,2024-06-26T17:55:00Z,0,0
90,vinnytsia-90,49.21773364876253,28.44979464092501,2024-06-26T17:55:00Z,0,A4,PM1.0,PM1.0,Пил 1.0 мкм,ug/m3,мкг/м³,4.1537500000000005,null,2024-06-26T17:55:00Z,0,0
90,vinnytsia-90,49.21773364876253,28.44979464092501,2024-06-26T17:55:00Z,0,A3,PM2.5,PM2.5,Пил 2.5 мкм,ug/m3,мкг/м³,6.854000000000001,null,2024-06-26T17:55:00Z,0,0
90,vinnytsia-90,49.21773364876253,28.44979464092501,2024-06-26T17:55:00Z,0,A2,PM100,PM100,Пил 10 мкм,ug/m3,мкг/м³,16.113500000000002,null,2024-06-26T17:55:00Z,0,0
90,vinnytsia-90,49.21773364876253,28.44979464092501,2024-06-26T17:55:00Z,0,E1,Temperature,Temperature,Температура,°C,°C,25.55075,null,2024-06-26T17:55:00Z,0,0
90,vinnytsia-90,49.21773364876253,28.44979464092501,2024-06-26T17:55:00Z,0,E2,Humidity,Humidity,Вологість,%,%,48.501000000000005,null,2024-06-26T17:55:00Z,0,0
90,vinnytsia-90,49.21773364876253,28.44979464092501,2024-06-26T17:55:00Z,0,E3,Pressure,Pressure,Атмосферний тиск,Pa,Паскаль,98398.79824999999,null,2024-06-26T17:55:00Z,0,0
271,vinnytsia-271,49.236887137498584,28.513305486721826,2024-06-26T18:15:00Z,0,A4,PM1.0,PM1.0,Пил 1.0 мкм,ug/m3,мкг/м³,5.5032499999999995,null,2024-06-26T18:15:00Z,0,0
271,vinnytsia-271,49.236887137498584,28.513305486721826,2024-06-26T18:15:00Z,0,A3,PM2.5,PM2.5,Пил 2.5 мкм,ug/m3,мкг/м³,8.35,null,2024-06-26T18:15:00Z,0,0
271,vinnytsia-271,49.236887137498584,28.513305486721826,2024-06-26T18:15:00Z,0,A2,PM100,PM100,Пил 10 мкм,ug/m3,мкг/м³,18.452,null,2024-06-26T18:15:00Z,0,0
271,vinnytsia-271,49.236887137498584,28.513305486721826,2024-06-26T18:15:00Z,0,E1,Temperature,Temperature,Температура,°C,°C,24.977249999999998,null,2024-06-26T18:15:00Z,0,0
271,vinnytsia-271,49.236887137498584,28.513305486721826,2024-06-26T18:15:00Z,0,E2,Humidity,Humidity,Вологість,%,%,47.29725,null,2024-06-26T18:15:00Z,0,0
271,vinnytsia-271,49.236887137498584,28.513305486721826,2024-06-26T18:15:00Z,0,E3,Pressure,Pressure,Атмосферний тиск,Pa,Паскаль,98648.00275,null,2024-06-26T18:15:00Z,0,0
281,vinnytsia-281,49.24192686787152,28.462020923798242,2024-06-26T18:15:00Z,0,A4,PM1.0,PM1.0,Пил 1.0 мкм,ug/m3,мкг/м³,7.46025,null,2024-06-26T18:15:00Z,0,0
281,vinnytsia-281,49.24192686787152,28.462020923798242,2024-06-26T18:15:00Z,0,A3,PM2.5,PM2.5,Пил 2.5 мкм,ug/m3,мкг/м³,9.96,null,2024-06-26T18:15:00Z,0,0
281,vinnytsia-281,49.24192686787152,28.462020923798242,2024-06-26T18:15:00Z,0,A2,PM100,PM100,Пил 10 мкм,ug/m3,мкг/м³,18.21925,null,2024-06-26T18:15:00Z,0,0
281,vinnytsia-281,49.24192686787152,28.462020923798242,2024-06-26T18:15:00Z,0,E1,Temperature,Temperature,Температура,°C,°C,23.602249999999998,null,2024-06-26T18:15:00Z,0,0
281,vinnytsia-281,49.24192686787152,28.462020923798242,2024-06-26T18:15:00Z,0,E2,Humidity,Humidity,Вологість,%,%,52.532,null,2024-06-26T18:15:00Z,0,0
281,vinnytsia-281,49.24192686787152,28.462020923798242,2024-06-26T18:15:00Z,0,E3,Pressure,Pressure,Атмосферний тиск,Pa,Паскаль,98723.30924999999,null,2024-06-26T18:15:00Z,0,0
315,vinnytsia-315,49.2436875857327,28.496432230155264,2024-06-26T18:15:00Z,0,A4,PM1.0,PM1.0,Пил 1.0 мкм,ug/m3,мкг/м³,8.72325,null,2024-06-26T18:15:00Z,0,0
315,vinnytsia-315,49.2436875857327,28.496432230155264,2024-06-26T18:15:00Z,0,A3,PM2.5,PM2.5,Пил 2.5 мкм,ug/m3,мкг/м³,10.75325,null,2024-06-26T18:15:00Z,0,0
315,vinnytsia-315,49.2436875857327,28.496432230155264,2024-06-26T18:15:00Z,0,A2,PM100,PM100,Пил 10 мкм,ug/m3,мкг/м³,16.913999999999998,null,2024-06-26T18:15:00Z,0,0
315,vinnytsia-315,49.2436875857327,28.496432230155264,2024-06-26T18:15:00Z,0,E1,Temperature,Temperature,Температура,°C,°C,24.310250000000003,null,2024-06-26T18:15:00Z,0,0
315,vinnytsia-315,49.2436875857327,28.496432230155264,2024-06-26T18:15:00Z,0,E2,Humidity,Humidity,Вологість,%,%,51.279250000000005,null,2024-06-26T18:15:00Z,0,0
315,vinnytsia-315,49.2436875857327,28.496432230155264,2024-06-26T18:15:00Z,0,E3,Pressure,Pressure,Атмосферний тиск,Pa,Паскаль,null,null,2024-06-26T18:15:00Z,0,0
90,vinnytsia-90,49.21773364876253,28.44979464092501,2024-06-26T18:15:00Z,0,A4,PM1.0,PM1.0,Пил 1.0 мкм,ug/m3,мкг/м³,4.8942499999999995,null,2024-06-26T18:15:00Z,0,0
90,vinnytsia-90,49.21773364876253,28.44979464092501,2024-06-26T18:15:00Z,0,A3,PM2.5,PM2.5,Пил 2.5 мкм,ug/m3,мкг/м³,7.627,null,2024-06-26T18:15:00Z,0,0
90,vinnytsia-90,49.21773364876253,28.44979464092501,2024-06-26T18:15:00Z,0,A2,PM100,PM100,Пил 10 мкм,ug/m3,мкг/м³,17.13775,null,2024-06-26T18:15:00Z,0,0
90,vinnytsia-90,49.21773364876253,28.44979464092501,2024-06-26T18:15:00Z,0,E1,Temperature,Temperature,Температура,°C,°C,24.87875,null,2024-06-26T18:15:00Z,0,0
90,vinnytsia-90,49.21773364876253,28.44979464092501,2024-06-26T18:15:00Z,0,E2,Humidity,Humidity,Вологість,%,%,50.37125,null,2024-06-26T18:15:00Z,0,0
90,vinnytsia-90,49.21773364876253,28.44979464092501,2024-06-26T18:15:00Z,0,E3,Pressure,Pressure,Атмосферний тиск,Pa,Паскаль,98411.665,null,2024-06-26T18:15:00Z,0,0
271,vinnytsia-271,49.236887137498584,28.513305486721826,2024-06-26T18:35:00Z,0,A4,PM1.0,PM1.0,Пил 1.0 мкм,ug/m3,мкг/м³,8.3895,null,2024-06-26T18:35:00Z,0,0
271,vinnytsia-271,49.236887137498584,28.513305486721826,2024-06-26T18:35:00Z,0,A3,PM2.5,PM2.5,Пил 2.5 мкм,ug/m3,мкг/м³,12.856,null,2024-06-26T18:35:00Z,0,0
271,vinnytsia-271,49.236887137498584,28.513305486721826,2024-06-26T18:35:00Z,0,A2,PM100,PM100,Пил 10 мкм,ug/m3,мкг/м³,26.453,null,2024-06-26T18:35:00Z,0,0
271,vinnytsia-271,49.236887137498584,28.513305486721826,2024-06-26T18:35:00Z,0,E1,Temperature,Temperature,Температура,°C,°C,24.36625,null,2024-06-26T18:35:00Z,0,0
271,vinnytsia-271,49.236887137498584,28.513305486721826,2024-06-26T18:35:00Z,0,E2,Humidity,Humidity,Вологість,%,%,50.2865,null,2024-06-26T18:35:00Z,0,0
271,vinnytsia-271,49.236887137498584,28.513305486721826,2024-06-26T18:35:00Z,0,E3,Pressure,Pressure,Атмосферний тиск,Pa,Паскаль,98686.83325,null,2024-06-26T18:35:00Z,0,0
281,vinnytsia-281,49.24192686787152,28.462020923798242,2024-06-26T18:35:00Z,0,A4,PM1.0,PM1.0,Пил 1.0 мкм,ug/m3,мкг/м³,3.9789999999999996,null,2024-06-26T18:35:00Z,0,0
281,vinnytsia-281,49.24192686787152,28.462020923798242,2024-06-26T18:35:00Z,0,A3,PM2.5,PM2.5,Пил 2.5 мкм,ug/m3,мкг/м³,5.597499999999999,null,2024-06-26T18:35:00Z,0,0
281,vinnytsia-281,49.24192686787152,28.462020923798242,2024-06-26T18:35:00Z,0,A2,PM100,PM100,Пил 10 мкм,ug/m3,мкг/м³,12.69925,null,2024-06-26T18:35:00Z,0,0
281,vinnytsia-281,49.24192686787152,28.462020923798242,2024-06-26T18:35:00Z,0,E1,Temperature,Temperature,Температура,°C,°C,22.89175,null,2024-06-26T18:35:00Z,0,0
281,vinnytsia-281,49.24192686787152,28.462020923798242,2024-06-26T18:35:00Z,0,E2,Humidity,Humidity,Вологість,%,%,55.11425,null,2024-06-26T18:35:00Z,0,0
281,vinnytsia-281,49.24192686787152,28.462020923798242,2024-06-26T18:35:00Z,0,E3,Pressure,Pressure,Атмосферний тиск,Pa,Паскаль,98767.53825,null,2024-06-26T18:35:00Z,0,0
315,vinnytsia-315,49.2436875857327,28.496432230155264,2024-06-26T18:35:00Z,0,A4,PM1.0,PM1.0,Пил 1.0 мкм,ug/m3,мкг/м³,6.59825,null,2024-06-26T18:35:00Z,0,0
315,vinnytsia-315,49.2436875857327,28.496432230155264,2024-06-26T18:35:00Z,0,A3,PM2.5,PM2.5,Пил 2.5 мкм,ug/m3,мкг/м³,9.0935,null,2024-06-26T18:35:00Z,0,0
315,vinnytsia-315,49.2436875857327,28.496432230155264,2024-06-26T18:35:00Z,0,A2,PM100,PM100,Пил 10 мкм,ug/m3,мкг/м³,18.19175,null,2024-06-26T18:35:00Z,0,0
315,vinnytsia-315,49.2436875857327,28.496432230155264,2024-06-26T18:35:00Z,0,E1,Temperature,Temperature,Температура,°C,°C,23.4615,null,2024-06-26T18:35:00Z,0,0
315,vinnytsia-315,49.2436875857327,28.496432230155264,2024-06-26T18:35:00Z,0,E2,Humidity,Humidity,Вологість,%,%,53.368,null,2024-06-26T18:35:00Z,0,0
315,vinnytsia-315,49.2436875857327,28.496432230155264,2024-06-26T18:35:00Z,0,E3,Pressure,Pressure,Атмосферний тиск,Pa,Паскаль,null,null,2024-06-26T18:35:00Z,0,0
90,vinnytsia-90,49.21773364876253,28.44979464092501,2024-06-26T18:35:00Z,0,A4,PM1.0,PM1.0,Пил 1.0 мкм,ug/m3,мкг/м³,4.5432500000000005,null,2024-06-26T18:35:00Z,0,0
90,vinnytsia-90,49.21773364876253,28.44979464092501,2024-06-26T18:35:00Z,0,A3,PM2.5,PM2.5,Пил 2.5 мкм,ug/m3,мкг/м³,7.141,null,2024-06-26T18:35:00Z,0,0
90,vinnytsia-90,49.21773364876253,28.44979464092501,2024-06-26T18:35:00Z,0,A2,PM100,PM100,Пил 10 мкм,ug/m3,мкг/м³,15.889,null,2024-06-26T18:35:00Z,0,0
90,vinnytsia-90,49.21773364876253,28.44979464092501,2024-06-26T18:35:00Z,0,E1,Temperature,Temperature,Температура,°C,°C,24.562000000000005,null,2024-06-26T18:35:00Z,0,0
90,vinnytsia-90,49.21773364876253,28.44979464092501,2024-06-26T18:35:00Z,0,E2,Humidity,Humidity,Вологість,%,%,52.096250000000005,null,2024-06-26T18:35:00Z,0,0
90,vinnytsia-90,49.21773364876253,28.44979464092501,2024-06-26T18:35:00Z,0,E3,Pressure,Pressure,Атмосферний тиск,Pa,Паскаль,98443.76999999999,null,2024-06-26T18:35:00Z,0,0
256,vinnytsia-256,49.208752495399324,28.528553271164593,2024-06-26T19:15:00Z,0,A4,PM1.0,PM1.0,Пил 1.0 мкм,ug/m3,мкг/м³,12.6715,null,2024-06-26T19:15:00Z,0,0
256,vinnytsia-256,49.208752495399324,28.528553271164593,2024-06-26T19:15:00Z,0,A3,PM2.5,PM2.5,Пил 2.5 мкм,ug/m3,мкг/м³,18.4985,null,2024-06-26T19:15:00Z,0,0
256,vinnytsia-256,49.208752495399324,28.528553271164593,2024-06-26T19:15:00Z,0,A2,PM100,PM100,Пил 10 мкм,ug/m3,мкг/м³,21.0285,null,2024-06-26T19:15:00Z,0,0
256,vinnytsia-256,49.208752495399324,28.528553271164593,2024-06-26T19:15:00Z,0,E1,Temperature,Temperature,Температура,°C,°C,22.215249999999997,null,2024-06-26T19:15:00Z,0,0
256,vinnytsia-256,49.208752495399324,28.528553271164593,2024-06-26T19:15:00Z,0,E2,Humidity,Humidity,Вологість,%,%,59.905,null,2024-06-26T19:15:00Z,0,0
256,vinnytsia-256,49.208752495399324,28.528553271164593,2024-06-26T19:15:00Z,0,E3,Pressure,Pressure,Атмосферний тиск,Pa,Паскаль,98259.66575,null,2024-06-26T19:15:00Z,0,0
281,vinnytsia-281,49.24192686787152,28.462020923798242,2024-06-26T19:15:00Z,0,A4,PM1.0,PM1.0,Пил 1.0 мкм,ug/m3,мкг/м³,6.633,null,2024-06-26T19:15:00Z,0,0
281,vinnytsia-281,49.24192686787152,28.462020923798242,2024-06-26T19:15:00Z,0,A3,PM2.5,PM2.5,Пил 2.5 мкм,ug/m3,мкг/м³,8.5845,null,2024-06-26T19:15:00Z,0,0
281,vinnytsia-281,49.24192686787152,28.462020923798242,2024-06-26T19:15:00Z,0,A2,PM100,PM100,Пил 10 мкм,ug/m3,мкг/м³,16.53675,null,2024-06-26T19:15:00Z,0,0
281,vinnytsia-281,49.24192686787152,28.462020923798242,2024-06-26T19:15:00Z,0,E1,Temperature,Temperature,Температура,°C,°C,21.9705,null,2024-06-26T19:15:00Z,0,0
281,vinnytsia-281,49.24192686787152,28.462020923798242,2024-06-26T19:15:00Z,0,E2,Humidity,Humidity,Вологість,%,%,60.027750000000005,null,2024-06-26T19:15:00Z,0,0
281,vinnytsia-281,49.24192686787152,28.462020923798242,2024-06-26T19:15:00Z,0,E3,Pressure,Pressure,Атмосферний тиск,Pa,Паскаль,98817.51074999999,null,2024-06-26T19:15:00Z,0,0
90,vinnytsia-90,49.21773364876253,28.44979464092501,2024-06-26T19:15:00Z,0,A4,PM1.0,PM1.0,Пил 1.0 мкм,ug/m3,мкг/м³,5.50225,null,2024-06-26T19:15:00Z,0,0
90,vinnytsia-90,49.21773364876253,28.44979464092501,2024-06-26T19:15:00Z,0,A3,PM2.5,PM2.5,Пил 2.5 мкм,ug/m3,мкг/м³,7.952249999999999,null,2024-06-26T19:15:00Z,0,0
90,vinnytsia-90,49.21773364876253,28.44979464092501,2024-06-26T19:15:00Z,0,A2,PM100,PM100,Пил 10 мкм,ug/m3,мкг/м³,16.62975,null,2024-06-26T19:15:00Z,0,0
90,vinnytsia-90,49.21773364876253,28.44979464092501,2024-06-26T19:15:00Z,0,E1,Temperature,Temperature,Температура,°C,°C,23.50875,null,2024-06-26T19:15:00Z,0,0
90,vinnytsia-90,49.21773364876253,28.44979464092501,2024-06-26T19:15:00Z,0,E2,Humidity,Humidity,Вологість,%,%,56.4395,null,2024-06-26T19:15:00Z,0,0
90,vinnytsia-90,49.21773364876253,28.44979464092501,2024-06-26T19:15:00Z,0,E3,Pressure,Pressure,Атмосферний тиск,Pa,Паскаль,98462.58924999999,null,2024-06-26T19:15:00Z,0,0
256,vinnytsia-256,49.208752495399324,28.528553271164593,2024-06-26T19:35:00Z,0,A4,PM1.0,PM1.0,Пил 1.0 мкм,ug/m3,мкг/м³,3.617,null,2024-06-26T19:35:00Z,0,0
256,vinnytsia-256,49.208752495399324,28.528553271164593,2024-06-26T19:35:00Z,0,A3,PM2.5,PM2.5,Пил 2.5 мкм,ug/m3,мкг/м³,5.2945,null,2024-06-26T19:35:00Z,0,0
256,vinnytsia-256,49.208752495399324,28.528553271164593,2024-06-26T19:35:00Z,0,A2,PM100,PM100,Пил 10 мкм,ug/m3,мкг/м³,12.611,null,2024-06-26T19:35:00Z,0,0
256,vinnytsia-256,49.208752495399324,28.528553271164593,2024-06-26T19:35:00Z,0,E1,Temperature,Temperature,Температура,°C,°C,22.29,null,2024-06-26T19:35:00Z,0,0
256,vinnytsia-256,49.208752495399324,28.528553271164593,2024-06-26T19:35:00Z,0,E2,Humidity,Humidity,Вологість,%,%,58.864250000000006,null,2024-06-26T19:35:00Z,0,0
256,vinnytsia-256,49.208752495399324,28.528553271164593,2024-06-26T19:35:00Z,0,E3,Pressure,Pressure,Атмосферний тиск,Pa,Паскаль,98243.4725,null,2024-06-26T19:35:00Z,0,0
281,vinnytsia-281,49.24192686787152,28.462020923798242,2024-06-26T19:35:00Z,0,A4,PM1.0,PM1.0,Пил 1.0 мкм,ug/m3,мкг/м³,8.41175,null,2024-06-26T19:35:00Z,0,0
281,vinnytsia-281,49.24192686787152,28.462020923798242,2024-06-26T19:35:00Z,0,A3,PM2.5,PM2.5,Пил 2.5 мкм,ug/m3,мкг/м³,12.1865,null,2024-06-26T19:35:00Z,0,0
281,vinnytsia-281,49.24192686787152,28.462020923798242,2024-06-26T19:35:00Z,0,A2,PM100,PM100,Пил 10 мкм,ug/m3,мкг/м³,20.61175,null,2024-06-26T19:35:00Z,0,0
281,vinnytsia-281,49.24192686787152,28.462020923798242,2024-06-26T19:35:00Z,0,E1,Temperature,Temperature,Температура,°C,°C,21.819000000000003,null,2024-06-26T19:35:00Z,0,0
281,vinnytsia-281,49.24192686787152,28.462020923798242,2024-06-26T19:35:00Z,0,E2,Humidity,Humidity,Вологість,%,%,60.33,null,2024-06-26T19:35:00Z,0,0
281,vinnytsia-281,49.24192686787152,28.462020923798242,2024-06-26T19:35:00Z,0,E3,Pressure,Pressure,Атмосферний тиск,Pa,Паскаль,98804.17725,null,2024-06-26T19:35:00Z,0,0
90,vinnytsia-90,49.21773364876253,28.44979464092501,2024-06-26T19:35:00Z,0,A4,PM1.0,PM1.0,Пил 1.0 мкм,ug/m3,мкг/м³,5.34825,null,2024-06-26T19:35:00Z,0,0
90,vinnytsia-90,49.21773364876253,28.44979464092501,2024-06-26T19:35:00Z,0,A3,PM2.5,PM2.5,Пил 2.5 мкм,ug/m3,мкг/м³,7.99,null,2024-06-26T19:35:00Z,0,0
90,vinnytsia-90,49.21773364876253,28.44979464092501,2024-06-26T19:35:00Z,0,A2,PM100,PM100,Пил 10 мкм,ug/m3,мкг/м³,17.3425,null,2024-06-26T19:35:00Z,0,0
90,vinnytsia-90,49.21773364876253,28.44979464092501,2024-06-26T19:35:00Z,0,E1,Temperature,Temperature,Температура,°C,°C,23.155749999999998,null,2024-06-26T19:35:00Z,0,0
90,vinnytsia-90,49.21773364876253,28.44979464092501,2024-06-26T19:35:00Z,0,E2,Humidity,Humidity,Вологість,%,%,59.733,null,2024-06-26T19:35:00Z,0,0
90,vinnytsia-90,49.21773364876253,28.44979464092501,2024-06-26T19:35:00Z,0,E3,Pressure,Pressure,Атмосферний тиск,Pa,Паскаль,98445.84525000001,null,2024-06-26T19:35:00Z,0,0
256,vinnytsia-256,49.208752495399324,28.528553271164593,2024-06-26T19:55:00Z,0,A4,PM1.0,PM1.0,Пил 1.0 мкм,ug/m3,мкг/м³,2.49925,null,2024-06-26T19:55:00Z,0,0
256,vinnytsia-256,49.208752495399324,28.528553271164593,2024-06-26T19:55:00Z,0,A3,PM2.5,PM2.5,Пил 2.5 мкм,ug/m3,мкг/м³,3.605,null,2024-06-26T19:55:00Z,0,0
256,vinnytsia-256,49.208752495399324,28.528553271164593,2024-06-26T19:55:00Z,0,A2,PM100,PM100,Пил 10 мкм,ug/m3,мкг/м³,8.89175,null,2024-06-26T19:55:00Z,0,0
256,vinnytsia-256,49.208752495399324,28.528553271164593,2024-06-26T19:55:00Z,0,E1,Temperature,Temperature,Температура,°C,°C,21.914999999999996,null,2024-06-26T19:55:00Z,0,0
256,vinnytsia-256,49.208752495399324,28.528553271164593,2024-06-26T19:55:00Z,0,E2,Humidity,Humidity,Вологість,%,%,60.16925,null,2024-06-26T19:55:00Z,0,0
256,vinnytsia-256,49.208752495399324,28.528553271164593,2024-06-26T19:55:00Z,0,E3,Pressure,Pressure,Атмосферний тиск,Pa,Паскаль,98254.54025,null,2024-06-26T19:55:00Z,0,0
271,vinnytsia-271,49.236887137498584,28.513305486721826,2024-06-26T19:55:00Z,0,A4,PM1.0,PM1.0,Пил 1.0 мкм,ug/m3,мкг/м³,16.643,null,2024-06-26T19:55:00Z,0,0
271,vinnytsia-271,49.236887137498584,28.513305486721826,2024-06-26T19:55:00Z,0,A3,PM2.5,PM2.5,Пил 2.5 мкм,ug/m3,мкг/м³,22.286,null,2024-06-26T19:55:00Z,0,0
271,vinnytsia-271,49.236887137498584,28.513305486721826,2024-06-26T19:55:00Z,0,A2,PM100,PM100,Пил 10 мкм,ug/m3,мкг/м³,25.571,null,2024-06-26T19:55:00Z,0,0
271,vinnytsia-271,49.236887137498584,28.513305486721826,2024-06-26T19:55:00Z,0,E1,Temperature,Temperature,Температура,°C,°C,20.633,null,2024-06-26T19:55:00Z,0,0
271,vinnytsia-271,49.236887137498584,28.513305486721826,2024-06-26T19:55:00Z,0,E2,Humidity,Humidity,Вологість,%,%,66.272,null,2024-06-26T19:55:00Z,0,0
271,vinnytsia-271,49.236887137498584,28.513305486721826,2024-06-26T19:55:00Z,0,E3,Pressure,Pressure,Атмосферний тиск,Pa,Паскаль,98699.857,null,2024-06-26T19:55:00Z,0,0
281,vinnytsia-281,49.24192686787152,28.462020923798242,2024-06-26T19:55:00Z,0,A4,PM1.0,PM1.0,Пил 1.0 мкм,ug/m3,мкг/м³,7.58725,null,2024-06-26T19:55:00Z,0,0
281,vinnytsia-281,49.24192686787152,28.462020923798242,2024-06-26T19:55:00Z,0,A3,PM2.5,PM2.5,Пил 2.5 мкм,ug/m3,мкг/м³,9.906500000000001,null,2024-06-26T19:55:00Z,0,0
281,vinnytsia-281,49.24192686787152,28.462020923798242,2024-06-26T19:55:00Z,0,A2,PM100,PM100,Пил 10 мкм,ug/m3,мкг/м³,18.9015,null,2024-06-26T19:55:00Z,0,0
281,vinnytsia-281,49.24192686787152,28.462020923798242,2024-06-26T19:55:00Z,0,E1,Temperature,Temperature,Температура,°C,°C,21.1205,null,2024-06-26T19:55:00Z,0,0
281,vinnytsia-281,49.24192686787152,28.462020923798242,2024-06-26T19:55:00Z,0,E2,Humidity,Humidity,Вологість,%,%,63.131,null,2024-06-26T19:55:00Z,0,0
281,vinnytsia-281,49.24192686787152,28.462020923798242,2024-06-26T19:55:00Z,0,E3,Pressure,Pressure,Атмосферний тиск,Pa,Паскаль,98822.06075,null,2024-06-26T19:55:00Z,0,0
90,vinnytsia-90,49.21773364876253,28.44979464092501,2024-06-26T19:55:00Z,0,A4,PM1.0,PM1.0,Пил 1.0 мкм,ug/m3,мкг/м³,6.14975,null,2024-06-26T19:55:00Z,0,0
90,vinnytsia-90,49.21773364876253,28.44979464092501,2024-06-26T19:55:00Z,0,A3,PM2.5,PM2.5,Пил 2.5 мкм,ug/m3,мкг/м³,9.27775,null,2024-06-26T19:55:00Z,0,0
90,vinnytsia-90,49.21773364876253,28.44979464092501,2024-06-26T19:55:00Z,0,A2,PM100,PM100,Пил 10 мкм,ug/m3,мкг/м³,19.9375,null,2024-06-26T19:55:00Z,0,0
90,vinnytsia-90,49.21773364876253,28.44979464092501,2024-06-26T19:55:00Z,0,E1,Temperature,Temperature,Температура,°C,°C,22.49475,null,2024-06-26T19:55:00Z,0,0
90,vinnytsia-90,49.21773364876253,28.44979464092501,2024-06-26T19:55:00Z,0,E2,Humidity,Humidity,Вологість,%,%,61.37675,null,2024-06-26T19:55:00Z,0,0
90,vinnytsia-90,49.21773364876253,28.44979464092501,2024-06-26T19:55:00Z,0,E3,Pressure,Pressure,Атмосферний тиск,Pa,Паскаль,98450.88949999999,null,2024-06-26T19:55:00Z,0,0
256,vinnytsia-256,49.208752495399324,28.528553271164593,2024-06-26T20:15:00Z,0,A4,PM1.0,PM1.0,Пил 1.0 мкм,ug/m3,мкг/м³,2.5372500000000002,null,2024-06-26T20:15:00Z,0,0
256,vinnytsia-256,49.208752495399324,28.528553271164593,2024-06-26T20:15:00Z,0,A3,PM2.5,PM2.5,Пил 2.5 мкм,ug/m3,мкг/м³,3.61325,null,2024-06-26T20:15:00Z,0,0
256,vinnytsia-256,49.208752495399324,28.528553271164593,2024-06-26T20:15:00Z,0,A2,PM100,PM100,Пил 10 мкм,ug/m3,мкг/м³,8.667250000000001,null,2024-06-26T20:15:00Z,0,0
256,vinnytsia-256,49.208752495399324,28.528553271164593,2024-06-26T20:15:00Z,0,E1,Temperature,Temperature,Температура,°C,°C,21.5345,null,2024-06-26T20:15:00Z,0,0
256,vinnytsia-256,49.208752495399324,28.528553271164593,2024-06-26T20:15:00Z,0,E2,Humidity,Humidity,Вологість,%,%,60.737249999999996,null,2024-06-26T20:15:00Z,0,0
256,vinnytsia-256,49.208752495399324,28.528553271164593,2024-06-26T20:15:00Z,0,E3,Pressure,Pressure,Атмосферний тиск,Pa,Паскаль,98255.46975,null,2024-06-26T20:15:00Z,0,0
271,vinnytsia-271,49.236887137498584,28.513305486721826,2024-06-26T20:15:00Z,0,A4,PM1.0,PM1.0,Пил 1.0 мкм,ug/m3,мкг/м³,22.304,null,2024-06-26T20:15:00Z,0,0
271,vinnytsia-271,49.236887137498584,28.513305486721826,2024-06-26T20:15:00Z,0,A3,PM2.5,PM2.5,Пил 2.5 мкм,ug/m3,мкг/м³,35.26725,null,2024-06-26T20:15:00Z,0,0
271,vinnytsia-271,49.236887137498584,28.513305486721826,2024-06-26T20:15:00Z,0,A2,PM100,PM100,Пил 10 мкм,ug/m3,мкг/м³,44.42125,null,2024-06-26T20:15:00Z,0,0
271,vinnytsia-271,49.236887137498584,28.513305486721826,2024-06-26T20:15:00Z,0,E1,Temperature,Temperature,Температура,°C,°C,22.0325,null,2024-06-26T20:15:00Z,0,0
271,vinnytsia-271,49.236887137498584,28.513305486721826,2024-06-26T20:15:00Z,0,E2,Humidity,Humidity,Вологість,%,%,63.60675,null,2024-06-26T20:15:00Z,0,0
271,vinnytsia-271,49.236887137498584,28.513305486721826,2024-06-26T20:15:00Z,0,E3,Pressure,Pressure,Атмосферний тиск,Pa,Паскаль,98713.64875,null,2024-06-26T20:15:00Z,0,0
281,vinnytsia-281,49.24192686787152,28.462020923798242,2024-06-26T20:15:00Z,0,A4,PM1.0,PM1.0,Пил 1.0 мкм,ug/m3,мкг/м³,9.16725,null,2024-06-26T20:15:00Z,0,0
281,vinnytsia-281,49.24192686787152,28.462020923798242,2024-06-26T20:15:00Z,0,A3,PM2.5,PM2.5,Пил 2.5 мкм,ug/m3,мкг/м³,12.12775,null,2024-06-26T20:15:00Z,0,0
281,vinnytsia-281,49.24192686787152,28.462020923798242,2024-06-26T20:15:00Z,0,A2,PM100,PM100,Пил 10 мкм,ug/m3,мкг/м³,19.15975,null,2024-06-26T20:15:00Z,0,0
281,vinnytsia-281,49.24192686787152,28.462020923798242,2024-06-26T20:15:00Z,0,E1,Temperature,Temperature,Температура,°C,°C,20.576249999999998,null,2024-06-26T20:15:00Z,0,0
281,vinnytsia-281,49.24192686787152,28.462020923798242,2024-06-26T20:15:00Z,0,E2,Humidity,Humidity,Вологість,%,%,65.643,null,2024-06-26T20:15:00Z,0,0
281,vinnytsia-281,49.24192686787152,28.462020923798242,2024-06-26T20:15:00Z,0,E3,Pressure,Pressure,Атмосферний тиск,Pa,Паскаль,98842.59125,null,2024-06-26T20:15:00Z,0,0
315,vinnytsia-315,49.2436875857327,28.496432230155264,2024-06-26T20:15:00Z,0,A4,PM1.0,PM1.0,Пил 1.0 мкм,ug/m3,мкг/м³,12.0475,null,2024-06-26T20:15:00Z,0,0
315,vinnytsia-315,49.2436875857327,28.496432230155264,2024-06-26T20:15:00Z,0,A3,PM2.5,PM2.5,Пил 2.5 мкм,ug/m3,мкг/м³,15.480749999999999,null,2024-06-26T20:15:00Z,0,0
315,vinnytsia-315,49.2436875857327,28.496432230155264,2024-06-26T20:15:00Z,0,A2,PM100,PM100,Пил 10 мкм,ug/m3,мкг/м³,23.853,null,2024-06-26T20:15:00Z,0,0
315,vinnytsia-315,49.2436875857327,28.496432230155264,2024-06-26T20:15:00Z,0,E1,Temperature,Temperature,Температура,°C,°C,21.4225,null,2024-06-26T20:15:00Z,0,0
315,vinnytsia-315,49.2436875857327,28.496432230155264,2024-06-26T20:15:00Z,0,E2,Humidity,Humidity,Вологість,%,%,63.681999999999995,null,2024-06-26T20:15:00Z,0,0
315,vinnytsia-315,49.2436875857327,28.496432230155264,2024-06-26T20:15:00Z,0,E3,Pressure,Pressure,Атмосферний тиск,Pa,Паскаль,null,null,2024-06-26T20:15:00Z,0,0
90,vinnytsia-90,49.21773364876253,28.44979464092501,2024-06-26T20:15:00Z,0,A4,PM1.0,PM1.0,Пил 1.0 мкм,ug/m3,мкг/м³,5.5235,null,2024-06-26T20:15:00Z,0,0
90,vinnytsia-90,49.21773364876253,28.44979464092501,2024-06-26T20:15:00Z,0,A3,PM2.5,PM2.5,Пил 2.5 мкм,ug/m3,мкг/м³,8.478750000000002,null,2024-06-26T20:15:00Z,0,0
90,vinnytsia-90,49.21773364876253,28.44979464092501,2024-06-26T20:15:00Z,0,A2,PM100,PM100,Пил 10 мкм,ug/m3,мкг/м³,18.87225,null,2024-06-26T20:15:00Z,0,0
90,vinnytsia-90,49.21773364876253,28.44979464092501,2024-06-26T20:15:00Z,0,E1,Temperature,Temperature,Температура,°C,°C,21.7675,null,2024-06-26T20:15:00Z,0,0
90,vinnytsia-90,49.21773364876253,28.44979464092501,2024-06-26T20:15:00Z,0,E2,Humidity,Humidity,Вологість,%,%,64.09774999999999,null,2024-06-26T20:15:00Z,0,0
90,vinnytsia-90,49.21773364876253,28.44979464092501,2024-06-26T20:15:00Z,0,E3,Pressure,Pressure,Атмосферний тиск,Pa,Паскаль,98460.72624999999,null,2024-06-26T20:15:00Z,0,0
256,vinnytsia-256,49.208752495399324,28.528553271164593,2024-06-26T20:35:00Z,0,A4,PM1.0,PM1.0,Пил 1.0 мкм,ug/m3,мкг/м³,2.49375,null,2024-06-26T20:35:00Z,0,0
256,vinnytsia-256,49.208752495399324,28.528553271164593,2024-06-26T20:35:00Z,0,A3,PM2.5,PM2.5,Пил 2.5 мкм,ug/m3,мкг/м³,3.54,null,2024-06-26T20:35:00Z,0,0
256,vinnytsia-256,49.208752495399324,28.528553271164593,2024-06-26T20:35:00Z,0,A2,PM100,PM100,Пил 10 мкм,ug/m3,мкг/м³,8.536000000000001,null,2024-06-26T20:35:00Z,0,0
256,vinnytsia-256,49.208752495399324,28.528553271164593,2024-06-26T20:35:00Z,0,E1,Temperature,Temperature,Температура,°C,°C,21.23675,null,2024-06-26T20:35:00Z,0,0
256,vinnytsia-256,49.208752495399324,28.528553271164593,2024-06-26T20:35:00Z,0,E2,Humidity,Humidity,Вологість,%,%,60.621,null,2024-06-26T20:35:00Z,0,0
256,vinnytsia-256,49.208752495399324,28.528553271164593,2024-06-26T20:35:00Z,0,E3,Pressure,Pressure,Атмосферний тиск,Pa,Паскаль,98245.918,null,2024-06-26T20:35:00Z,0,0
271,vinnytsia-271,49.236887137498584,28.513305486721826,2024-06-26T20:35:00Z,0,A4,PM1.0,PM1.0,Пил 1.0 мкм,ug/m3,мкг/м³,8.9955,null,2024-06-26T20:35:00Z,0,0
271,vinnytsia-271,49.236887137498584,28.513305486721826,2024-06-26T20:35:00Z,0,A3,PM2.5,PM2.5,Пил 2.5 мкм,ug/m3,мкг/м³,13.29375,null,2024-06-26T20:35:00Z,0,0
271,vinnytsia-271,49.236887137498584,28.513305486721826,2024-06-26T20:35:00Z,0,A2,PM100,PM100,Пил 10 мкм,ug/m3,мкг/м³,26.188,null,2024-06-26T20:35:00Z,0,0
271,vinnytsia-271,49.236887137498584,28.513305486721826,2024-06-26T20:35:00Z,0,E1,Temperature,Temperature,Температура,°C,°C,21.95875,null,2024-06-26T20:35:00Z,0,0
271,vinnytsia-271,49.236887137498584,28.513305486721826,2024-06-26T20:35:00Z,0,E2,Humidity,Humidity,Вологість,%,%,64.40575,null,2024-06-26T20:35:00Z,0,0
271,vinnytsia-271,49.236887137498584,28.513305486721826,2024-06-26T20:35:00Z,0,E3,Pressure,Pressure,Атмосферний тиск,Pa,Паскаль,98698.071,null,2024-06-26T20:35:00Z,0,0
281,vinnytsia-281,49.24192686787152,28.462020923798242,2024-06-26T20:35:00Z,0,A4,PM1.0,PM1.0,Пил 1.0 мкм,ug/m3,мкг/м³,8.417250000000001,null,2024-06-26T20:35:00Z,0,0
281,vinnytsia-281,49.24192686787152,28.462020923798242,2024-06-26T20:35:00Z,0,A3,PM2.5,PM2.5,Пил 2.5 мкм,ug/m3,мкг/м³,11.428,null,2024-06-26T20:35:00Z,0,0
281,vinnytsia-281,49.24192686787152,28.462020923798242,2024-06-26T20:35:00Z,0,A2,PM100,PM100,Пил 10 мкм,ug/m3,мкг/м³,19.62725,null,2024-06-26T20:35:00Z,0,0
281,vinnytsia-281,49.24192686787152,28.462020923798242,2024-06-26T20:35:00Z,0,E1,Temperature,Temperature,Температура,°C,°C,20.49175,null,2024-06-26T20:35:00Z,0,0
281,vinnytsia-281,49.24192686787152,28.462020923798242,2024-06-26T20:35:00Z,0,E2,Humidity,Humidity,Вологість,%,%,66.50075,null,2024-06-26T20:35:00Z,0,0
281,vinnytsia-281,49.24192686787152,28.462020923798242,2024-06-26T20:35:00Z,0,E3,Pressure,Pressure,Атмосферний тиск,Pa,Паскаль,98838.87525,null,2024-06-26T20:35:00Z,0,0
315,vinnytsia-315,49.2436875857327,28.496432230155264,2024-06-26T20:35:00Z,0,A4,PM1.0,PM1.0,Пил 1.0 мкм,ug/m3,мкг/м³,10.91875,null,2024-06-26T20:35:00Z,0,0
315,vinnytsia-315,49.2436875857327,28.496432230155264,2024-06-26T20:35:00Z,0,A3,PM2.5,PM2.5,Пил 2.5 мкм,ug/m3,мкг/м³,13.80725,null,2024-06-26T20:35:00Z,0,0
315,vinnytsia-315,49.2436875857327,28.496432230155264,2024-06-26T20:35:00Z,0,A2,PM100,PM100,Пил 10 мкм,ug/m3,мкг/м³,20.76575,null,2024-06-26T20:35:00Z,0,0
315,vinnytsia-315,49.2436875857327,28.496432230155264,2024-06-26T20:35:00Z,0,E1,Temperature,Temperature,Температура,°C,°C,21.02825,null,2024-06-26T20:35:00Z,0,0
315,vinnytsia-315,49.2436875857327,28.496432230155264,2024-06-26T20:35:00Z,0,E2,Humidity,Humidity,Вологість,%,%,66.495,null,2024-06-26T20:35:00Z,0,0
315,vinnytsia-315,49.2436875857327,28.496432230155264,2024-06-26T20:35:00Z,0,E3,Pressure,Pressure,Атмосферний тиск,Pa,Паскаль,null,null,2024-06-26T20:35:00Z,0,0
90,vinnytsia-90,49.21773364876253,28.44979464092501,2024-06-26T20:35:00Z,0,A4,PM1.0,PM1.0,Пил 1.0 мкм,ug/m3,мкг/м³,5.481249999999999,null,2024-06-26T20:35:00Z,0,0
90,vinnytsia-90,49.21773364876253,28.44979464092501,2024-06-26T20:35:00Z,0,A3,PM2.5,PM2.5,Пил 2.5 мкм,ug/m3,мкг/м³,9.10425,null,2024-06-26T20:35:00Z,0,0
90,vinnytsia-90,49.21773364876253,28.44979464092501,2024-06-26T20:35:00Z,0,A2,PM100,PM100,Пил 10 мкм,ug/m3,мкг/м³,21.33025,null,2024-06-26T20:35:00Z,0,0
90,vinnytsia-90,49.21773364876253,28.44979464092501,2024-06-26T20:35:00Z,0,E1,Temperature,Temperature,Температура,°C,°C,21.4845,null,2024-06-26T20:35:00Z,0,0
90,vinnytsia-90,49.21773364876253,28.44979464092501,2024-06-26T20:35:00Z,0,E2,Humidity,Humidity,Вологість,%,%,67.83975000000001,null,2024-06-26T20:35:00Z,0,0
90,vinnytsia-90,49.21773364876253,28.44979464092501,2024-06-26T20:35:00Z,0,E3,Pressure,Pressure,Атмосферний тиск,Pa,Паскаль,98444.8505,null,2024-06-26T20:35:00Z,0,0
256,vinnytsia-256,49.208752495399324,28.528553271164593,2024-06-26T20:55:00Z,0,A4,PM1.0,PM1.0,Пил 1.0 мкм,ug/m3,мкг/м³,2.7135,null,2024-06-26T20:55:00Z,0,0
256,vinnytsia-256,49.208752495399324,28.528553271164593,2024-06-26T20:55:00Z,0,A3,PM2.5,PM2.5,Пил 2.5 мкм,ug/m3,мкг/м³,3.99275,null,2024-06-26T20:55:00Z,0,0
256,vinnytsia-256,49.208752495399324,28.528553271164593,2024-06-26T20:55:00Z,0,A2,PM100,PM100,Пил 10 мкм,ug/m3,мкг/м³,9.8545,null,2024-06-26T20:55:00Z,0,0
256,vinnytsia-256,49.208752495399324,28.528553271164593,2024-06-26T20:55:00Z,0,E1,Temperature,Temperature,Температура,°C,°C,20.97,null,2024-06-26T20:55:00Z,0,0
256,vinnytsia-256,49.208752495399324,28.528553271164593,2024-06-26T20:55:00Z,0,E2,Humidity,Humidity,Вологість,%,%,59.111000000000004,null,2024-06-26T20:55:00Z,0,0
256,vinnytsia-256,49.208752495399324,28.528553271164593,2024-06-26T20:55:00Z,0,E3,Pressure,Pressure,Атмосферний тиск,Pa,Паскаль,98245.84924999998,null,2024-06-26T20:55:00Z,0,0
271,vinnytsia-271,49.236887137498584,28.513305486721826,2024-06-26T20:55:00Z,0,A4,PM1.0,PM1.0,Пил 1.0 мкм,ug/m3,мкг/м³,9.01975,null,2024-06-26T20:55:00Z,0,0
271,vinnytsia-271,49.236887137498584,28.513305486721826,2024-06-26T20:55:00Z,0,A3,PM2.5,PM2.5,Пил 2.5 мкм,ug/m3,мкг/м³,13.28025,null,2024-06-26T20:55:00Z,0,0
271,vinnytsia-271,49.236887137498584,28.513305486721826,2024-06-26T20:55:00Z,0,A2,PM100,PM100,Пил 10 мкм,ug/m3,мкг/м³,25.843,null,2024-06-26T20:55:00Z,0,0
271,vinnytsia-271,49.236887137498584,28.513305486721826,2024-06-26T20:55:00Z,0,E1,Temperature,Temperature,Температура,°C,°C,21.6865,null,2024-06-26T20:55:00Z,0,0
271,vinnytsia-271,49.236887137498584,28.513305486721826,2024-06-26T20:55:00Z,0,E2,Humidity,Humidity,Вологість,%,%,65.077,null,2024-06-26T20:55:00Z,0,0
271,vinnytsia-271,49.236887137498584,28.513305486721826,2024-06-26T20:55:00Z,0,E3,Pressure,Pressure,Атмосферний тиск,Pa,Паскаль,98699.87774999999,null,2024-06-26T20:55:00Z,0,0
281,vinnytsia-281,49.24192686787152,28.462020923798242,2024-06-26T20:55:00Z,0,A4,PM1.0,PM1.0,Пил 1.0 мкм,ug/m3,мкг/м³,7.67875,null,2024-06-26T20:55:00Z,0,0
281,vinnytsia-281,49.24192686787152,28.462020923798242,2024-06-26T20:55:00Z,0,A3,PM2.5,PM2.5,Пил 2.5 мкм,ug/m3,мкг/м³,9.734,null,2024-06-26T20:55:00Z,0,0
281,vinnytsia-281,49.24192686787152,28.462020923798242,2024-06-26T20:55:00Z,0,A2,PM100,PM100,Пил 10 мкм,ug/m3,мкг/м³,17.61025,null,2024-06-26T20:55:00Z,0,0
281,vinnytsia-281,49.24192686787152,28.462020923798242,2024-06-26T20:55:00Z,0,E1,Temperature,Temperature,Температура,°C,°C,19.924,null,2024-06-26T20:55:00Z,0,0
281,vinnytsia-281,49.24192686787152,28.462020923798242,2024-06-26T20:55:00Z,0,E2,Humidity,Humidity,Вологість,%,%,69.089,null,2024-06-26T20:55:00Z,0,0
281,vinnytsia-281,49.24192686787152,28.462020923798242,2024-06-26T20:55:00Z,0,E3,Pressure,Pressure,Атмосферний тиск,Pa,Паскаль,98851.78725,null,2024-06-26T20:55:00Z,0,0
315,vinnytsia-315,49.2436875857327,28.496432230155264,2024-06-26T20:55:00Z,0,A4,PM1.0,PM1.0,Пил 1.0 мкм,ug/m3,мкг/м³,10.82225,null,2024-06-26T20:55:00Z,0,0
315,vinnytsia-315,49.2436875857327,28.496432230155264,2024-06-26T20:55:00Z,0,A3,PM2.5,PM2.5,Пил 2.5 мкм,ug/m3,мкг/м³,13.549499999999998,null,2024-06-26T20:55:00Z,0,0
315,vinnytsia-315,49.2436875857327,28.496432230155264,2024-06-26T20:55:00Z,0,A2,PM100,PM100,Пил 10 мкм,ug/m3,мкг/м³,20.30425,null,2024-06-26T20:55:00Z,0,0
315,vinnytsia-315,49.2436875857327,28.496432230155264,2024-06-26T20:55:00Z,0,E1,Temperature,Temperature,Температура,°C,°C,20.724,null,2024-06-26T20:55:00Z,0,0
315,vinnytsia-315,49.2436875857327,28.496432230155264,2024-06-26T20:55:00Z,0,E2,Humidity,Humidity,Вологість,%,%,68.704,null,2024-06-26T20:55:00Z,0,0
315,vinnytsia-315,49.2436875857327,28.496432230155264,2024-06-26T20:55:00Z,0,E3,Pressure,Pressure,Атмосферний тиск,Pa,Паскаль,null,null,2024-06-26T20:55:00Z,0,0
90,vinnytsia-90,49.21773364876253,28.44979464092501,2024-06-26T20:55:00Z,0,A4,PM1.0,PM1.0,Пил 1.0 мкм,ug/m3,мкг/м³,6.139749999999999,null,2024-06-26T20:55:00Z,0,0
90,vinnytsia-90,49.21773364876253,28.44979464092501,2024-06-26T20:55:00Z,0,A3,PM2.5,PM2.5,Пил 2.5 мкм,ug/m3,мкг/м³,10.5605,null,2024-06-26T20:55:00Z,0,0
90,vinnytsia-90,49.21773364876253,28.44979464092501,2024-06-26T20:55:00Z,0,A2,PM100,PM100,Пил 10 мкм,ug/m3,мкг/м³,24.182750000000002,null,2024-06-26T20:55:00Z,0,0
90,vinnytsia-90,49.21773364876253,28.44979464092501,2024-06-26T20:55:00Z,0,E1,Temperature,Temperature,Температура,°C,°C,21.425,null,2024-06-26T20:55:00Z,0,0
90,vinnytsia-90,49.21773364876253,28.44979464092501,2024-06-26T20:55:00Z,0,E2,Humidity,Humidity,Вологість,%,%,67.75525,null,2024-06-26T20:55:00Z,0,0
90,vinnytsia-90,49.21773364876253,28.44979464092501,2024-06-26T20:55:00Z,0,E3,Pressure,Pressure,Атмосферний тиск,Pa,Паскаль,98440.18675,null,2024-06-26T20:55:00Z,0,0
256,vinnytsia-256,49.208752495399324,28.528553271164593,2024-06-26T21:15:00Z,0,A4,PM1.0,PM1.0,Пил 1.0 мкм,ug/m3,мкг/м³,2.854,null,2024-06-26T21:15:00Z,0,0
256,vinnytsia-256,49.208752495399324,28.528553271164593,2024-06-26T21:15:00Z,0,A3,PM2.5,PM2.5,Пил 2.5 мкм,ug/m3,мкг/м³,4.0329999999999995,null,2024-06-26T21:15:00Z,0,0
256,vinnytsia-256,49.208752495399324,28.528553271164593,2024-06-26T21:15:00Z,0,A2,PM100,PM100,Пил 10 мкм,ug/m3,мкг/м³,9.605,null,2024-06-26T21:15:00Z,0,0
256,vinnytsia-256,49.208752495399324,28.528553271164593,2024-06-26T21:15:00Z,0,E1,Temperature,Temperature,Температура,°C,°C,20.933,null,2024-06-26T21:15:00Z,0,0
256,vinnytsia-256,49.208752495399324,28.528553271164593,2024-06-26T21:15:00Z,0,E2,Humidity,Humidity,Вологість,%,%,59.4925,null,2024-06-26T21:15:00Z,0,0
256,vinnytsia-256,49.208752495399324,28.528553271164593,2024-06-26T21:15:00Z,0,E3,Pressure,Pressure,Атмосферний тиск,Pa,Паскаль,98238.0265,null,2024-06-26T21:15:00Z,0,0
271,vinnytsia-271,49.236887137498584,28.513305486721826,2024-06-26T21:15:00Z,0,A4,PM1.0,PM1.0,Пил 1.0 мкм,ug/m3,мкг/м³,8.7855,null,2024-06-26T21:15:00Z,0,0
271,vinnytsia-271,49.236887137498584,28.513305486721826,2024-06-26T21:15:00Z,0,A3,PM2.5,PM2.5,Пил 2.5 мкм,ug/m3,мкг/м³,13.3085,null,2024-06-26T21:15:00Z,0,0
271,vinnytsia-271,49.236887137498584,28.513305486721826,2024-06-26T21:15:00Z,0,A2,PM100,PM100,Пил 10 мкм,ug/m3,мкг/м³,26.30475,null,2024-06-26T21:15:00Z,0,0
271,vinnytsia-271,49.236887137498584,28.513305486721826,2024-06-26T21:15:00Z,0,E1,Temperature,Temperature,Температура,°C,°C,21.400750000000002,null,2024-06-26T21:15:00Z,0,0
271,vinnytsia-271,49.236887137498584,28.513305486721826,2024-06-26T21:15:00Z,0,E2,Humidity,Humidity,Вологість,%,%,66.01725,null,2024-06-26T21:15:00Z,0,0
271,vinnytsia-271,49.236887137498584,28.513305486721826,2024-06-26T21:15:00Z,0,E3,Pressure,Pressure,Атмосферний тиск,Pa,Паскаль,98692.34575,null,2024-06-26T21:15:00Z,0,0
281,vinnytsia-281,49.24192686787152,28.462020923798242,2024-06-26T21:15:00Z,0,A4,PM1.0,PM1.0,Пил 1.0 мкм,ug/m3,мкг/м³,5.5625,null,2024-06-26T21:15:00Z,0,0
281,vinnytsia-281,49.24192686787152,28.462020923798242,2024-06-26T21:15:00Z,0,A3,PM2.5,PM2.5,Пил 2.5 мкм,ug/m3,мкг/м³,6.92825,null,2024-06-26T21:15:00Z,0,0
281,vinnytsia-281,49.24192686787152,28.462020923798242,2024-06-26T21:15:00Z,0,A2,PM100,PM100,Пил 10 мкм,ug/m3,мкг/м³,12.722999999999999,null,2024-06-26T21:15:00Z,0,0
281,vinnytsia-281,49.24192686787152,28.462020923798242,2024-06-26T21:15:00Z,0,E1,Temperature,Temperature,Температура,°C,°C,19.56575,null,2024-06-26T21:15:00Z,0,0
281,vinnytsia-281,49.24192686787152,28.462020923798242,2024-06-26T21:15:00Z,0,E2,Humidity,Humidity,Вологість,%,%,69.791,null,2024-06-26T21:15:00Z,0,0
281,vinnytsia-281,49.24192686787152,28.462020923798242,2024-06-26T21:15:00Z,0,E3,Pressure,Pressure,Атмосферний тиск,Pa,Паскаль,98852.1145,null,2024-06-26T21:15:00Z,0,0
90,vinnytsia-90,49.21773364876253,28.44979464092501,2024-06-26T21:15:00Z,0,A4,PM1.0,PM1.0,Пил 1.0 мкм,ug/m3,мкг/м³,6.573250000000001,null,2024-06-26T21:15:00Z,0,0
90,vinnytsia-90,49.21773364876253,28.44979464092501,2024-06-26T21:15:00Z,0,A3,PM2.5,PM2.5,Пил 2.5 мкм,ug/m3,мкг/м³,11.645249999999999,null,2024-06-26T21:15:00Z,0,0
90,vinnytsia-90,49.21773364876253,28.44979464092501,2024-06-26T21:15:00Z,0,A2,PM100,PM100,Пил 10 мкм,ug/m3,мкг/м³,26.476,null,2024-06-26T21:15:00Z,0,0
90,vinnytsia-90,49.21773364876253,28.44979464092501,2024-06-26T21:15:00Z,0,E1,Temperature,Temperature,Температура,°C,°C,21.5195,null,2024-06-26T21:15:00Z,0,0
90,vinnytsia-90,49.21773364876253,28.44979464092501,2024-06-26T21:15:00Z,0,E2,Humidity,Humidity,Вологість,%,%,67.79525,null,2024-06-26T21:15:00Z,0,0
90,vinnytsia-90,49.21773364876253,28.44979464092501,2024-06-26T21:15:00Z,0,E3,Pressure,Pressure,Атмосферний тиск,Pa,Паскаль,98433.58475,null,2024-06-26T21:15:00Z,0,0
256,vinnytsia-256,49.208752495399324,28.528553271164593,2024-06-26T21:35:00Z,0,A4,PM1.0,PM1.0,Пил 1.0 мкм,ug/m3,мкг/м³,2.39125,null,2024-06-26T21:35:00Z,0,0
256,vinnytsia-256,49.208752495399324,28.528553271164593,2024-06-26T21:35:00Z,0,A3,PM2.5,PM2.5,Пил 2.5 мкм,ug/m3,мкг/м³,3.4845,null,2024-06-26T21:35:00Z,0,0
256,vinnytsia-256,49.208752495399324,28.528553271164593,2024-06-26T21:35:00Z,0,A2,PM100,PM100,Пил 10 мкм,ug/m3,мкг/м³,8.509,null,2024-06-26T21:35:00Z,0,0
256,vinnytsia-256,49.208752495399324,28.528553271164593,2024-06-26T21:35:00Z,0,E1,Temperature,Temperature,Температура,°C,°C,20.82425,null,2024-06-26T21:35:00Z,0,0
256,vinnytsia-256,49.208752495399324,28.528553271164593,2024-06-26T21:35:00Z,0,E2,Humidity,Humidity,Вологість,%,%,59.192,null,2024-06-26T21:35:00Z,0,0
256,vinnytsia-256,49.208752495399324,28.528553271164593,2024-06-26T21:35:00Z,0,E3,Pressure,Pressure,Атмосферний тиск,Pa,Паскаль,98235.59,null,2024-06-26T21:35:00Z,0,0
271,vinnytsia-271,49.236887137498584,28.513305486721826,2024-06-26T21:35:00Z,0,A4,PM1.0,PM1.0,Пил 1.0 мкм,ug/m3,мкг/м³,10.182500000000001,null,2024-06-26T21:35:00Z,0,0
271,vinnytsia-271,49.236887137498584,28.513305486721826,2024-06-26T21:35:00Z,0,A3,PM2.5,PM2.5,Пил 2.5 мкм,ug/m3,мкг/м³,14.71375,null,2024-06-26T21:35:00Z,0,0
271,vinnytsia-271,49.236887137498584,28.513305486721826,2024-06-26T21:35:00Z,0,A2,PM100,PM100,Пил 10 мкм,ug/m3,мкг/м³,27.2925,null,2024-06-26T21:35:00Z,0,0
271,vinnytsia-271,49.236887137498584,28.513305486721826,2024-06-26T21:35:00Z,0,E1,Temperature,Temperature,Температура,°C,°C,21.273,null,2024-06-26T21:35:00Z,0,0
271,vinnytsia-271,49.236887137498584,28.513305486721826,2024-06-26T21:35:00Z,0,E2,Humidity,Humidity,Вологість,%,%,64.67974999999998,null,2024-06-26T21:35:00Z,0,0
271,vinnytsia-271,49.236887137498584,28.513305486721826,2024-06-26T21:35:00Z,0,E3,Pressure,Pressure,Атмосферний тиск,Pa,Паскаль,98689.11149999998,null,2024-06-26T21:35:00Z,0,0
281,vinnytsia-281,49.24192686787152,28.462020923798242,2024-06-26T21:35:00Z,0,A4,PM1.0,PM1.0,Пил 1.0 мкм,ug/m3,мкг/м³,5.05025,null,2024-06-26T21:35:00Z,0,0
281,vinnytsia-281,49.24192686787152,28.462020923798242,2024-06-26T21:35:00Z,0,A3,PM2.5,PM2.5,Пил 2.5 мкм,ug/m3,мкг/м³,6.592499999999999,null,2024-06-26T21:35:00Z,0,0
281,vinnytsia-281,49.24192686787152,28.462020923798242,2024-06-26T21:35:00Z,0,A2,PM100,PM100,Пил 10 мкм,ug/m3,мкг/м³,12.68525,null,2024-06-26T21:35:00Z,0,0
281,vinnytsia-281,49.24192686787152,28.462020923798242,2024-06-26T21:35:00Z,0,E1,Temperature,Temperature,Температура,°C,°C,19.0325,null,2024-06-26T21:35:00Z,0,0
281,vinnytsia-281,49.24192686787152,28.462020923798242,2024-06-26T21:35:00Z,0,E2,Humidity,Humidity,Вологість,%,%,71.79375,null,2024-06-26T21:35:00Z,0,0
281,vinnytsia-281,49.24192686787152,28.462020923798242,2024-06-26T21:35:00Z,0,E3,Pressure,Pressure,Атмосферний тиск,Pa,Паскаль,98864.5795,null,2024-06-26T21:35:00Z,0,0
90,vinnytsia-90,49.21773364876253,28.44979464092501,2024-06-26T21:35:00Z,0,A4,PM1.0,PM1.0,Пил 1.0 мкм,ug/m3,мкг/м³,8.32525,null,2024-06-26T21:35:00Z,0,0
90,vinnytsia-90,49.21773364876253,28.44979464092501,2024-06-26T21:35:00Z,0,A3,PM2.5,PM2.5,Пил 2.5 мкм,ug/m3,мкг/м³,13.37625,null,2024-06-26T21:35:00Z,0,0
90,vinnytsia-90,49.21773364876253,28.44979464092501,2024-06-26T21:35:00Z,0,A2,PM100,PM100,Пил 10 мкм,ug/m3,мкг/м³,27.020249999999997,null,2024-06-26T21:35:00Z,0,0
90,vinnytsia-90,49.21773364876253,28.44979464092501,2024-06-26T21:35:00Z,0,E1,Temperature,Temperature,Температура,°C,°C,21.27125,null,2024-06-26T21:35:00Z,0,0
90,vinnytsia-90,49.21773364876253,28.44979464092501,2024-06-26T21:35:00Z,0,E2,Humidity,Humidity,Вологість,%,%,68.458,null,2024-06-26T21:35:00Z,0,0
90,vinnytsia-90,49.21773364876253,28.44979464092501,2024-06-26T21:35:00Z,0,E3,Pressure,Pressure,Атмосферний тиск,Pa,Паскаль,98437.6655,null,2024-06-26T21:35:00Z,0,0
